# Blender 5.1.1
# www.blender.org
mtllib obj.mtl
o Utah_Teapot
v -0.462891 0.251046 -0.000000
v -0.462855 0.248634 0.024609
v -0.462761 0.242275 0.042187
v -0.462628 0.233284 0.052734
v -0.462476 0.222977 0.056250
v -0.462323 0.212670 0.052734
v -0.462190 0.203678 0.042187
v -0.462096 0.197319 0.024609
v -0.462061 0.194906 -0.000000
v -0.539062 0.249509 -0.000000
v -0.538105 0.247129 0.024609
v -0.535583 0.240857 0.042187
v -0.532018 0.231989 0.052734
v -0.527929 0.221823 0.056250
v -0.523842 0.211657 0.052734
v -0.520276 0.202789 0.042187
v -0.517753 0.196517 0.024609
v -0.516797 0.194137 -0.000000
v -0.603516 0.245334 -0.000000
v -0.601814 0.243044 0.024609
v -0.597328 0.237008 0.042187
v -0.590986 0.228475 0.052734
v -0.583715 0.218692 0.056250
v -0.576446 0.208909 0.052734
v -0.570104 0.200376 0.042187
v -0.565618 0.194340 0.024609
v -0.563916 0.192050 -0.000000
v -0.656250 0.237204 -0.000000
v -0.653967 0.235089 0.024609
v -0.647950 0.229513 0.042187
v -0.639441 0.221631 0.052734
v -0.629687 0.212595 0.056250
v -0.619934 0.203558 0.052734
v -0.611426 0.195676 0.042187
v -0.605408 0.190100 0.024609
v -0.603125 0.187985 -0.000000
v -0.697266 0.223800 -0.000000
v -0.694553 0.221973 0.024609
v -0.687401 0.217157 0.042187
v -0.677289 0.210348 0.052734
v -0.665698 0.202542 0.056250
v -0.654107 0.194736 0.052734
v -0.643996 0.187927 0.042187
v -0.636844 0.183110 0.024609
v -0.634131 0.181283 -0.000000
v -0.726562 0.203805 -0.000000
v -0.723558 0.202408 0.024609
v -0.715638 0.198724 0.042187
v -0.704439 0.193516 0.052734
v -0.691602 0.187545 0.056250
v -0.678764 0.181575 0.052734
v -0.667566 0.176367 0.042187
v -0.659645 0.172683 0.024609
v -0.656641 0.171286 -0.000000
v -0.744141 0.175900 -0.000000
v -0.740970 0.175102 0.024609
v -0.732612 0.172999 0.042187
v -0.720797 0.170026 0.052734
v -0.707251 0.166617 0.056250
v -0.693705 0.163208 0.052734
v -0.681889 0.160234 0.042187
v -0.673531 0.158131 0.024609
v -0.670361 0.157333 -0.000000
v -0.750000 0.138766 -0.000000
v -0.746777 0.138766 0.024609
v -0.738281 0.138766 0.042187
v -0.726269 0.138766 0.052734
v -0.712500 0.138766 0.056250
v -0.698731 0.138766 0.052734
v -0.686719 0.138766 0.042187
v -0.678223 0.138766 0.024609
v -0.675000 0.138766 -0.000000
v -0.400604 0.251202 -0.000000
v -0.399220 0.248792 0.024609
v -0.401067 0.242424 0.042187
v -0.404278 0.236453 0.049177
v -0.405948 0.233415 0.052734
v -0.412946 0.223085 0.056250
v -0.420933 0.212755 0.052734
v -0.427902 0.204331 0.042876
v -0.428346 0.203743 0.042187
v -0.434121 0.197370 0.024609
v -0.438165 0.194949 -0.000000
v -0.394895 0.251863 -0.000000
v -0.391374 0.254359 -0.000000
v -0.388861 0.259528 -0.000000
v -0.393558 0.249371 0.024970
v -0.390069 0.251720 0.025774
v -0.387552 0.256620 0.027288
v -0.395419 0.242560 0.043108
v -0.391941 0.244316 0.044929
v -0.389446 0.248267 0.048253
v -0.398589 0.235923 0.050380
v -0.395070 0.236850 0.052822
v -0.392668 0.239584 0.057333
v -0.400134 0.232541 0.054027
v -0.396583 0.233073 0.056819
v -0.394242 0.235188 0.061940
v -0.406749 0.220931 0.057201
v -0.403082 0.219653 0.060501
v -0.401217 0.219023 0.066821
v -0.414088 0.209878 0.052702
v -0.410238 0.206637 0.055719
v -0.409149 0.202856 0.061999
v -0.420375 0.201588 0.042148
v -0.416342 0.196931 0.044287
v -0.416051 0.190622 0.049219
v -0.420767 0.201018 0.041441
v -0.416735 0.196259 0.043522
v -0.416505 0.189777 0.048334
v -0.425988 0.195091 0.023962
v -0.421819 0.189535 0.024908
v -0.422196 0.181452 0.027347
v -0.429822 0.192864 -0.000000
v -0.425583 0.187106 -0.000000
v -0.426147 0.178560 -0.000000
v -0.462855 0.248634 -0.024610
v -0.462761 0.242275 -0.042188
v -0.462628 0.233284 -0.052735
v -0.462476 0.222977 -0.056250
v -0.462323 0.212670 -0.052735
v -0.462190 0.203678 -0.042188
v -0.462096 0.197319 -0.024610
v -0.538105 0.247129 -0.024610
v -0.535583 0.240857 -0.042188
v -0.532018 0.231989 -0.052735
v -0.527929 0.221823 -0.056250
v -0.523842 0.211657 -0.052735
v -0.520276 0.202789 -0.042188
v -0.517753 0.196517 -0.024610
v -0.601814 0.243044 -0.024610
v -0.597328 0.237008 -0.042188
v -0.590986 0.228475 -0.052735
v -0.583715 0.218692 -0.056250
v -0.576446 0.208909 -0.052735
v -0.570104 0.200376 -0.042188
v -0.565618 0.194340 -0.024610
v -0.653967 0.235089 -0.024610
v -0.647950 0.229513 -0.042188
v -0.639441 0.221631 -0.052735
v -0.629687 0.212595 -0.056250
v -0.619934 0.203558 -0.052735
v -0.611426 0.195676 -0.042188
v -0.605408 0.190100 -0.024610
v -0.694553 0.221973 -0.024610
v -0.687401 0.217157 -0.042188
v -0.677289 0.210348 -0.052735
v -0.665698 0.202542 -0.056250
v -0.654107 0.194736 -0.052735
v -0.643996 0.187927 -0.042188
v -0.636844 0.183110 -0.024610
v -0.723558 0.202408 -0.024610
v -0.715638 0.198724 -0.042188
v -0.704439 0.193516 -0.052735
v -0.691602 0.187545 -0.056250
v -0.678764 0.181575 -0.052735
v -0.667566 0.176367 -0.042188
v -0.659645 0.172683 -0.024610
v -0.740970 0.175102 -0.024610
v -0.732612 0.172999 -0.042188
v -0.720797 0.170026 -0.052735
v -0.707251 0.166617 -0.056250
v -0.693705 0.163208 -0.052735
v -0.681889 0.160234 -0.042188
v -0.673531 0.158131 -0.024610
v -0.746777 0.138766 -0.024610
v -0.738281 0.138766 -0.042188
v -0.726269 0.138766 -0.052735
v -0.712500 0.138766 -0.056250
v -0.698731 0.138766 -0.052735
v -0.686719 0.138766 -0.042188
v -0.678223 0.138766 -0.024610
v -0.399220 0.248792 -0.024610
v -0.401067 0.242424 -0.042188
v -0.404278 0.236453 -0.049177
v -0.405948 0.233415 -0.052735
v -0.412946 0.223085 -0.056250
v -0.420933 0.212755 -0.052735
v -0.427902 0.204331 -0.042876
v -0.428346 0.203743 -0.042188
v -0.434121 0.197370 -0.024610
v -0.393558 0.249371 -0.024971
v -0.390069 0.251720 -0.025775
v -0.387552 0.256620 -0.027289
v -0.395419 0.242560 -0.043108
v -0.391941 0.244316 -0.044930
v -0.389446 0.248267 -0.048254
v -0.398589 0.235923 -0.050380
v -0.395070 0.236850 -0.052823
v -0.392668 0.239584 -0.057333
v -0.400134 0.232541 -0.054028
v -0.396583 0.233073 -0.056819
v -0.394242 0.235188 -0.061940
v -0.406749 0.220931 -0.057201
v -0.403082 0.219653 -0.060501
v -0.401217 0.219023 -0.066821
v -0.414088 0.209878 -0.052702
v -0.410238 0.206637 -0.055720
v -0.409149 0.202856 -0.062000
v -0.420375 0.201588 -0.042149
v -0.416342 0.196931 -0.044288
v -0.416051 0.190622 -0.049220
v -0.420767 0.201018 -0.041442
v -0.416735 0.196259 -0.043523
v -0.416505 0.189777 -0.048335
v -0.425988 0.195091 -0.023963
v -0.421819 0.189535 -0.024908
v -0.422196 0.181452 -0.027348
v -0.745874 0.097036 -0.000000
v -0.742725 0.097819 0.024609
v -0.734426 0.099883 0.042187
v -0.722692 0.102801 0.052734
v -0.709240 0.106146 0.056250
v -0.695790 0.109491 0.052734
v -0.684056 0.112409 0.042187
v -0.675756 0.114473 0.024609
v -0.672607 0.115256 -0.000000
v -0.733398 0.056295 -0.000000
v -0.730470 0.057649 0.024609
v -0.722748 0.061217 0.042187
v -0.711831 0.066260 0.052734
v -0.699317 0.072043 0.056250
v -0.686802 0.077825 0.052734
v -0.675885 0.082869 0.042187
v -0.668163 0.086436 0.024609
v -0.665235 0.087790 -0.000000
v -0.712426 0.016653 -0.000000
v -0.709855 0.018417 0.024609
v -0.703077 0.023065 0.042187
v -0.693493 0.029637 0.052734
v -0.682508 0.037170 0.056250
v -0.671521 0.044704 0.052734
v -0.661938 0.051276 0.042187
v -0.655159 0.055924 0.024609
v -0.652588 0.057687 -0.000000
v -0.682813 -0.021781 0.000000
v -0.680731 -0.019716 0.024609
v -0.675245 -0.014273 0.042187
v -0.667486 -0.006578 0.052734
v -0.658594 0.002243 0.056250
v -0.649701 0.011064 0.052734
v -0.641944 0.018759 0.042187
v -0.636456 0.024202 0.024609
v -0.634375 0.026266 -0.000000
v -0.644409 -0.058896 0.000000
v -0.642944 -0.056587 0.024609
v -0.639080 -0.050499 0.042187
v -0.633618 -0.041892 0.052734
v -0.627356 -0.032025 0.056250
v -0.621094 -0.022159 0.052734
v -0.615632 -0.013552 0.042187
v -0.611768 -0.007464 0.024609
v -0.610303 -0.005155 0.000000
v -0.597071 -0.094583 0.000000
v -0.596340 -0.092034 0.024609
v -0.594415 -0.085314 0.042187
v -0.591694 -0.075812 0.052734
v -0.588574 -0.064920 0.056250
v -0.585455 -0.054029 0.052734
v -0.582734 -0.044527 0.042187
v -0.580808 -0.037807 0.024609
v -0.580078 -0.035257 0.000000
v -0.540649 -0.128733 0.000000
v -0.540768 -0.125896 0.024609
v -0.541080 -0.118419 0.042187
v -0.541523 -0.107847 0.052734
v -0.542028 -0.095728 0.056250
v -0.542535 -0.083609 0.052734
v -0.542978 -0.073037 0.042187
v -0.543289 -0.065559 0.024609
v -0.543409 -0.062723 0.000000
v -0.518348 -0.076297 0.000000
v -0.515681 -0.080431 0.024609
v -0.513075 -0.088928 0.042187
v -0.512011 -0.093309 0.046192
v -0.508139 -0.101579 0.052734
v -0.501487 -0.116550 0.056250
v -0.498217 -0.125218 0.054116
v -0.493718 -0.132035 0.052734
v -0.486005 -0.145964 0.042187
v -0.483028 -0.154559 0.024609
v -0.483044 -0.154579 0.024356
v -0.483726 -0.156914 0.000000
v -0.509382 -0.079010 0.000000
v -0.502026 -0.075389 0.000000
v -0.498721 -0.066630 0.000000
v -0.506794 -0.082732 0.023398
v -0.499591 -0.079229 0.024359
v -0.496330 -0.071028 0.027189
v -0.504461 -0.089943 0.040527
v -0.497919 -0.086989 0.042662
v -0.494902 -0.080734 0.048123
v -0.503670 -0.093760 0.044736
v -0.497568 -0.091270 0.047256
v -0.494741 -0.086234 0.053389
v -0.500264 -0.101077 0.051998
v -0.494990 -0.099138 0.055179
v -0.492577 -0.095896 0.062052
v -0.495057 -0.115581 0.057270
v -0.491320 -0.115019 0.060697
v -0.489525 -0.114748 0.067080
v -0.492876 -0.124668 0.055829
v -0.489891 -0.124844 0.058810
v -0.488315 -0.125821 0.064102
v -0.489055 -0.131893 0.054771
v -0.486567 -0.132506 0.057547
v -0.485112 -0.134089 0.062199
v -0.482744 -0.146858 0.043973
v -0.481033 -0.148139 0.045736
v -0.479734 -0.150497 0.048498
v -0.480427 -0.156070 0.025547
v -0.479032 -0.157648 0.026362
v -0.477777 -0.160289 0.027604
v -0.480435 -0.156104 0.025285
v -0.479038 -0.157696 0.026093
v -0.477778 -0.160355 0.027324
v -0.481239 -0.158626 0.000000
v -0.479883 -0.160303 0.000000
v -0.478615 -0.163064 0.000000
v -0.742725 0.097819 -0.024610
v -0.734426 0.099883 -0.042188
v -0.722692 0.102801 -0.052735
v -0.709240 0.106146 -0.056250
v -0.695790 0.109491 -0.052735
v -0.684056 0.112409 -0.042188
v -0.675756 0.114473 -0.024610
v -0.730470 0.057649 -0.024610
v -0.722748 0.061217 -0.042188
v -0.711831 0.066260 -0.052735
v -0.699317 0.072043 -0.056250
v -0.686802 0.077825 -0.052735
v -0.675885 0.082869 -0.042188
v -0.668163 0.086436 -0.024610
v -0.709855 0.018417 -0.024610
v -0.703077 0.023065 -0.042188
v -0.693493 0.029637 -0.052735
v -0.682508 0.037170 -0.056250
v -0.671521 0.044704 -0.052735
v -0.661938 0.051276 -0.042188
v -0.655159 0.055924 -0.024610
v -0.680731 -0.019716 -0.024610
v -0.675245 -0.014273 -0.042188
v -0.667486 -0.006578 -0.052735
v -0.658594 0.002243 -0.056250
v -0.649701 0.011064 -0.052735
v -0.641944 0.018759 -0.042188
v -0.636456 0.024202 -0.024610
v -0.642944 -0.056587 -0.024610
v -0.639080 -0.050499 -0.042188
v -0.633618 -0.041892 -0.052735
v -0.627356 -0.032025 -0.056250
v -0.621094 -0.022159 -0.052735
v -0.615632 -0.013552 -0.042188
v -0.611768 -0.007464 -0.024610
v -0.596340 -0.092034 -0.024610
v -0.594415 -0.085314 -0.042188
v -0.591694 -0.075812 -0.052735
v -0.588574 -0.064920 -0.056250
v -0.585455 -0.054029 -0.052735
v -0.582734 -0.044527 -0.042188
v -0.580808 -0.037807 -0.024610
v -0.540768 -0.125896 -0.024610
v -0.541080 -0.118419 -0.042188
v -0.541523 -0.107847 -0.052735
v -0.542028 -0.095728 -0.056250
v -0.542535 -0.083609 -0.052735
v -0.542978 -0.073037 -0.042188
v -0.543289 -0.065559 -0.024610
v -0.515681 -0.080431 -0.024610
v -0.513075 -0.088928 -0.042188
v -0.512011 -0.093309 -0.046192
v -0.508139 -0.101579 -0.052735
v -0.501487 -0.116550 -0.056250
v -0.498217 -0.125218 -0.054116
v -0.493718 -0.132035 -0.052735
v -0.486005 -0.145964 -0.042188
v -0.483028 -0.154559 -0.024610
v -0.483044 -0.154579 -0.024356
v -0.506794 -0.082732 -0.023399
v -0.499591 -0.079229 -0.024359
v -0.496330 -0.071028 -0.027190
v -0.504461 -0.089943 -0.040528
v -0.497919 -0.086989 -0.042663
v -0.494902 -0.080734 -0.048124
v -0.503670 -0.093760 -0.044737
v -0.497568 -0.091270 -0.047256
v -0.494741 -0.086234 -0.053390
v -0.500264 -0.101077 -0.051998
v -0.494990 -0.099138 -0.055180
v -0.492577 -0.095896 -0.062052
v -0.495057 -0.115581 -0.057270
v -0.491320 -0.115019 -0.060697
v -0.489525 -0.114748 -0.067081
v -0.492876 -0.124668 -0.055829
v -0.489891 -0.124844 -0.058811
v -0.488315 -0.125821 -0.064102
v -0.489055 -0.131893 -0.054771
v -0.486567 -0.132506 -0.057547
v -0.485112 -0.134089 -0.062200
v -0.482744 -0.146858 -0.043973
v -0.481033 -0.148139 -0.045736
v -0.479734 -0.150497 -0.048499
v -0.480427 -0.156070 -0.025548
v -0.479032 -0.157648 -0.026362
v -0.477777 -0.160289 -0.027605
v -0.480435 -0.156104 -0.025285
v -0.479038 -0.157696 -0.026093
v -0.477778 -0.160355 -0.027325
v 0.700000 0.288766 -0.000000
v 0.704297 0.288766 0.012304
v 0.715625 0.288766 0.021093
v 0.731641 0.288766 0.026367
v 0.750000 0.288766 0.028125
v 0.768359 0.288766 0.026367
v 0.784375 0.288766 0.021093
v 0.795703 0.288766 0.012304
v 0.800000 0.288766 -0.000000
v 0.707129 0.294918 -0.000000
v 0.712036 0.295043 0.012657
v 0.724972 0.295369 0.021698
v 0.743262 0.295831 0.027122
v 0.764228 0.296361 0.028930
v 0.785194 0.296890 0.027122
v 0.803482 0.297352 0.021698
v 0.816419 0.297678 0.012657
v 0.821326 0.297803 -0.000000
v 0.710157 0.299313 -0.000000
v 0.715657 0.299512 0.013586
v 0.730160 0.300034 0.023291
v 0.750665 0.300773 0.029113
v 0.774170 0.301620 0.031054
v 0.797675 0.302467 0.029113
v 0.818179 0.303207 0.023291
v 0.832682 0.303729 0.013586
v 0.838184 0.303927 -0.000000
v 0.709668 0.301950 -0.000000
v 0.715707 0.302180 0.014900
v 0.731627 0.302787 0.025543
v 0.754135 0.303644 0.031929
v 0.779938 0.304628 0.034057
v 0.805740 0.305611 0.031929
v 0.828249 0.306469 0.025543
v 0.844168 0.307076 0.014900
v 0.850208 0.307306 -0.000000
v 0.706250 0.302829 -0.000000
v 0.712729 0.303055 0.016406
v 0.729810 0.303653 0.028125
v 0.753958 0.304497 0.035156
v 0.781641 0.305466 0.037500
v 0.809323 0.306434 0.035156
v 0.833472 0.307278 0.028125
v 0.850552 0.307876 0.016406
v 0.857031 0.308102 -0.000000
v 0.700489 0.301950 -0.000000
v 0.707269 0.302144 0.017912
v 0.725145 0.302658 0.030706
v 0.750417 0.303384 0.038383
v 0.779388 0.304216 0.040942
v 0.808360 0.305048 0.038383
v 0.833632 0.305774 0.030706
v 0.851508 0.306287 0.017912
v 0.858289 0.306482 -0.000000
v 0.692968 0.299313 -0.000000
v 0.699871 0.299455 0.019226
v 0.718069 0.299828 0.032959
v 0.743798 0.300356 0.041198
v 0.773291 0.300961 0.043945
v 0.802785 0.301566 0.041198
v 0.828512 0.302094 0.032959
v 0.846711 0.302467 0.019226
v 0.853613 0.302609 -0.000000
v 0.684277 0.294918 -0.000000
v 0.691082 0.294993 0.020155
v 0.709022 0.295189 0.034552
v 0.734384 0.295466 0.043190
v 0.763458 0.295784 0.046069
v 0.792533 0.296102 0.043190
v 0.817895 0.296379 0.034552
v 0.835835 0.296574 0.020155
v 0.842640 0.296649 -0.000000
v 0.675000 0.288766 -0.000000
v 0.681445 0.288766 0.020507
v 0.698438 0.288766 0.035156
v 0.722461 0.288766 0.043945
v 0.750000 0.288766 0.046875
v 0.777539 0.288766 0.043945
v 0.801562 0.288766 0.035156
v 0.818555 0.288766 0.020507
v 0.825000 0.288766 -0.000000
v 0.704297 0.288766 -0.012305
v 0.715625 0.288766 -0.021094
v 0.731641 0.288766 -0.026368
v 0.750000 0.288766 -0.028125
v 0.768359 0.288766 -0.026368
v 0.784375 0.288766 -0.021094
v 0.795703 0.288766 -0.012305
v 0.712036 0.295043 -0.012657
v 0.724972 0.295369 -0.021698
v 0.743262 0.295831 -0.027123
v 0.764228 0.296361 -0.028931
v 0.785194 0.296890 -0.027123
v 0.803482 0.297352 -0.021698
v 0.816419 0.297678 -0.012657
v 0.715657 0.299512 -0.013587
v 0.730160 0.300034 -0.023291
v 0.750665 0.300773 -0.029114
v 0.774170 0.301620 -0.031055
v 0.797675 0.302467 -0.029114
v 0.818179 0.303207 -0.023291
v 0.832682 0.303729 -0.013587
v 0.715707 0.302180 -0.014901
v 0.731627 0.302787 -0.025544
v 0.754135 0.303644 -0.031929
v 0.779938 0.304628 -0.034058
v 0.805740 0.305611 -0.031929
v 0.828249 0.306469 -0.025544
v 0.844168 0.307076 -0.014901
v 0.712729 0.303055 -0.016407
v 0.729810 0.303653 -0.028125
v 0.753958 0.304497 -0.035157
v 0.781641 0.305466 -0.037500
v 0.809323 0.306434 -0.035157
v 0.833472 0.307278 -0.028125
v 0.850552 0.307876 -0.016407
v 0.707269 0.302144 -0.017913
v 0.725145 0.302658 -0.030707
v 0.750417 0.303384 -0.038384
v 0.779388 0.304216 -0.040943
v 0.808360 0.305048 -0.038384
v 0.833632 0.305774 -0.030707
v 0.851508 0.306287 -0.017913
v 0.699871 0.299455 -0.019226
v 0.718069 0.299828 -0.032959
v 0.743798 0.300356 -0.041199
v 0.773291 0.300961 -0.043946
v 0.802785 0.301566 -0.041199
v 0.828512 0.302094 -0.032959
v 0.846711 0.302467 -0.019226
v 0.691082 0.294993 -0.020156
v 0.709022 0.295189 -0.034552
v 0.734384 0.295466 -0.043190
v 0.763458 0.295784 -0.046070
v 0.792533 0.296102 -0.043190
v 0.817895 0.296379 -0.034552
v 0.835835 0.296574 -0.020156
v 0.681445 0.288766 -0.020508
v 0.698438 0.288766 -0.035157
v 0.722461 0.288766 -0.043946
v 0.750000 0.288766 -0.046875
v 0.777539 0.288766 -0.043946
v 0.801562 0.288766 -0.035157
v 0.818555 0.288766 -0.020508
v 0.644776 0.256759 -0.000000
v 0.649622 0.256246 0.021953
v 0.662399 0.254894 0.037633
v 0.680463 0.252982 0.047042
v 0.701172 0.250790 0.050178
v 0.721880 0.248598 0.047042
v 0.739945 0.246686 0.037633
v 0.752721 0.245334 0.021953
v 0.757568 0.244821 -0.000000
v 0.625391 0.219040 -0.000000
v 0.629318 0.217655 0.025763
v 0.639673 0.214004 0.044165
v 0.654312 0.208843 0.055206
v 0.671094 0.202927 0.058886
v 0.687876 0.197010 0.055206
v 0.702515 0.191849 0.044165
v 0.712869 0.188198 0.025763
v 0.716797 0.186813 -0.000000
v 0.611279 0.178683 -0.000000
v 0.614742 0.176162 0.031149
v 0.623868 0.169517 0.053399
v 0.636771 0.160120 0.066749
v 0.651563 0.149350 0.071198
v 0.666354 0.138579 0.066749
v 0.679258 0.129183 0.053399
v 0.688384 0.122537 0.031149
v 0.691846 0.120016 -0.000000
v 0.596875 0.138766 -0.000000
v 0.600098 0.134939 0.037324
v 0.608594 0.124850 0.063984
v 0.620606 0.110586 0.079980
v 0.634375 0.094235 0.085312
v 0.648144 0.077884 0.079980
v 0.660156 0.063620 0.063984
v 0.668652 0.053531 0.037324
v 0.671875 0.049704 -0.000000
v 0.576611 0.102365 -0.000000
v 0.579594 0.097156 0.043499
v 0.587461 0.083425 0.074569
v 0.598580 0.064011 0.093212
v 0.611328 0.041757 0.099426
v 0.624076 0.019502 0.093212
v 0.635196 0.000089 0.074569
v 0.643062 -0.013643 0.043499
v 0.646045 -0.018851 0.000000
v 0.544922 0.072555 -0.000000
v 0.547440 0.065984 0.048885
v 0.554078 0.048660 0.083803
v 0.563461 0.024167 0.104754
v 0.574219 -0.003909 0.111738
v 0.584976 -0.031986 0.104754
v 0.594360 -0.056479 0.083803
v 0.600998 -0.073803 0.048885
v 0.603516 -0.080374 0.000000
v 0.496240 0.052414 -0.000000
v 0.497839 0.044593 0.052695
v 0.502053 0.023975 0.090335
v 0.508013 -0.005175 0.112919
v 0.514844 -0.038590 0.120446
v 0.521675 -0.072005 0.112919
v 0.527633 -0.101155 0.090335
v 0.531848 -0.121773 0.052695
v 0.533448 -0.129593 0.000000
v 0.487931 0.051551 -0.000000
v 0.484939 0.043098 0.052951
v 0.485489 0.039447 0.059483
v 0.486560 0.023851 0.087103
v 0.485911 0.021632 0.090854
v 0.486449 -0.002078 0.108516
v 0.485921 -0.009185 0.113743
v 0.489082 -0.043064 0.121149
v 0.489055 -0.044193 0.121395
v 0.492686 -0.079193 0.113847
v 0.493729 -0.082905 0.110942
v 0.494943 -0.110026 0.091124
v 0.495255 -0.110771 0.089703
v 0.495144 -0.120731 0.072829
v 0.491437 -0.133345 0.053242
v 0.493268 -0.141316 0.000000
v 0.480538 0.050860 -0.000000
v 0.475451 0.053802 -0.000000
v 0.472400 0.060558 -0.000000
v 0.477776 0.042725 0.052698
v 0.472953 0.045387 0.053897
v 0.469961 0.051331 0.056645
v 0.478393 0.039109 0.059250
v 0.473623 0.041615 0.060635
v 0.470647 0.047250 0.063781
v 0.479688 0.023746 0.087113
v 0.475214 0.025663 0.089309
v 0.472333 0.029915 0.093952
v 0.479066 0.021578 0.090912
v 0.474642 0.023424 0.093217
v 0.471774 0.027496 0.098024
v 0.479937 -0.002107 0.109003
v 0.475886 -0.001071 0.111778
v 0.473224 0.001364 0.117316
v 0.479477 -0.009196 0.114372
v 0.475536 -0.008370 0.117293
v 0.472930 -0.006376 0.123007
v 0.483071 -0.043279 0.122262
v 0.479569 -0.043394 0.125303
v 0.477302 -0.043204 0.131075
v 0.483053 -0.044411 0.122523
v 0.479562 -0.044552 0.125568
v 0.477303 -0.044414 0.131341
v 0.487274 -0.079760 0.115307
v 0.484228 -0.080719 0.118031
v 0.482352 -0.082174 0.123145
v 0.488411 -0.083542 0.112415
v 0.485409 -0.084594 0.115034
v 0.483586 -0.086234 0.119983
v 0.490413 -0.110825 0.092667
v 0.487806 -0.112140 0.094634
v 0.486156 -0.114601 0.098316
v 0.490754 -0.111593 0.091234
v 0.488156 -0.112918 0.093159
v 0.486510 -0.115412 0.096773
v 0.491021 -0.121731 0.074153
v 0.488523 -0.123086 0.075584
v 0.486912 -0.125821 0.078355
v 0.487646 -0.134557 0.054209
v 0.485277 -0.135970 0.055144
v 0.483639 -0.138939 0.056966
v 0.489767 -0.142724 0.000000
v 0.487482 -0.144117 0.000000
v 0.485854 -0.147199 0.000000
v 0.649622 0.256246 -0.021953
v 0.662399 0.254894 -0.037634
v 0.680463 0.252982 -0.047042
v 0.701172 0.250790 -0.050179
v 0.721880 0.248598 -0.047042
v 0.739945 0.246686 -0.037634
v 0.752721 0.245334 -0.021953
v 0.629318 0.217655 -0.025763
v 0.639673 0.214004 -0.044165
v 0.654312 0.208843 -0.055207
v 0.671094 0.202927 -0.058887
v 0.687876 0.197010 -0.055207
v 0.702515 0.191849 -0.044165
v 0.712869 0.188198 -0.025763
v 0.614742 0.176162 -0.031150
v 0.623868 0.169517 -0.053399
v 0.636771 0.160120 -0.066749
v 0.651563 0.149350 -0.071199
v 0.666354 0.138579 -0.066749
v 0.679258 0.129183 -0.053399
v 0.688384 0.122537 -0.031150
v 0.600098 0.134939 -0.037325
v 0.608594 0.124850 -0.063985
v 0.620606 0.110586 -0.079981
v 0.634375 0.094235 -0.085313
v 0.648144 0.077884 -0.079981
v 0.660156 0.063620 -0.063985
v 0.668652 0.053531 -0.037325
v 0.579594 0.097156 -0.043499
v 0.587461 0.083425 -0.074570
v 0.598580 0.064011 -0.093212
v 0.611328 0.041757 -0.099427
v 0.624076 0.019502 -0.093212
v 0.635196 0.000089 -0.074570
v 0.643062 -0.013643 -0.043499
v 0.547440 0.065984 -0.048886
v 0.554078 0.048660 -0.083804
v 0.563461 0.024167 -0.104755
v 0.574219 -0.003909 -0.111739
v 0.584976 -0.031986 -0.104755
v 0.594360 -0.056479 -0.083804
v 0.600998 -0.073803 -0.048886
v 0.497839 0.044593 -0.052696
v 0.502053 0.023975 -0.090335
v 0.508013 -0.005175 -0.112919
v 0.514844 -0.038590 -0.120447
v 0.521675 -0.072005 -0.112919
v 0.527633 -0.101155 -0.090335
v 0.531848 -0.121773 -0.052696
v 0.484939 0.043098 -0.052952
v 0.485489 0.039447 -0.059484
v 0.486560 0.023851 -0.087103
v 0.485911 0.021632 -0.090854
v 0.486449 -0.002078 -0.108517
v 0.485921 -0.009185 -0.113743
v 0.489082 -0.043064 -0.121150
v 0.489055 -0.044193 -0.121395
v 0.492686 -0.079193 -0.113848
v 0.493729 -0.082905 -0.110942
v 0.494943 -0.110026 -0.091124
v 0.495255 -0.110771 -0.089703
v 0.495144 -0.120731 -0.072829
v 0.491437 -0.133345 -0.053242
v 0.477776 0.042725 -0.052698
v 0.472953 0.045387 -0.053898
v 0.469961 0.051331 -0.056646
v 0.478393 0.039109 -0.059251
v 0.473623 0.041615 -0.060636
v 0.470647 0.047250 -0.063782
v 0.479688 0.023746 -0.087114
v 0.475214 0.025663 -0.089309
v 0.472333 0.029915 -0.093953
v 0.479066 0.021578 -0.090913
v 0.474642 0.023424 -0.093218
v 0.471774 0.027496 -0.098025
v 0.479937 -0.002107 -0.109004
v 0.475886 -0.001071 -0.111779
v 0.473224 0.001364 -0.117317
v 0.479477 -0.009196 -0.114373
v 0.475536 -0.008370 -0.117294
v 0.472930 -0.006376 -0.123007
v 0.483071 -0.043279 -0.122262
v 0.479569 -0.043394 -0.125303
v 0.477302 -0.043204 -0.131076
v 0.483053 -0.044411 -0.122523
v 0.479562 -0.044552 -0.125569
v 0.477303 -0.044414 -0.131342
v 0.487274 -0.079760 -0.115307
v 0.484228 -0.080719 -0.118032
v 0.482352 -0.082174 -0.123145
v 0.488411 -0.083542 -0.112416
v 0.485409 -0.084594 -0.115035
v 0.483586 -0.086234 -0.119984
v 0.490413 -0.110825 -0.092667
v 0.487806 -0.112140 -0.094634
v 0.486156 -0.114601 -0.098317
v 0.490754 -0.111593 -0.091234
v 0.488156 -0.112918 -0.093159
v 0.486510 -0.115412 -0.096773
v 0.491021 -0.121731 -0.074154
v 0.488523 -0.123086 -0.075584
v 0.486912 -0.125821 -0.078356
v 0.487646 -0.134557 -0.054209
v 0.485277 -0.135970 -0.055144
v 0.483639 -0.138939 -0.056967
v 0.000000 0.476266 -0.000000
v -0.057519 0.472970 -0.000000
v -0.056414 0.472970 0.011221
v -0.053141 0.472970 0.022011
v -0.047826 0.472970 0.031956
v -0.040672 0.472970 0.040672
v -0.031956 0.472970 0.047825
v -0.022012 0.472970 0.053141
v -0.011222 0.472970 0.056414
v 0.000000 0.472970 0.057519
v -0.085156 0.463961 -0.000000
v -0.083520 0.463961 0.016613
v -0.078674 0.463961 0.032588
v -0.070805 0.463961 0.047310
v -0.060215 0.463961 0.060214
v -0.047311 0.463961 0.070805
v -0.032588 0.463961 0.078674
v -0.016613 0.463961 0.083520
v 0.000000 0.463961 0.085156
v -0.090527 0.450558 -0.000000
v -0.088788 0.450558 0.017661
v -0.083636 0.450558 0.034643
v -0.075270 0.450558 0.050294
v -0.064012 0.450558 0.064012
v -0.050294 0.450558 0.075270
v -0.034644 0.450558 0.083636
v -0.017661 0.450558 0.088788
v 0.000000 0.450558 0.090527
v -0.081250 0.434079 -0.000000
v -0.079689 0.434079 0.015851
v -0.075065 0.434079 0.031093
v -0.067557 0.434079 0.045140
v -0.057452 0.434079 0.057452
v -0.045140 0.434079 0.067557
v -0.031093 0.434079 0.075065
v -0.015851 0.434079 0.079688
v 0.000000 0.434079 0.081250
v -0.064942 0.415842 -0.000000
v -0.063694 0.415842 0.012669
v -0.059998 0.415842 0.024852
v -0.053997 0.415842 0.036079
v -0.045920 0.415842 0.045920
v -0.036079 0.415842 0.053996
v -0.024852 0.415842 0.059998
v -0.012669 0.415842 0.063693
v 0.000000 0.415842 0.064941
v -0.049219 0.397165 -0.000000
v -0.048273 0.397165 0.009602
v -0.045472 0.397165 0.018835
v -0.040924 0.397165 0.027344
v -0.034803 0.397165 0.034803
v -0.027345 0.397165 0.040924
v -0.018835 0.397165 0.045472
v -0.009602 0.397165 0.048273
v 0.000000 0.397165 0.049218
v -0.041699 0.379367 -0.000000
v -0.040898 0.379367 0.008135
v -0.038525 0.379367 0.015957
v -0.034672 0.379367 0.023167
v -0.029486 0.379367 0.029485
v -0.023167 0.379367 0.034671
v -0.015958 0.379367 0.038525
v -0.008135 0.379367 0.040898
v 0.000000 0.379367 0.041699
v -0.050000 0.363766 -0.000000
v -0.049040 0.363766 0.009754
v -0.046194 0.363766 0.019134
v -0.041573 0.363766 0.027778
v -0.035356 0.363766 0.035355
v -0.027779 0.363766 0.041573
v -0.019134 0.363766 0.046194
v -0.009755 0.363766 0.049039
v 0.000000 0.363766 0.050000
v 0.011222 0.472970 0.056414
v 0.022012 0.472970 0.053141
v 0.031956 0.472970 0.047825
v 0.040672 0.472970 0.040672
v 0.047826 0.472970 0.031956
v 0.053141 0.472970 0.022011
v 0.056414 0.472970 0.011221
v 0.057519 0.472970 -0.000000
v 0.016613 0.463961 0.083520
v 0.032588 0.463961 0.078674
v 0.047311 0.463961 0.070804
v 0.060215 0.463961 0.060214
v 0.070805 0.463961 0.047310
v 0.078674 0.463961 0.032588
v 0.083520 0.463961 0.016613
v 0.085156 0.463961 -0.000000
v 0.017661 0.450558 0.088788
v 0.034644 0.450558 0.083636
v 0.050294 0.450558 0.075270
v 0.064012 0.450558 0.064012
v 0.075270 0.450558 0.050294
v 0.083636 0.450558 0.034643
v 0.088788 0.450558 0.017661
v 0.090527 0.450558 -0.000000
v 0.015851 0.434079 0.079688
v 0.031093 0.434079 0.075065
v 0.045140 0.434079 0.067557
v 0.057452 0.434079 0.057452
v 0.067557 0.434079 0.045140
v 0.075065 0.434079 0.031093
v 0.079689 0.434079 0.015851
v 0.081250 0.434079 -0.000000
v 0.012669 0.415842 0.063693
v 0.024852 0.415842 0.059998
v 0.036079 0.415842 0.053996
v 0.045920 0.415842 0.045920
v 0.053997 0.415842 0.036079
v 0.059998 0.415842 0.024852
v 0.063694 0.415842 0.012669
v 0.064942 0.415842 -0.000000
v 0.009602 0.397165 0.048273
v 0.018835 0.397165 0.045472
v 0.027345 0.397165 0.040924
v 0.034803 0.397165 0.034803
v 0.040924 0.397165 0.027344
v 0.045472 0.397165 0.018835
v 0.048273 0.397165 0.009602
v 0.049219 0.397165 -0.000000
v 0.008135 0.379367 0.040898
v 0.015958 0.379367 0.038525
v 0.023167 0.379367 0.034671
v 0.029486 0.379367 0.029485
v 0.034672 0.379367 0.023167
v 0.038525 0.379367 0.015957
v 0.040898 0.379367 0.008135
v 0.041699 0.379367 -0.000000
v 0.009755 0.363766 0.049039
v 0.019134 0.363766 0.046194
v 0.027779 0.363766 0.041573
v 0.035356 0.363766 0.035355
v 0.041573 0.363766 0.027778
v 0.046194 0.363766 0.019134
v 0.049040 0.363766 0.009754
v 0.050000 0.363766 -0.000000
v 0.000000 0.472970 -0.057520
v 0.011222 0.472970 -0.056415
v 0.022012 0.472970 -0.053141
v 0.031956 0.472970 -0.047826
v 0.040672 0.472970 -0.040673
v 0.047826 0.472970 -0.031956
v 0.053141 0.472970 -0.022012
v 0.056414 0.472970 -0.011222
v 0.000000 0.463961 -0.085157
v 0.016613 0.463961 -0.083520
v 0.032588 0.463961 -0.078674
v 0.047311 0.463961 -0.070805
v 0.060215 0.463961 -0.060215
v 0.070805 0.463961 -0.047311
v 0.078674 0.463961 -0.032588
v 0.083520 0.463961 -0.016613
v 0.000000 0.450558 -0.090528
v 0.017661 0.450558 -0.088788
v 0.034644 0.450558 -0.083637
v 0.050294 0.450558 -0.075271
v 0.064012 0.450558 -0.064013
v 0.075270 0.450558 -0.050295
v 0.083636 0.450558 -0.034644
v 0.088788 0.450558 -0.017661
v 0.000000 0.434079 -0.081250
v 0.015851 0.434079 -0.079689
v 0.031093 0.434079 -0.075066
v 0.045140 0.434079 -0.067557
v 0.057452 0.434079 -0.057453
v 0.067557 0.434079 -0.045140
v 0.075065 0.434079 -0.031093
v 0.079689 0.434079 -0.015851
v 0.000000 0.415842 -0.064942
v 0.012669 0.415842 -0.063694
v 0.024852 0.415842 -0.059998
v 0.036079 0.415842 -0.053997
v 0.045920 0.415842 -0.045921
v 0.053997 0.415842 -0.036080
v 0.059998 0.415842 -0.024852
v 0.063694 0.415842 -0.012670
v 0.000000 0.397165 -0.049219
v 0.009602 0.397165 -0.048273
v 0.018835 0.397165 -0.045473
v 0.027345 0.397165 -0.040924
v 0.034803 0.397165 -0.034803
v 0.040924 0.397165 -0.027345
v 0.045472 0.397165 -0.018836
v 0.048273 0.397165 -0.009602
v 0.000000 0.379367 -0.041700
v 0.008135 0.379367 -0.040898
v 0.015958 0.379367 -0.038525
v 0.023167 0.379367 -0.034672
v 0.029486 0.379367 -0.029486
v 0.034672 0.379367 -0.023167
v 0.038525 0.379367 -0.015958
v 0.040898 0.379367 -0.008135
v 0.000000 0.363766 -0.050000
v 0.009755 0.363766 -0.049040
v 0.019134 0.363766 -0.046194
v 0.027779 0.363766 -0.041574
v 0.035356 0.363766 -0.035356
v 0.041573 0.363766 -0.027779
v 0.046194 0.363766 -0.019135
v 0.049040 0.363766 -0.009755
v -0.056414 0.472970 -0.011222
v -0.053141 0.472970 -0.022012
v -0.047826 0.472970 -0.031956
v -0.040672 0.472970 -0.040673
v -0.031956 0.472970 -0.047826
v -0.022012 0.472970 -0.053141
v -0.011222 0.472970 -0.056415
v -0.083520 0.463961 -0.016614
v -0.078674 0.463961 -0.032588
v -0.070805 0.463961 -0.047311
v -0.060215 0.463961 -0.060215
v -0.047311 0.463961 -0.070805
v -0.032588 0.463961 -0.078674
v -0.016613 0.463961 -0.083520
v -0.088788 0.450558 -0.017661
v -0.083636 0.450558 -0.034644
v -0.075270 0.450558 -0.050295
v -0.064012 0.450558 -0.064013
v -0.050294 0.450558 -0.075271
v -0.034644 0.450558 -0.083637
v -0.017661 0.450558 -0.088788
v -0.079689 0.434079 -0.015851
v -0.075065 0.434079 -0.031093
v -0.067557 0.434079 -0.045140
v -0.057452 0.434079 -0.057453
v -0.045140 0.434079 -0.067557
v -0.031093 0.434079 -0.075066
v -0.015851 0.434079 -0.079689
v -0.063694 0.415842 -0.012670
v -0.059998 0.415842 -0.024852
v -0.053997 0.415842 -0.036080
v -0.045920 0.415842 -0.045921
v -0.036079 0.415842 -0.053997
v -0.024852 0.415842 -0.059998
v -0.012669 0.415842 -0.063694
v -0.048273 0.397165 -0.009602
v -0.045472 0.397165 -0.018836
v -0.040924 0.397165 -0.027345
v -0.034803 0.397165 -0.034803
v -0.027345 0.397165 -0.040924
v -0.018835 0.397165 -0.045473
v -0.009602 0.397165 -0.048273
v -0.040898 0.379367 -0.008135
v -0.038525 0.379367 -0.015958
v -0.034672 0.379367 -0.023167
v -0.029486 0.379367 -0.029486
v -0.023167 0.379367 -0.034672
v -0.015958 0.379367 -0.038525
v -0.008135 0.379367 -0.040898
v -0.049040 0.363766 -0.009755
v -0.046194 0.363766 -0.019135
v -0.041573 0.363766 -0.027779
v -0.035356 0.363766 -0.035356
v -0.027779 0.363766 -0.041574
v -0.019134 0.363766 -0.046194
v -0.009755 0.363766 -0.049040
v -0.076172 0.351315 -0.000000
v -0.074708 0.351315 0.014860
v -0.070373 0.351315 0.029149
v -0.063335 0.351315 0.042318
v -0.053861 0.351315 0.053861
v -0.042319 0.351315 0.063334
v -0.029150 0.351315 0.070373
v -0.014860 0.351315 0.074708
v 0.000000 0.351315 0.076172
v -0.114063 0.341501 -0.000000
v -0.111871 0.341501 0.022252
v -0.105380 0.341501 0.043649
v -0.094839 0.341501 0.063369
v -0.080655 0.341501 0.080654
v -0.063369 0.341501 0.094839
v -0.043650 0.341501 0.105380
v -0.022253 0.341501 0.111871
v 0.000000 0.341501 0.114062
v -0.158984 0.333444 -0.000000
v -0.155930 0.333444 0.031016
v -0.146883 0.333444 0.060840
v -0.132190 0.333444 0.088327
v -0.112419 0.333444 0.112419
v -0.088327 0.333444 0.132190
v -0.060840 0.333444 0.146882
v -0.031017 0.333444 0.155929
v 0.000000 0.333444 0.158984
v -0.206250 0.326266 -0.000000
v -0.202287 0.326266 0.040237
v -0.190550 0.326266 0.078928
v -0.171491 0.326266 0.114586
v -0.145841 0.326266 0.145840
v -0.114587 0.326266 0.171490
v -0.078929 0.326266 0.190550
v -0.040238 0.326266 0.202287
v 0.000000 0.326266 0.206250
v -0.251172 0.319089 -0.000000
v -0.246346 0.319089 0.049001
v -0.232053 0.319089 0.096119
v -0.208842 0.319089 0.139543
v -0.177605 0.319089 0.177605
v -0.139544 0.319089 0.208841
v -0.096120 0.319089 0.232052
v -0.049001 0.319089 0.246345
v 0.000000 0.319089 0.251172
v -0.289062 0.311032 -0.000000
v -0.283508 0.311032 0.056393
v -0.267059 0.311032 0.110619
v -0.240347 0.311032 0.160594
v -0.204398 0.311032 0.204398
v -0.160594 0.311032 0.240346
v -0.110620 0.311032 0.267059
v -0.056394 0.311032 0.283508
v 0.000000 0.311032 0.289062
v -0.315234 0.301218 -0.000000
v -0.309177 0.301218 0.061499
v -0.291238 0.301218 0.120635
v -0.262108 0.301218 0.175135
v -0.222905 0.301218 0.222904
v -0.175135 0.301218 0.262107
v -0.120635 0.301218 0.291238
v -0.061499 0.301218 0.309177
v 0.000000 0.301218 0.315234
v -0.325000 0.288766 -0.000000
v -0.318755 0.288766 0.063404
v -0.300261 0.288766 0.124372
v -0.270227 0.288766 0.180560
v -0.229809 0.288766 0.229809
v -0.180560 0.288766 0.270227
v -0.124372 0.288766 0.300260
v -0.063405 0.288766 0.318755
v 0.000000 0.288766 0.325000
v 0.014860 0.351315 0.074708
v 0.029150 0.351315 0.070373
v 0.042319 0.351315 0.063334
v 0.053861 0.351315 0.053861
v 0.063335 0.351315 0.042318
v 0.070373 0.351315 0.029149
v 0.074708 0.351315 0.014860
v 0.076172 0.351315 -0.000000
v 0.022253 0.341501 0.111871
v 0.043650 0.341501 0.105380
v 0.063369 0.341501 0.094839
v 0.080655 0.341501 0.080654
v 0.094839 0.341501 0.063369
v 0.105380 0.341501 0.043649
v 0.111871 0.341501 0.022252
v 0.114063 0.341501 -0.000000
v 0.031017 0.333444 0.155929
v 0.060840 0.333444 0.146882
v 0.088327 0.333444 0.132190
v 0.112419 0.333444 0.112419
v 0.132190 0.333444 0.088327
v 0.146883 0.333444 0.060840
v 0.155930 0.333444 0.031016
v 0.158984 0.333444 -0.000000
v 0.040238 0.326266 0.202287
v 0.078929 0.326266 0.190550
v 0.114587 0.326266 0.171490
v 0.145841 0.326266 0.145840
v 0.171491 0.326266 0.114586
v 0.190550 0.326266 0.078928
v 0.202287 0.326266 0.040237
v 0.206250 0.326266 -0.000000
v 0.049001 0.319089 0.246345
v 0.096120 0.319089 0.232052
v 0.139544 0.319089 0.208841
v 0.177605 0.319089 0.177605
v 0.208842 0.319089 0.139543
v 0.232053 0.319089 0.096119
v 0.246346 0.319089 0.049001
v 0.251172 0.319089 -0.000000
v 0.056394 0.311032 0.283508
v 0.110620 0.311032 0.267059
v 0.160594 0.311032 0.240346
v 0.204398 0.311032 0.204398
v 0.240347 0.311032 0.160594
v 0.267059 0.311032 0.110619
v 0.283508 0.311032 0.056393
v 0.289062 0.311032 -0.000000
v 0.061499 0.301218 0.309177
v 0.120635 0.301218 0.291238
v 0.175135 0.301218 0.262107
v 0.222905 0.301218 0.222904
v 0.262108 0.301218 0.175134
v 0.291238 0.301218 0.120635
v 0.309177 0.301218 0.061499
v 0.315234 0.301218 -0.000000
v 0.063405 0.288766 0.318755
v 0.124372 0.288766 0.300260
v 0.180560 0.288766 0.270227
v 0.229809 0.288766 0.229809
v 0.270228 0.288766 0.180560
v 0.300261 0.288766 0.124372
v 0.318755 0.288766 0.063404
v 0.325000 0.288766 -0.000000
v 0.000000 0.351315 -0.076172
v 0.014860 0.351315 -0.074709
v 0.029150 0.351315 -0.070374
v 0.042319 0.351315 -0.063335
v 0.053861 0.351315 -0.053862
v 0.063335 0.351315 -0.042319
v 0.070373 0.351315 -0.029150
v 0.074708 0.351315 -0.014861
v 0.000000 0.341501 -0.114063
v 0.022253 0.341501 -0.111871
v 0.043650 0.341501 -0.105380
v 0.063369 0.341501 -0.094840
v 0.080655 0.341501 -0.080655
v 0.094839 0.341501 -0.063370
v 0.105380 0.341501 -0.043650
v 0.111871 0.341501 -0.022253
v 0.000000 0.333444 -0.158985
v 0.031017 0.333444 -0.155930
v 0.060840 0.333444 -0.146883
v 0.088327 0.333444 -0.132191
v 0.112419 0.333444 -0.112419
v 0.132190 0.333444 -0.088327
v 0.146883 0.333444 -0.060841
v 0.155930 0.333444 -0.031017
v 0.000000 0.326266 -0.206250
v 0.040238 0.326266 -0.202287
v 0.078929 0.326266 -0.190550
v 0.114587 0.326266 -0.171491
v 0.145841 0.326266 -0.145841
v 0.171491 0.326266 -0.114587
v 0.190550 0.326266 -0.078929
v 0.202287 0.326266 -0.040238
v 0.000000 0.319088 -0.251172
v 0.049001 0.319089 -0.246346
v 0.096120 0.319089 -0.232053
v 0.139544 0.319089 -0.208842
v 0.177605 0.319089 -0.177606
v 0.208842 0.319089 -0.139544
v 0.232053 0.319089 -0.096120
v 0.246346 0.319089 -0.049002
v 0.000000 0.311032 -0.289063
v 0.056394 0.311032 -0.283509
v 0.110620 0.311032 -0.267059
v 0.160594 0.311032 -0.240347
v 0.204398 0.311032 -0.204398
v 0.240347 0.311032 -0.160595
v 0.267059 0.311032 -0.110620
v 0.283508 0.311032 -0.056394
v 0.000000 0.301217 -0.315235
v 0.061499 0.301217 -0.309178
v 0.120635 0.301217 -0.291239
v 0.175135 0.301217 -0.262108
v 0.222905 0.301218 -0.222905
v 0.262108 0.301218 -0.175135
v 0.291238 0.301218 -0.120635
v 0.309177 0.301218 -0.061499
v 0.000000 0.288766 -0.325000
v 0.063405 0.288766 -0.318756
v 0.124372 0.288766 -0.300261
v 0.180560 0.288766 -0.270228
v 0.229809 0.288766 -0.229810
v 0.270228 0.288766 -0.180561
v 0.300261 0.288766 -0.124372
v 0.318755 0.288766 -0.063405
v -0.074708 0.351315 -0.014861
v -0.070373 0.351315 -0.029150
v -0.063335 0.351315 -0.042319
v -0.053861 0.351315 -0.053862
v -0.042319 0.351315 -0.063335
v -0.029150 0.351315 -0.070374
v -0.014860 0.351315 -0.074709
v -0.111871 0.341501 -0.022253
v -0.105380 0.341501 -0.043650
v -0.094839 0.341501 -0.063370
v -0.080655 0.341501 -0.080655
v -0.063369 0.341501 -0.094840
v -0.043650 0.341501 -0.105380
v -0.022253 0.341501 -0.111871
v -0.155930 0.333444 -0.031017
v -0.146883 0.333444 -0.060841
v -0.132190 0.333444 -0.088327
v -0.112419 0.333444 -0.112419
v -0.088327 0.333444 -0.132191
v -0.060840 0.333444 -0.146883
v -0.031017 0.333444 -0.155930
v -0.202287 0.326266 -0.040238
v -0.190550 0.326266 -0.078929
v -0.171491 0.326266 -0.114587
v -0.145841 0.326266 -0.145841
v -0.114587 0.326266 -0.171491
v -0.078929 0.326266 -0.190550
v -0.040238 0.326266 -0.202287
v -0.246346 0.319089 -0.049002
v -0.232053 0.319089 -0.096120
v -0.208842 0.319089 -0.139544
v -0.177605 0.319089 -0.177606
v -0.139544 0.319089 -0.208842
v -0.096120 0.319089 -0.232053
v -0.049001 0.319089 -0.246346
v -0.283508 0.311032 -0.056394
v -0.267059 0.311032 -0.110620
v -0.240347 0.311032 -0.160595
v -0.204398 0.311032 -0.204398
v -0.160594 0.311032 -0.240347
v -0.110620 0.311032 -0.267059
v -0.056394 0.311032 -0.283509
v -0.309177 0.301218 -0.061499
v -0.291238 0.301218 -0.120635
v -0.262108 0.301218 -0.175135
v -0.222905 0.301218 -0.222905
v -0.175135 0.301217 -0.262108
v -0.120635 0.301217 -0.291239
v -0.061499 0.301217 -0.309178
v -0.318755 0.288766 -0.063405
v -0.300261 0.288766 -0.124372
v -0.270227 0.288766 -0.180561
v -0.229809 0.288766 -0.229810
v -0.180560 0.288766 -0.270228
v -0.124372 0.288766 -0.300261
v -0.063405 0.288766 -0.318756
v -0.350000 0.288766 -0.000000
v -0.343275 0.288766 0.068281
v -0.323358 0.288766 0.133939
v -0.291014 0.288766 0.194449
v -0.247488 0.288766 0.247487
v -0.194449 0.288766 0.291014
v -0.133939 0.288766 0.323357
v -0.068282 0.288766 0.343274
v 0.000000 0.288766 0.350000
v -0.345947 0.299533 -0.000000
v -0.339300 0.299533 0.067491
v -0.319613 0.299533 0.132388
v -0.287645 0.299533 0.192198
v -0.244622 0.299533 0.244621
v -0.192198 0.299533 0.287644
v -0.132389 0.299533 0.319613
v -0.067491 0.299533 0.339300
v 0.000000 0.299533 0.345947
v -0.345117 0.307223 -0.000000
v -0.338486 0.307223 0.067329
v -0.318847 0.307223 0.132070
v -0.286954 0.307223 0.191737
v -0.244034 0.307223 0.244034
v -0.191737 0.307223 0.286954
v -0.132070 0.307223 0.318846
v -0.067329 0.307223 0.338485
v 0.000000 0.307223 0.345117
v -0.346924 0.311838 -0.000000
v -0.340258 0.311838 0.067681
v -0.320516 0.311838 0.132762
v -0.288456 0.311838 0.192740
v -0.245312 0.311838 0.245312
v -0.192740 0.311838 0.288456
v -0.132762 0.311838 0.320515
v -0.067681 0.311838 0.340257
v 0.000000 0.311838 0.346923
v -0.350782 0.313376 -0.000000
v -0.344041 0.313376 0.068434
v -0.324080 0.313376 0.134238
v -0.291664 0.313376 0.194883
v -0.248040 0.313376 0.248039
v -0.194883 0.313376 0.291664
v -0.134238 0.313376 0.324079
v -0.068434 0.313376 0.344041
v 0.000000 0.313376 0.350781
v -0.356104 0.311838 -0.000000
v -0.349261 0.311838 0.069472
v -0.328997 0.311838 0.136275
v -0.296090 0.311838 0.197840
v -0.251803 0.311838 0.251803
v -0.197840 0.311838 0.296089
v -0.136275 0.311838 0.328996
v -0.069472 0.311838 0.349261
v 0.000000 0.311838 0.356103
v -0.362305 0.307223 -0.000000
v -0.355343 0.307223 0.070682
v -0.334725 0.307223 0.138648
v -0.301245 0.307223 0.201285
v -0.256188 0.307223 0.256188
v -0.201285 0.307223 0.301245
v -0.138648 0.307223 0.334725
v -0.070682 0.307223 0.355343
v 0.000000 0.307223 0.362304
v -0.368799 0.299533 -0.000000
v -0.361712 0.299533 0.071949
v -0.340726 0.299533 0.141133
v -0.306645 0.299533 0.204893
v -0.260780 0.299533 0.260780
v -0.204893 0.299533 0.306645
v -0.141133 0.299533 0.340725
v -0.071949 0.299533 0.361712
v 0.000000 0.299533 0.368798
v -0.375000 0.288766 -0.000000
v -0.367795 0.288766 0.073159
v -0.346455 0.288766 0.143506
v -0.311801 0.288766 0.208339
v -0.265165 0.288766 0.265165
v -0.208339 0.288766 0.311801
v -0.143506 0.288766 0.346454
v -0.073159 0.288766 0.367794
v 0.000000 0.288766 0.375000
v 0.068282 0.288766 0.343274
v 0.133939 0.288766 0.323357
v 0.194449 0.288766 0.291014
v 0.247488 0.288766 0.247487
v 0.291014 0.288766 0.194449
v 0.323358 0.288766 0.133939
v 0.343275 0.288766 0.068281
v 0.350000 0.288766 -0.000000
v 0.067491 0.299533 0.339300
v 0.132389 0.299533 0.319613
v 0.192198 0.299533 0.287644
v 0.244622 0.299533 0.244621
v 0.287645 0.299533 0.192198
v 0.319613 0.299533 0.132388
v 0.339300 0.299533 0.067491
v 0.345947 0.299533 -0.000000
v 0.067329 0.307223 0.338485
v 0.132070 0.307223 0.318846
v 0.191737 0.307223 0.286954
v 0.244034 0.307223 0.244034
v 0.286954 0.307223 0.191737
v 0.318847 0.307223 0.132070
v 0.338486 0.307223 0.067329
v 0.345117 0.307223 -0.000000
v 0.067681 0.311838 0.340257
v 0.132762 0.311838 0.320515
v 0.192740 0.311838 0.288456
v 0.245312 0.311838 0.245312
v 0.288456 0.311838 0.192740
v 0.320516 0.311838 0.132762
v 0.340258 0.311838 0.067681
v 0.346924 0.311838 -0.000000
v 0.068434 0.313376 0.344041
v 0.134238 0.313376 0.324079
v 0.194883 0.313376 0.291664
v 0.248040 0.313376 0.248039
v 0.291664 0.313376 0.194883
v 0.324080 0.313376 0.134238
v 0.344041 0.313376 0.068434
v 0.350782 0.313376 -0.000000
v 0.069472 0.311838 0.349261
v 0.136275 0.311838 0.328996
v 0.197840 0.311838 0.296089
v 0.251803 0.311838 0.251803
v 0.296090 0.311838 0.197840
v 0.328997 0.311838 0.136275
v 0.349261 0.311838 0.069472
v 0.356104 0.311838 -0.000000
v 0.070682 0.307223 0.355343
v 0.138648 0.307223 0.334725
v 0.201285 0.307223 0.301245
v 0.256188 0.307223 0.256188
v 0.301245 0.307223 0.201285
v 0.334725 0.307223 0.138648
v 0.355343 0.307223 0.070682
v 0.362305 0.307223 -0.000000
v 0.071949 0.299533 0.361712
v 0.141133 0.299533 0.340725
v 0.204893 0.299533 0.306645
v 0.260780 0.299533 0.260780
v 0.306645 0.299533 0.204893
v 0.340726 0.299533 0.141133
v 0.361712 0.299533 0.071949
v 0.368799 0.299533 -0.000000
v 0.073159 0.288766 0.367794
v 0.143506 0.288766 0.346454
v 0.208339 0.288766 0.311801
v 0.265165 0.288766 0.265165
v 0.311801 0.288766 0.208339
v 0.346455 0.288766 0.143506
v 0.367795 0.288766 0.073159
v 0.375000 0.288766 -0.000000
v 0.000000 0.288766 -0.350000
v 0.068282 0.288766 -0.343275
v 0.133939 0.288766 -0.323358
v 0.194449 0.288766 -0.291015
v 0.247488 0.288766 -0.247488
v 0.291014 0.288766 -0.194450
v 0.323358 0.288766 -0.133940
v 0.343275 0.288766 -0.068282
v 0.000000 0.299533 -0.345948
v 0.067491 0.299533 -0.339300
v 0.132389 0.299533 -0.319614
v 0.192198 0.299533 -0.287645
v 0.244622 0.299533 -0.244622
v 0.287645 0.299533 -0.192198
v 0.319613 0.299533 -0.132389
v 0.339300 0.299533 -0.067491
v 0.000000 0.307223 -0.345118
v 0.067329 0.307223 -0.338486
v 0.132070 0.307223 -0.318847
v 0.191737 0.307223 -0.286955
v 0.244034 0.307223 -0.244035
v 0.286954 0.307223 -0.191737
v 0.318847 0.307223 -0.132071
v 0.338486 0.307223 -0.067329
v 0.000000 0.311837 -0.346924
v 0.067681 0.311837 -0.340258
v 0.132762 0.311837 -0.320516
v 0.192740 0.311837 -0.288457
v 0.245312 0.311838 -0.245312
v 0.288456 0.311838 -0.192741
v 0.320516 0.311838 -0.132762
v 0.340258 0.311838 -0.067682
v 0.000000 0.313376 -0.350782
v 0.068434 0.313376 -0.344041
v 0.134238 0.313376 -0.324080
v 0.194883 0.313376 -0.291664
v 0.248040 0.313376 -0.248040
v 0.291664 0.313376 -0.194884
v 0.324080 0.313376 -0.134238
v 0.344041 0.313376 -0.068434
v 0.000000 0.311837 -0.356104
v 0.069472 0.311837 -0.349261
v 0.136275 0.311837 -0.328997
v 0.197840 0.311837 -0.296090
v 0.251803 0.311837 -0.251804
v 0.296090 0.311838 -0.197841
v 0.328997 0.311838 -0.136275
v 0.349261 0.311838 -0.069473
v 0.000000 0.307223 -0.362305
v 0.070682 0.307223 -0.355343
v 0.138648 0.307223 -0.334726
v 0.201285 0.307223 -0.301246
v 0.256188 0.307223 -0.256188
v 0.301245 0.307223 -0.201286
v 0.334725 0.307223 -0.138648
v 0.355343 0.307223 -0.070682
v 0.000000 0.299533 -0.368799
v 0.071949 0.299533 -0.361713
v 0.141133 0.299533 -0.340726
v 0.204893 0.299533 -0.306645
v 0.260780 0.299533 -0.260781
v 0.306645 0.299533 -0.204894
v 0.340726 0.299533 -0.141134
v 0.361712 0.299533 -0.071949
v 0.000000 0.288766 -0.375000
v 0.073159 0.288766 -0.367795
v 0.143506 0.288766 -0.346455
v 0.208339 0.288766 -0.311801
v 0.265165 0.288766 -0.265165
v 0.311801 0.288766 -0.208339
v 0.346455 0.288766 -0.143507
v 0.367795 0.288766 -0.073159
v -0.343275 0.288766 -0.068282
v -0.323358 0.288766 -0.133940
v -0.291014 0.288766 -0.194450
v -0.247488 0.288766 -0.247488
v -0.194449 0.288766 -0.291015
v -0.133939 0.288766 -0.323358
v -0.068282 0.288766 -0.343275
v -0.339300 0.299533 -0.067491
v -0.319613 0.299533 -0.132389
v -0.287645 0.299533 -0.192198
v -0.244622 0.299533 -0.244622
v -0.192198 0.299533 -0.287645
v -0.132389 0.299533 -0.319614
v -0.067491 0.299533 -0.339300
v -0.338486 0.307223 -0.067329
v -0.318847 0.307223 -0.132071
v -0.286954 0.307223 -0.191737
v -0.244034 0.307223 -0.244035
v -0.191737 0.307223 -0.286955
v -0.132070 0.307223 -0.318847
v -0.067329 0.307223 -0.338486
v -0.340258 0.311838 -0.067682
v -0.320516 0.311838 -0.132762
v -0.288456 0.311838 -0.192741
v -0.245312 0.311838 -0.245312
v -0.192740 0.311837 -0.288457
v -0.132762 0.311837 -0.320516
v -0.067681 0.311837 -0.340258
v -0.344041 0.313376 -0.068434
v -0.324080 0.313376 -0.134238
v -0.291664 0.313376 -0.194884
v -0.248040 0.313376 -0.248040
v -0.194883 0.313376 -0.291664
v -0.134238 0.313376 -0.324080
v -0.068434 0.313376 -0.344041
v -0.349261 0.311838 -0.069473
v -0.328997 0.311838 -0.136275
v -0.296090 0.311838 -0.197841
v -0.251803 0.311837 -0.251804
v -0.197840 0.311837 -0.296090
v -0.136275 0.311837 -0.328997
v -0.069472 0.311837 -0.349261
v -0.355343 0.307223 -0.070682
v -0.334725 0.307223 -0.138648
v -0.301245 0.307223 -0.201286
v -0.256188 0.307223 -0.256188
v -0.201285 0.307223 -0.301246
v -0.138648 0.307223 -0.334726
v -0.070682 0.307223 -0.355343
v -0.361712 0.299533 -0.071949
v -0.340726 0.299533 -0.141134
v -0.306645 0.299533 -0.204894
v -0.260780 0.299533 -0.260781
v -0.204893 0.299533 -0.306645
v -0.141133 0.299533 -0.340726
v -0.071949 0.299533 -0.361713
v -0.367795 0.288766 -0.073159
v -0.346455 0.288766 -0.143507
v -0.311801 0.288766 -0.208339
v -0.265165 0.288766 -0.265165
v -0.208339 0.288766 -0.311802
v -0.143506 0.288766 -0.346455
v -0.073159 0.288766 -0.367795
v -0.390662 0.239584 0.077707
v -0.367996 0.239584 0.152428
v -0.331187 0.239584 0.221292
v -0.281651 0.239584 0.281651
v -0.221292 0.239584 0.331187
v -0.152428 0.239584 0.367995
v -0.077707 0.239584 0.390662
v 0.000000 0.239584 0.398315
v -0.412811 0.190622 0.082113
v -0.388860 0.190622 0.161071
v -0.349964 0.190622 0.233838
v -0.297620 0.190622 0.297620
v -0.233838 0.190622 0.349964
v -0.161071 0.190622 0.388859
v -0.082113 0.190622 0.412811
v 0.000000 0.190622 0.420898
v -0.442017 0.142099 -0.000000
v -0.433523 0.142099 0.086233
v -0.408370 0.142099 0.169152
v -0.367523 0.142099 0.245571
v -0.312553 0.142099 0.312553
v -0.245571 0.142099 0.367523
v -0.169152 0.142099 0.408370
v -0.086233 0.142099 0.433523
v 0.000000 0.142099 0.442016
v -0.460938 0.094235 -0.000000
v -0.452081 0.094235 0.089924
v -0.425851 0.094235 0.176393
v -0.383256 0.094235 0.256083
v -0.325932 0.094235 0.325932
v -0.256083 0.094235 0.383255
v -0.176393 0.094235 0.425850
v -0.089924 0.094235 0.452080
v 0.000000 0.094235 0.460937
v -0.476929 0.047250 -0.000000
v -0.467764 0.047250 0.093044
v -0.440625 0.047250 0.182512
v -0.396552 0.047250 0.264967
v -0.337240 0.047250 0.337239
v -0.264968 0.047250 0.396551
v -0.182513 0.047250 0.440624
v -0.093044 0.047250 0.467764
v 0.000000 0.047250 0.476928
v -0.489258 0.001364 -0.000000
v -0.479857 0.001364 0.095449
v -0.452015 0.001364 0.187231
v -0.406803 0.001364 0.271817
v -0.345957 0.001364 0.345957
v -0.271817 0.001364 0.406803
v -0.187231 0.001364 0.452015
v -0.095449 0.001364 0.479856
v 0.000000 0.001364 0.489257
v -0.497193 -0.043204 0.000000
v -0.487639 -0.043204 0.096997
v -0.459346 -0.043204 0.190267
v -0.413401 -0.043204 0.276225
v -0.351568 -0.043204 0.351568
v -0.276225 -0.043204 0.413400
v -0.190268 -0.043204 0.459346
v -0.096997 -0.043204 0.487639
v 0.000000 -0.043204 0.497192
v -0.490393 -0.086234 0.097545
v -0.461940 -0.086234 0.191341
v -0.415734 -0.086234 0.277785
v -0.353554 -0.086234 0.353553
v -0.277785 -0.086234 0.415734
v -0.191342 -0.086234 0.461939
v -0.097545 -0.086234 0.490392
v 0.000000 -0.086234 0.500000
v 0.077707 0.239584 0.390661
v 0.152428 0.239584 0.367995
v 0.221292 0.239584 0.331187
v 0.281651 0.239584 0.281651
v 0.331187 0.239584 0.221292
v 0.367996 0.239584 0.152428
v 0.390662 0.239584 0.077707
v 0.398315 0.239584 -0.000000
v 0.082113 0.190622 0.412811
v 0.161071 0.190622 0.388859
v 0.233838 0.190622 0.349964
v 0.297620 0.190622 0.297620
v 0.349964 0.190622 0.233838
v 0.388860 0.190622 0.161071
v 0.412811 0.190622 0.082113
v 0.420898 0.190622 -0.000000
v 0.086233 0.142099 0.433523
v 0.169152 0.142099 0.408370
v 0.245571 0.142099 0.367523
v 0.312553 0.142099 0.312553
v 0.367523 0.142099 0.245571
v 0.408370 0.142099 0.169152
v 0.433523 0.142099 0.086233
v 0.442017 0.142099 -0.000000
v 0.089924 0.094235 0.452080
v 0.176393 0.094235 0.425850
v 0.256083 0.094235 0.383255
v 0.325932 0.094235 0.325932
v 0.383256 0.094235 0.256083
v 0.425851 0.094235 0.176393
v 0.452081 0.094235 0.089924
v 0.460938 0.094235 -0.000000
v 0.093044 0.047250 0.467764
v 0.182513 0.047250 0.440624
v 0.264968 0.047250 0.396551
v 0.337240 0.047250 0.337239
v 0.396552 0.047250 0.264967
v 0.440625 0.047250 0.182512
v 0.467764 0.047250 0.093044
v 0.095449 0.001364 0.479856
v 0.187231 0.001364 0.452015
v 0.271817 0.001364 0.406803
v 0.345957 0.001364 0.345957
v 0.406803 0.001364 0.271817
v 0.452015 0.001364 0.187231
v 0.096997 -0.043204 0.487639
v 0.190268 -0.043204 0.459346
v 0.276225 -0.043204 0.413400
v 0.351568 -0.043204 0.351568
v 0.413401 -0.043204 0.276225
v 0.459346 -0.043204 0.190267
v 0.097545 -0.086234 0.490392
v 0.191342 -0.086234 0.461939
v 0.277785 -0.086234 0.415734
v 0.353554 -0.086234 0.353553
v 0.415734 -0.086234 0.277785
v 0.461940 -0.086234 0.191341
v 0.000000 0.239584 -0.398316
v 0.077707 0.239584 -0.390662
v 0.152428 0.239584 -0.367996
v 0.221292 0.239584 -0.331188
v 0.281651 0.239584 -0.281652
v 0.331187 0.239584 -0.221292
v 0.367996 0.239584 -0.152429
v 0.390662 0.239584 -0.077708
v 0.000000 0.190622 -0.420899
v 0.082113 0.190622 -0.412811
v 0.161071 0.190622 -0.388860
v 0.233838 0.190622 -0.349965
v 0.297620 0.190622 -0.297621
v 0.349964 0.190622 -0.233839
v 0.388860 0.190622 -0.161071
v 0.412811 0.190622 -0.082113
v 0.000000 0.142099 -0.442017
v 0.086233 0.142099 -0.433524
v 0.169152 0.142099 -0.408370
v 0.245571 0.142099 -0.367524
v 0.312553 0.142099 -0.312553
v 0.367523 0.142099 -0.245572
v 0.408370 0.142099 -0.169153
v 0.433523 0.142099 -0.086233
v 0.000000 0.094235 -0.460938
v 0.089924 0.094235 -0.452081
v 0.176393 0.094235 -0.425851
v 0.256083 0.094235 -0.383256
v 0.325932 0.094235 -0.325932
v 0.383256 0.094235 -0.256084
v 0.425851 0.094235 -0.176393
v 0.452081 0.094235 -0.089925
v 0.000000 0.047250 -0.476929
v 0.093044 0.047250 -0.467765
v 0.182513 0.047250 -0.440625
v 0.264968 0.047250 -0.396552
v 0.337240 0.047250 -0.337240
v 0.396552 0.047250 -0.264968
v 0.440625 0.047250 -0.182513
v 0.467764 0.047250 -0.093044
v 0.000000 0.001364 -0.489258
v 0.095449 0.001364 -0.479857
v 0.187231 0.001364 -0.452016
v 0.271817 0.001364 -0.406803
v 0.345957 0.001364 -0.345958
v 0.406803 0.001364 -0.271817
v 0.452015 0.001364 -0.187231
v 0.000000 -0.043204 -0.497193
v 0.096997 -0.043204 -0.487639
v 0.190268 -0.043204 -0.459346
v 0.276225 -0.043204 -0.413401
v 0.351568 -0.043204 -0.351568
v 0.413401 -0.043204 -0.276226
v 0.459346 -0.043204 -0.190268
v 0.000000 -0.086234 -0.500000
v 0.097545 -0.086234 -0.490393
v 0.191342 -0.086234 -0.461940
v 0.277785 -0.086234 -0.415735
v 0.353554 -0.086234 -0.353554
v 0.415734 -0.086234 -0.277785
v 0.461940 -0.086234 -0.191342
v -0.390662 0.239584 -0.077708
v -0.367996 0.239584 -0.152429
v -0.331187 0.239584 -0.221293
v -0.281651 0.239584 -0.281652
v -0.221292 0.239584 -0.331188
v -0.152428 0.239584 -0.367996
v -0.077707 0.239584 -0.390662
v -0.412811 0.190622 -0.082114
v -0.388860 0.190622 -0.161071
v -0.349964 0.190622 -0.233839
v -0.297620 0.190622 -0.297621
v -0.233838 0.190622 -0.349965
v -0.161071 0.190622 -0.388860
v -0.082113 0.190622 -0.412811
v -0.433523 0.142099 -0.086233
v -0.408370 0.142099 -0.169153
v -0.367523 0.142099 -0.245572
v -0.312553 0.142099 -0.312553
v -0.245571 0.142099 -0.367524
v -0.169152 0.142099 -0.408370
v -0.086233 0.142099 -0.433524
v -0.452081 0.094235 -0.089925
v -0.425851 0.094235 -0.176393
v -0.383256 0.094235 -0.256084
v -0.325932 0.094235 -0.325932
v -0.256083 0.094235 -0.383256
v -0.176393 0.094235 -0.425851
v -0.089924 0.094235 -0.452081
v -0.467764 0.047250 -0.093044
v -0.440625 0.047250 -0.182513
v -0.396552 0.047250 -0.264968
v -0.337240 0.047250 -0.337240
v -0.264968 0.047250 -0.396552
v -0.182513 0.047250 -0.440625
v -0.093044 0.047250 -0.467765
v -0.479857 0.001364 -0.095450
v -0.452015 0.001364 -0.187231
v -0.406803 0.001364 -0.271817
v -0.345957 0.001364 -0.345958
v -0.271817 0.001364 -0.406803
v -0.187231 0.001364 -0.452016
v -0.095449 0.001364 -0.479857
v -0.487639 -0.043204 -0.096998
v -0.459346 -0.043204 -0.190268
v -0.413401 -0.043204 -0.276226
v -0.351568 -0.043204 -0.351568
v -0.276225 -0.043204 -0.413401
v -0.190268 -0.043204 -0.459346
v -0.096997 -0.043204 -0.487639
v -0.490393 -0.086234 -0.097545
v -0.461940 -0.086234 -0.191342
v -0.415734 -0.086234 -0.277785
v -0.353554 -0.086234 -0.353554
v -0.277785 -0.086234 -0.415735
v -0.191342 -0.086234 -0.461940
v -0.097545 -0.086234 -0.490393
v -0.485124 -0.125821 0.096497
v -0.456977 -0.125821 0.189286
v -0.411269 -0.125821 0.274801
v -0.349755 -0.125821 0.349755
v -0.274801 -0.125821 0.411269
v -0.189287 -0.125821 0.456977
v -0.096497 -0.125821 0.485124
v 0.000000 -0.125821 0.494629
v -0.471236 -0.160355 0.093735
v -0.443895 -0.160355 0.183867
v -0.399495 -0.160355 0.266934
v -0.339743 -0.160355 0.339742
v -0.266934 -0.160355 0.399495
v -0.183867 -0.160355 0.443895
v -0.093735 -0.160355 0.471236
v 0.000000 -0.160355 0.480468
v -0.460449 -0.190055 0.000000
v -0.451602 -0.190055 0.089829
v -0.425400 -0.190055 0.176206
v -0.382850 -0.190055 0.255812
v -0.325586 -0.190055 0.325586
v -0.255812 -0.190055 0.382849
v -0.176206 -0.190054 0.425399
v -0.089829 -0.190054 0.451601
v 0.000000 -0.190054 0.460449
v -0.437500 -0.215140 0.000000
v -0.429094 -0.215140 0.085352
v -0.404197 -0.215140 0.167424
v -0.363768 -0.215140 0.243062
v -0.309359 -0.215140 0.309359
v -0.243062 -0.215140 0.363768
v -0.167424 -0.215140 0.404197
v -0.085352 -0.215140 0.429094
v 0.000000 -0.215140 0.437500
v -0.414551 -0.235831 0.000000
v -0.406585 -0.235831 0.080875
v -0.382995 -0.235831 0.158641
v -0.344687 -0.235831 0.230312
v -0.293132 -0.235831 0.293132
v -0.230312 -0.235831 0.344687
v -0.158642 -0.235831 0.382995
v -0.080875 -0.235831 0.406585
v 0.000000 -0.235831 0.414551
v -0.394531 -0.252347 0.000000
v -0.386950 -0.252347 0.076969
v -0.364499 -0.252347 0.150980
v -0.328041 -0.252347 0.219190
v -0.278976 -0.252347 0.278976
v -0.219190 -0.252347 0.328041
v -0.150981 -0.252347 0.364499
v -0.076969 -0.252347 0.386950
v 0.000000 -0.252347 0.394531
v -0.380371 -0.264908 0.000000
v -0.373062 -0.264908 0.074207
v -0.351417 -0.264908 0.145561
v -0.316267 -0.264908 0.211323
v -0.268963 -0.264908 0.268963
v -0.211323 -0.264908 0.316267
v -0.145562 -0.264908 0.351417
v -0.074207 -0.264908 0.373062
v 0.000000 -0.264908 0.380371
v -0.375000 -0.273734 0.000000
v -0.367795 -0.273734 0.073159
v -0.346455 -0.273734 0.143506
v -0.311801 -0.273734 0.208339
v -0.265165 -0.273734 0.265165
v -0.208339 -0.273734 0.311801
v -0.143506 -0.273734 0.346455
v -0.073159 -0.273734 0.367795
v 0.000000 -0.273734 0.375000
v 0.096497 -0.125821 0.485124
v 0.189287 -0.125821 0.456977
v 0.274801 -0.125821 0.411269
v 0.349755 -0.125821 0.349755
v 0.411269 -0.125821 0.274801
v 0.456977 -0.125821 0.189286
v 0.485124 -0.125821 0.096497
v 0.093735 -0.160355 0.471236
v 0.183867 -0.160355 0.443895
v 0.266934 -0.160355 0.399495
v 0.339743 -0.160355 0.339742
v 0.399495 -0.160355 0.266934
v 0.443895 -0.160355 0.183867
v 0.471236 -0.160355 0.093735
v 0.480469 -0.160355 0.000000
v 0.089829 -0.190054 0.451601
v 0.176206 -0.190054 0.425399
v 0.255812 -0.190055 0.382849
v 0.325586 -0.190055 0.325586
v 0.382850 -0.190055 0.255812
v 0.425400 -0.190055 0.176206
v 0.451602 -0.190055 0.089829
v 0.460449 -0.190055 0.000000
v 0.085352 -0.215140 0.429094
v 0.167424 -0.215140 0.404197
v 0.243062 -0.215140 0.363768
v 0.309359 -0.215140 0.309359
v 0.363768 -0.215140 0.243062
v 0.404197 -0.215140 0.167424
v 0.429094 -0.215140 0.085352
v 0.437500 -0.215140 0.000000
v 0.080875 -0.235831 0.406585
v 0.158642 -0.235831 0.382995
v 0.230312 -0.235831 0.344687
v 0.293132 -0.235831 0.293132
v 0.344687 -0.235831 0.230312
v 0.382995 -0.235831 0.158641
v 0.406585 -0.235831 0.080875
v 0.414551 -0.235831 0.000000
v 0.076969 -0.252347 0.386950
v 0.150981 -0.252347 0.364499
v 0.219190 -0.252347 0.328041
v 0.278976 -0.252347 0.278976
v 0.328041 -0.252347 0.219190
v 0.364499 -0.252347 0.150980
v 0.386950 -0.252347 0.076969
v 0.394531 -0.252347 0.000000
v 0.074207 -0.264908 0.373062
v 0.145562 -0.264908 0.351417
v 0.211323 -0.264908 0.316267
v 0.268963 -0.264908 0.268963
v 0.316267 -0.264908 0.211323
v 0.351417 -0.264908 0.145561
v 0.373062 -0.264908 0.074207
v 0.380371 -0.264908 0.000000
v 0.073159 -0.273734 0.367795
v 0.143506 -0.273734 0.346455
v 0.208339 -0.273734 0.311801
v 0.265165 -0.273734 0.265165
v 0.311801 -0.273734 0.208339
v 0.346455 -0.273734 0.143506
v 0.367795 -0.273734 0.073159
v 0.375000 -0.273734 0.000000
v 0.000000 -0.125821 -0.494629
v 0.096497 -0.125821 -0.485125
v 0.189287 -0.125821 -0.456978
v 0.274801 -0.125821 -0.411269
v 0.349755 -0.125821 -0.349756
v 0.411269 -0.125821 -0.274801
v 0.456977 -0.125821 -0.189287
v 0.485124 -0.125821 -0.096498
v 0.000000 -0.160355 -0.480469
v 0.093735 -0.160355 -0.471237
v 0.183867 -0.160355 -0.443896
v 0.266934 -0.160355 -0.399496
v 0.339743 -0.160355 -0.339743
v 0.399495 -0.160355 -0.266935
v 0.443895 -0.160355 -0.183868
v 0.471236 -0.160355 -0.093735
v 0.000000 -0.190055 -0.460449
v 0.089829 -0.190055 -0.451602
v 0.176206 -0.190055 -0.425400
v 0.255812 -0.190055 -0.382850
v 0.325586 -0.190055 -0.325587
v 0.382850 -0.190055 -0.255812
v 0.425400 -0.190055 -0.176207
v 0.451602 -0.190055 -0.089829
v 0.000000 -0.215140 -0.437500
v 0.085352 -0.215140 -0.429094
v 0.167424 -0.215140 -0.404197
v 0.243062 -0.215140 -0.363768
v 0.309359 -0.215140 -0.309359
v 0.363768 -0.215140 -0.243062
v 0.404197 -0.215140 -0.167424
v 0.429094 -0.215140 -0.085352
v 0.000000 -0.235831 -0.414551
v 0.080875 -0.235831 -0.406585
v 0.158642 -0.235831 -0.382995
v 0.230312 -0.235831 -0.344687
v 0.293132 -0.235831 -0.293132
v 0.344687 -0.235831 -0.230312
v 0.382995 -0.235831 -0.158642
v 0.406585 -0.235831 -0.080875
v 0.000000 -0.252347 -0.394531
v 0.076969 -0.252347 -0.386950
v 0.150981 -0.252347 -0.364499
v 0.219190 -0.252347 -0.328041
v 0.278976 -0.252347 -0.278976
v 0.328041 -0.252347 -0.219190
v 0.364499 -0.252347 -0.150981
v 0.386950 -0.252347 -0.076969
v 0.000000 -0.264908 -0.380371
v 0.074207 -0.264908 -0.373062
v 0.145562 -0.264908 -0.351417
v 0.211323 -0.264908 -0.316267
v 0.268963 -0.264908 -0.268963
v 0.316267 -0.264908 -0.211323
v 0.351417 -0.264908 -0.145562
v 0.373062 -0.264908 -0.074207
v 0.000000 -0.273734 -0.375000
v 0.073159 -0.273734 -0.367795
v 0.143506 -0.273734 -0.346455
v 0.208339 -0.273734 -0.311801
v 0.265165 -0.273734 -0.265165
v 0.311801 -0.273734 -0.208339
v 0.346455 -0.273734 -0.143507
v 0.367795 -0.273734 -0.073159
v -0.485124 -0.125821 -0.096498
v -0.456977 -0.125821 -0.189287
v -0.411269 -0.125821 -0.274802
v -0.349755 -0.125821 -0.349756
v -0.274801 -0.125821 -0.411269
v -0.189287 -0.125821 -0.456978
v -0.096497 -0.125821 -0.485125
v -0.471236 -0.160355 -0.093735
v -0.443895 -0.160355 -0.183868
v -0.399495 -0.160355 -0.266935
v -0.339743 -0.160355 -0.339743
v -0.266934 -0.160355 -0.399496
v -0.183867 -0.160355 -0.443896
v -0.093735 -0.160355 -0.471237
v -0.451602 -0.190055 -0.089829
v -0.425400 -0.190055 -0.176207
v -0.382850 -0.190055 -0.255812
v -0.325586 -0.190055 -0.325587
v -0.255812 -0.190055 -0.382850
v -0.176206 -0.190055 -0.425400
v -0.089829 -0.190055 -0.451602
v -0.429094 -0.215140 -0.085352
v -0.404197 -0.215140 -0.167424
v -0.363768 -0.215140 -0.243062
v -0.309359 -0.215140 -0.309359
v -0.243062 -0.215140 -0.363768
v -0.167424 -0.215140 -0.404197
v -0.085352 -0.215140 -0.429094
v -0.406585 -0.235831 -0.080875
v -0.382995 -0.235831 -0.158642
v -0.344687 -0.235831 -0.230312
v -0.293132 -0.235831 -0.293132
v -0.230312 -0.235831 -0.344687
v -0.158642 -0.235831 -0.382995
v -0.080875 -0.235831 -0.406585
v -0.386950 -0.252347 -0.076969
v -0.364499 -0.252347 -0.150981
v -0.328041 -0.252347 -0.219190
v -0.278976 -0.252347 -0.278976
v -0.219190 -0.252347 -0.328041
v -0.150981 -0.252347 -0.364499
v -0.076969 -0.252347 -0.386950
v -0.373062 -0.264908 -0.074207
v -0.351417 -0.264908 -0.145562
v -0.316267 -0.264908 -0.211323
v -0.268963 -0.264908 -0.268963
v -0.211323 -0.264908 -0.316267
v -0.145562 -0.264908 -0.351417
v -0.074207 -0.264908 -0.373062
v -0.367795 -0.273734 -0.073159
v -0.346455 -0.273734 -0.143507
v -0.311801 -0.273734 -0.208339
v -0.265165 -0.273734 -0.265165
v -0.208339 -0.273734 -0.311801
v -0.143506 -0.273734 -0.346455
v -0.073159 -0.273734 -0.367795
v -0.373498 -0.280728 0.000000
v -0.366322 -0.280728 0.072866
v -0.345068 -0.280728 0.142931
v -0.310553 -0.280728 0.207504
v -0.264104 -0.280728 0.264104
v -0.207504 -0.280728 0.310553
v -0.142932 -0.280728 0.345068
v -0.072866 -0.280728 0.366322
v 0.000000 -0.280728 0.373498
v -0.366504 -0.287503 0.000000
v -0.359461 -0.287503 0.071502
v -0.338605 -0.287503 0.140255
v -0.304737 -0.287503 0.203618
v -0.259158 -0.287503 0.259158
v -0.203618 -0.287503 0.304737
v -0.140255 -0.287503 0.338605
v -0.071502 -0.287503 0.359461
v 0.000000 -0.287503 0.366504
v -0.350281 -0.293839 0.000000
v -0.343551 -0.293839 0.068337
v -0.323617 -0.293839 0.134046
v -0.291248 -0.293839 0.194605
v -0.247686 -0.293839 0.247686
v -0.194605 -0.293839 0.291248
v -0.134046 -0.293839 0.323617
v -0.068337 -0.293839 0.343551
v 0.000000 -0.293839 0.350281
v -0.321093 -0.299515 0.000000
v -0.314924 -0.299515 0.062642
v -0.296652 -0.299515 0.122878
v -0.266980 -0.299515 0.178390
v -0.227048 -0.299515 0.227048
v -0.178390 -0.299515 0.266980
v -0.122877 -0.299515 0.296652
v -0.062642 -0.299515 0.314924
v 0.000000 -0.299515 0.321093
v -0.275207 -0.304312 0.000000
v -0.269920 -0.304312 0.053691
v -0.254259 -0.304312 0.105318
v -0.228826 -0.304312 0.152897
v -0.194601 -0.304312 0.194601
v -0.152897 -0.304312 0.228826
v -0.105318 -0.304312 0.254259
v -0.053691 -0.304312 0.269920
v 0.000000 -0.304312 0.275207
v -0.208887 -0.308011 0.000000
v -0.204873 -0.308011 0.040752
v -0.192986 -0.308011 0.079938
v -0.173683 -0.308011 0.116051
v -0.147705 -0.308011 0.147705
v -0.116051 -0.308011 0.173683
v -0.079938 -0.308011 0.192986
v -0.040752 -0.308011 0.204873
v 0.000000 -0.308011 0.208887
v -0.118396 -0.310391 0.000000
v -0.116121 -0.310391 0.023098
v -0.109384 -0.310391 0.045308
v -0.098443 -0.310391 0.065778
v -0.083719 -0.310391 0.083719
v -0.065778 -0.310391 0.098443
v -0.045308 -0.310391 0.109384
v -0.023098 -0.310391 0.116121
v 0.000000 -0.310391 0.118396
v 0.000000 -0.311234 0.000000
v 0.072866 -0.280728 0.366322
v 0.142932 -0.280728 0.345068
v 0.207504 -0.280728 0.310553
v 0.264104 -0.280728 0.264104
v 0.310553 -0.280728 0.207504
v 0.345068 -0.280728 0.142931
v 0.366322 -0.280728 0.072866
v 0.373498 -0.280728 0.000000
v 0.071502 -0.287503 0.359461
v 0.140255 -0.287503 0.338605
v 0.203618 -0.287503 0.304737
v 0.259158 -0.287503 0.259158
v 0.304737 -0.287503 0.203618
v 0.338605 -0.287503 0.140255
v 0.359461 -0.287503 0.071502
v 0.366504 -0.287503 0.000000
v 0.068337 -0.293839 0.343551
v 0.134046 -0.293839 0.323617
v 0.194605 -0.293839 0.291248
v 0.247686 -0.293839 0.247686
v 0.291248 -0.293839 0.194605
v 0.323617 -0.293839 0.134046
v 0.343551 -0.293839 0.068337
v 0.350281 -0.293839 0.000000
v 0.062642 -0.299515 0.314924
v 0.122878 -0.299515 0.296652
v 0.178390 -0.299515 0.266980
v 0.227048 -0.299515 0.227048
v 0.266980 -0.299515 0.178390
v 0.296652 -0.299515 0.122877
v 0.314924 -0.299515 0.062642
v 0.321093 -0.299515 0.000000
v 0.053691 -0.304312 0.269920
v 0.105318 -0.304312 0.254259
v 0.152897 -0.304312 0.228826
v 0.194601 -0.304312 0.194601
v 0.228826 -0.304312 0.152897
v 0.254259 -0.304312 0.105318
v 0.269920 -0.304312 0.053691
v 0.275207 -0.304312 0.000000
v 0.040752 -0.308011 0.204873
v 0.079938 -0.308011 0.192986
v 0.116051 -0.308011 0.173683
v 0.147705 -0.308011 0.147705
v 0.173683 -0.308011 0.116051
v 0.192986 -0.308011 0.079938
v 0.204873 -0.308011 0.040752
v 0.208887 -0.308011 0.000000
v 0.023098 -0.310391 0.116121
v 0.045308 -0.310391 0.109384
v 0.065778 -0.310391 0.098443
v 0.083719 -0.310391 0.083719
v 0.098443 -0.310391 0.065778
v 0.109384 -0.310391 0.045308
v 0.116121 -0.310391 0.023098
v 0.118396 -0.310391 0.000000
v 0.000000 -0.280728 -0.373498
v 0.072866 -0.280728 -0.366322
v 0.142932 -0.280728 -0.345068
v 0.207504 -0.280728 -0.310553
v 0.264104 -0.280728 -0.264104
v 0.310553 -0.280728 -0.207505
v 0.345068 -0.280728 -0.142932
v 0.366322 -0.280728 -0.072866
v 0.000000 -0.287503 -0.366504
v 0.071502 -0.287503 -0.359461
v 0.140255 -0.287503 -0.338605
v 0.203618 -0.287503 -0.304737
v 0.259158 -0.287503 -0.259158
v 0.304737 -0.287503 -0.203619
v 0.338605 -0.287503 -0.140255
v 0.359461 -0.287503 -0.071502
v 0.000000 -0.293839 -0.350281
v 0.068337 -0.293839 -0.343551
v 0.134046 -0.293839 -0.323617
v 0.194605 -0.293839 -0.291248
v 0.247686 -0.293839 -0.247686
v 0.291248 -0.293839 -0.194606
v 0.323617 -0.293839 -0.134047
v 0.343551 -0.293839 -0.068337
v 0.000000 -0.299515 -0.321093
v 0.062642 -0.299515 -0.314924
v 0.122878 -0.299515 -0.296652
v 0.178390 -0.299515 -0.266980
v 0.227048 -0.299515 -0.227048
v 0.266980 -0.299515 -0.178390
v 0.296652 -0.299515 -0.122877
v 0.314924 -0.299515 -0.062642
v 0.000000 -0.304312 -0.275207
v 0.053691 -0.304312 -0.269920
v 0.105318 -0.304312 -0.254259
v 0.152897 -0.304312 -0.228826
v 0.194601 -0.304312 -0.194601
v 0.228826 -0.304312 -0.152897
v 0.254259 -0.304312 -0.105318
v 0.269920 -0.304312 -0.053691
v 0.000000 -0.308011 -0.208887
v 0.040752 -0.308011 -0.204873
v 0.079938 -0.308011 -0.192986
v 0.116051 -0.308011 -0.173683
v 0.147705 -0.308011 -0.147705
v 0.173683 -0.308011 -0.116051
v 0.192986 -0.308011 -0.079938
v 0.204873 -0.308011 -0.040752
v 0.000000 -0.310391 -0.118396
v 0.023098 -0.310391 -0.116121
v 0.045308 -0.310391 -0.109384
v 0.065778 -0.310391 -0.098443
v 0.083719 -0.310391 -0.083719
v 0.098443 -0.310391 -0.065778
v 0.109384 -0.310391 -0.045308
v 0.116121 -0.310391 -0.023098
v -0.366322 -0.280728 -0.072866
v -0.345068 -0.280728 -0.142932
v -0.310553 -0.280728 -0.207505
v -0.264104 -0.280728 -0.264104
v -0.207504 -0.280728 -0.310553
v -0.142932 -0.280728 -0.345068
v -0.072866 -0.280728 -0.366322
v -0.359461 -0.287503 -0.071502
v -0.338605 -0.287503 -0.140255
v -0.304737 -0.287503 -0.203619
v -0.259158 -0.287503 -0.259158
v -0.203618 -0.287503 -0.304737
v -0.140255 -0.287503 -0.338605
v -0.071502 -0.287503 -0.359461
v -0.343551 -0.293839 -0.068337
v -0.323617 -0.293839 -0.134047
v -0.291248 -0.293839 -0.194606
v -0.247686 -0.293839 -0.247686
v -0.194605 -0.293839 -0.291248
v -0.134046 -0.293839 -0.323617
v -0.068337 -0.293839 -0.343551
v -0.314924 -0.299515 -0.062642
v -0.296652 -0.299515 -0.122878
v -0.266980 -0.299515 -0.178390
v -0.227048 -0.299515 -0.227048
v -0.178390 -0.299515 -0.266980
v -0.122877 -0.299515 -0.296652
v -0.062642 -0.299515 -0.314924
v -0.269920 -0.304312 -0.053691
v -0.254259 -0.304312 -0.105318
v -0.228826 -0.304312 -0.152897
v -0.194601 -0.304312 -0.194601
v -0.152897 -0.304312 -0.228826
v -0.105318 -0.304312 -0.254259
v -0.053691 -0.304312 -0.269920
v -0.204873 -0.308011 -0.040752
v -0.192986 -0.308011 -0.079938
v -0.173683 -0.308011 -0.116051
v -0.147705 -0.308011 -0.147705
v -0.116051 -0.308011 -0.173683
v -0.079938 -0.308011 -0.192986
v -0.040752 -0.308011 -0.204873
v -0.116121 -0.310391 -0.023098
v -0.109384 -0.310391 -0.045308
v -0.098443 -0.310391 -0.065778
v -0.083719 -0.310391 -0.083719
v -0.065778 -0.310391 -0.098443
v -0.045308 -0.310391 -0.109384
v -0.023098 -0.310391 -0.116121
v 0.502439 0.021573 -0.000000
v 0.503505 0.016378 0.031617
v 0.506315 0.002684 0.054201
v 0.510288 -0.016678 0.067751
v 0.514843 -0.038872 0.072268
v 0.519396 -0.061067 0.067751
v 0.523369 -0.080428 0.054201
v 0.526179 -0.094123 0.031617
v 0.527245 -0.099317 0.000000
v 0.554685 0.045316 -0.000000
v 0.556364 0.041002 0.029331
v 0.560787 0.029630 0.050282
v 0.567043 0.013552 0.062852
v 0.574214 -0.004879 0.067043
v 0.581384 -0.023309 0.062852
v 0.587640 -0.039387 0.050282
v 0.592063 -0.050759 0.029331
v 0.593742 -0.055073 0.000000
v 0.588183 0.078872 -0.000000
v 0.590171 0.075527 0.026099
v 0.595412 0.066706 0.044742
v 0.602823 0.054235 0.055927
v 0.611318 0.039940 0.059655
v 0.619814 0.025645 0.055927
v 0.627225 0.013174 0.044742
v 0.632466 0.004354 0.026099
v 0.634454 0.001008 -0.000000
v 0.609375 0.119241 -0.000000
v 0.611522 0.116869 0.022394
v 0.617183 0.110619 0.038390
v 0.625187 0.101781 0.047988
v 0.634361 0.091651 0.051187
v 0.643535 0.081521 0.047988
v 0.651538 0.072683 0.038390
v 0.657200 0.066433 0.022394
v 0.659347 0.064062 -0.000000
v 0.624708 0.163417 -0.000000
v 0.627015 0.161948 0.018689
v 0.633096 0.158075 0.032039
v 0.641692 0.152599 0.040049
v 0.651546 0.146322 0.042719
v 0.661400 0.140044 0.040049
v 0.669997 0.134568 0.032039
v 0.676077 0.130696 0.018689
v 0.678384 0.129226 -0.000000
v 0.640628 0.208399 -0.000000
v 0.643245 0.207679 0.015457
v 0.650144 0.205780 0.026499
v 0.659896 0.203096 0.033123
v 0.671078 0.200019 0.035332
v 0.682259 0.196943 0.033123
v 0.692012 0.194259 0.026499
v 0.698911 0.192360 0.015457
v 0.701528 0.191640 -0.000000
v 0.663576 0.251183 -0.000000
v 0.666806 0.250979 0.013171
v 0.675322 0.250442 0.022580
v 0.687361 0.249682 0.028225
v 0.701162 0.248812 0.030107
v 0.714962 0.247941 0.028225
v 0.727001 0.247182 0.022580
v 0.735516 0.246645 0.013171
v 0.738746 0.246441 -0.000000
v 0.700000 0.288766 -0.000000
v 0.800000 0.288766 -0.000000
v 0.465961 0.016426 -0.000000
v 0.463226 0.010407 0.032062
v 0.463228 -0.004482 0.054988
v 0.465333 -0.025209 0.068730
v 0.468372 -0.045581 0.072675
v 0.467862 -0.048932 0.073304
v 0.464922 -0.073929 0.068823
v 0.463202 -0.095689 0.055110
v 0.463245 -0.101615 0.046106
v 0.459637 -0.111770 0.032187
v 0.460253 -0.117331 0.000000
v 0.458670 0.016081 -0.000000
v 0.453802 0.019135 -0.000000
v 0.451017 0.025851 -0.000000
v 0.456140 0.010156 0.032140
v 0.451459 0.012735 0.033613
v 0.448792 0.018449 0.036714
v 0.456478 -0.004783 0.055335
v 0.452100 -0.003299 0.057752
v 0.449657 0.000146 0.062848
v 0.458948 -0.025655 0.069330
v 0.454908 -0.025184 0.072054
v 0.452715 -0.023938 0.077760
v 0.462301 -0.046187 0.073487
v 0.458569 -0.046417 0.076248
v 0.456589 -0.046717 0.081875
v 0.461841 -0.049542 0.074155
v 0.458170 -0.049859 0.076932
v 0.456219 -0.050370 0.082531
v 0.459348 -0.074687 0.069943
v 0.456142 -0.075685 0.072663
v 0.454409 -0.077656 0.077722
v 0.458110 -0.096944 0.056335
v 0.455398 -0.098823 0.058691
v 0.453832 -0.102232 0.062695
v 0.458347 -0.103151 0.047185
v 0.455774 -0.105378 0.049143
v 0.454251 -0.109320 0.052415
v 0.454904 -0.113673 0.032999
v 0.452537 -0.116422 0.034373
v 0.450974 -0.121057 0.036565
v 0.455633 -0.119553 0.000000
v 0.453384 -0.122674 0.000000
v 0.451800 -0.127787 0.000000
v 0.503505 0.016378 -0.031618
v 0.506315 0.002684 -0.054201
v 0.510288 -0.016678 -0.067752
v 0.514843 -0.038872 -0.072268
v 0.519396 -0.061067 -0.067752
v 0.523369 -0.080428 -0.054201
v 0.526179 -0.094123 -0.031618
v 0.556364 0.041002 -0.029332
v 0.560787 0.029630 -0.050283
v 0.567043 0.013552 -0.062853
v 0.574214 -0.004879 -0.067043
v 0.581384 -0.023309 -0.062853
v 0.587640 -0.039387 -0.050283
v 0.592063 -0.050759 -0.029332
v 0.590171 0.075527 -0.026100
v 0.595412 0.066706 -0.044742
v 0.602823 0.054235 -0.055928
v 0.611318 0.039940 -0.059656
v 0.619814 0.025645 -0.055928
v 0.627225 0.013174 -0.044742
v 0.632466 0.004354 -0.026100
v 0.611522 0.116869 -0.022395
v 0.617183 0.110619 -0.038391
v 0.625187 0.101781 -0.047989
v 0.634361 0.091651 -0.051188
v 0.643535 0.081521 -0.047989
v 0.651538 0.072683 -0.038391
v 0.657200 0.066433 -0.022395
v 0.627015 0.161948 -0.018690
v 0.633096 0.158075 -0.032040
v 0.641692 0.152599 -0.040050
v 0.651546 0.146322 -0.042720
v 0.661400 0.140044 -0.040050
v 0.669997 0.134568 -0.032040
v 0.676077 0.130696 -0.018690
v 0.643245 0.207679 -0.015458
v 0.650144 0.205780 -0.026499
v 0.659896 0.203096 -0.033124
v 0.671078 0.200019 -0.035332
v 0.682259 0.196943 -0.033124
v 0.692012 0.194259 -0.026499
v 0.698911 0.192360 -0.015458
v 0.666806 0.250979 -0.013172
v 0.675322 0.250442 -0.022581
v 0.687361 0.249682 -0.028226
v 0.701162 0.248812 -0.030107
v 0.714962 0.247941 -0.028226
v 0.727001 0.247182 -0.022581
v 0.735516 0.246645 -0.013172
v 0.704297 0.288766 -0.012305
v 0.715625 0.288766 -0.021094
v 0.731641 0.288766 -0.026368
v 0.750000 0.288766 -0.028125
v 0.768359 0.288766 -0.026368
v 0.784375 0.288766 -0.021094
v 0.795703 0.288766 -0.012305
v 0.463226 0.010407 -0.032062
v 0.463228 -0.004482 -0.054989
v 0.465333 -0.025209 -0.068731
v 0.468372 -0.045581 -0.072675
v 0.467862 -0.048932 -0.073305
v 0.464922 -0.073929 -0.068824
v 0.463202 -0.095689 -0.055110
v 0.463245 -0.101615 -0.046106
v 0.459637 -0.111770 -0.032188
v 0.456140 0.010156 -0.032140
v 0.451459 0.012735 -0.033613
v 0.448792 0.018449 -0.036714
v 0.456478 -0.004783 -0.055336
v 0.452100 -0.003299 -0.057752
v 0.449657 0.000146 -0.062849
v 0.458948 -0.025655 -0.069330
v 0.454908 -0.025184 -0.072054
v 0.452715 -0.023938 -0.077761
v 0.462301 -0.046187 -0.073488
v 0.458569 -0.046417 -0.076248
v 0.456589 -0.046717 -0.081875
v 0.461841 -0.049542 -0.074156
v 0.458170 -0.049859 -0.076933
v 0.456219 -0.050370 -0.082532
v 0.459348 -0.074687 -0.069943
v 0.456142 -0.075685 -0.072663
v 0.454409 -0.077656 -0.077722
v 0.458110 -0.096944 -0.056336
v 0.455398 -0.098823 -0.058691
v 0.453832 -0.102232 -0.062696
v 0.458347 -0.103151 -0.047185
v 0.455774 -0.105378 -0.049144
v 0.454251 -0.109320 -0.052416
v 0.454904 -0.113673 -0.032999
v 0.452537 -0.116422 -0.034374
v 0.450974 -0.121057 -0.036565
v 0.000000 -0.266234 0.000000
v -0.025171 -0.266219 0.000000
v -0.024687 -0.266219 0.004910
v -0.023255 -0.266219 0.009632
v -0.020929 -0.266219 0.013984
v -0.017799 -0.266219 0.017798
v -0.013984 -0.266219 0.020929
v -0.009632 -0.266219 0.023255
v -0.004910 -0.266219 0.024687
v 0.000000 -0.266219 0.025171
v -0.060742 -0.266117 0.000000
v -0.059575 -0.266117 0.011850
v -0.056118 -0.266117 0.023245
v -0.050506 -0.266117 0.033746
v -0.042951 -0.266117 0.042951
v -0.033746 -0.266117 0.050505
v -0.023245 -0.266117 0.056118
v -0.011850 -0.266117 0.059575
v 0.000000 -0.266117 0.060742
v -0.103052 -0.265838 0.000000
v -0.101071 -0.265838 0.020104
v -0.095207 -0.265838 0.039436
v -0.085685 -0.265838 0.057252
v -0.072869 -0.265838 0.072869
v -0.057253 -0.265838 0.085685
v -0.039436 -0.265838 0.095207
v -0.020104 -0.265838 0.101071
v 0.000000 -0.265838 0.103051
v -0.148438 -0.265296 0.000000
v -0.145586 -0.265296 0.028958
v -0.137139 -0.265296 0.056804
v -0.123421 -0.265296 0.082467
v -0.104961 -0.265296 0.104961
v -0.082467 -0.265296 0.123421
v -0.056805 -0.265296 0.137138
v -0.028958 -0.265296 0.145585
v 0.000000 -0.265296 0.148437
v -0.193237 -0.264403 0.000000
v -0.189525 -0.264403 0.037698
v -0.178528 -0.264403 0.073949
v -0.160671 -0.264403 0.107357
v -0.136640 -0.264403 0.136639
v -0.107357 -0.264403 0.160671
v -0.073949 -0.264403 0.178528
v -0.037698 -0.264403 0.189524
v 0.000000 -0.264403 0.193237
v -0.233789 -0.263070 0.000000
v -0.229297 -0.263070 0.045610
v -0.215993 -0.263070 0.089467
v -0.194388 -0.263070 0.129886
v -0.165314 -0.263070 0.165314
v -0.129886 -0.263070 0.194388
v -0.089467 -0.263070 0.215993
v -0.045610 -0.263070 0.229297
v 0.000000 -0.263070 0.233789
v -0.266430 -0.261209 0.000000
v -0.261312 -0.261209 0.051978
v -0.246150 -0.261209 0.101958
v -0.221529 -0.261209 0.148021
v -0.188395 -0.261209 0.188395
v -0.148021 -0.261209 0.221529
v -0.101958 -0.261209 0.246150
v -0.051978 -0.261209 0.261312
v 0.000000 -0.261209 0.266430
v -0.287500 -0.258734 0.000000
v -0.281976 -0.258734 0.056088
v -0.265615 -0.258734 0.110022
v -0.239047 -0.258734 0.159726
v -0.203293 -0.258734 0.203293
v -0.159727 -0.258734 0.239047
v -0.110022 -0.258734 0.265615
v -0.056088 -0.258734 0.281976
v 0.000000 -0.258734 0.287500
v 0.004910 -0.266219 0.024687
v 0.009632 -0.266219 0.023255
v 0.013984 -0.266219 0.020929
v 0.017799 -0.266219 0.017798
v 0.020929 -0.266219 0.013984
v 0.023255 -0.266219 0.009632
v 0.024687 -0.266219 0.004910
v 0.025171 -0.266219 0.000000
v 0.011850 -0.266117 0.059575
v 0.023245 -0.266117 0.056118
v 0.033746 -0.266117 0.050505
v 0.042951 -0.266117 0.042951
v 0.050506 -0.266117 0.033746
v 0.056118 -0.266117 0.023245
v 0.059575 -0.266117 0.011850
v 0.060742 -0.266117 0.000000
v 0.020104 -0.265838 0.101071
v 0.039436 -0.265838 0.095207
v 0.057253 -0.265838 0.085685
v 0.072869 -0.265838 0.072869
v 0.085685 -0.265838 0.057252
v 0.095207 -0.265838 0.039436
v 0.101071 -0.265838 0.020104
v 0.103052 -0.265838 0.000000
v 0.028958 -0.265296 0.145585
v 0.056805 -0.265296 0.137138
v 0.082467 -0.265296 0.123421
v 0.104961 -0.265296 0.104961
v 0.123421 -0.265296 0.082467
v 0.137139 -0.265296 0.056804
v 0.145586 -0.265296 0.028958
v 0.148438 -0.265296 0.000000
v 0.037698 -0.264403 0.189524
v 0.073949 -0.264403 0.178528
v 0.107357 -0.264403 0.160671
v 0.136640 -0.264403 0.136639
v 0.160671 -0.264403 0.107357
v 0.178528 -0.264403 0.073949
v 0.189525 -0.264403 0.037698
v 0.193237 -0.264403 0.000000
v 0.045610 -0.263070 0.229297
v 0.089467 -0.263070 0.215993
v 0.129886 -0.263070 0.194388
v 0.165314 -0.263070 0.165314
v 0.194388 -0.263070 0.129886
v 0.215993 -0.263070 0.089467
v 0.229297 -0.263070 0.045610
v 0.233789 -0.263070 0.000000
v 0.051978 -0.261209 0.261312
v 0.101958 -0.261209 0.246150
v 0.148021 -0.261209 0.221529
v 0.188395 -0.261209 0.188395
v 0.221529 -0.261209 0.148021
v 0.246150 -0.261209 0.101958
v 0.261312 -0.261209 0.051978
v 0.266430 -0.261209 0.000000
v 0.056088 -0.258734 0.281976
v 0.110022 -0.258734 0.265615
v 0.159727 -0.258734 0.239047
v 0.203293 -0.258734 0.203293
v 0.239047 -0.258734 0.159726
v 0.265615 -0.258734 0.110022
v 0.281976 -0.258734 0.056088
v 0.287500 -0.258734 0.000000
v 0.000000 -0.266219 -0.025171
v 0.004910 -0.266219 -0.024688
v 0.009632 -0.266219 -0.023255
v 0.013984 -0.266219 -0.020929
v 0.017799 -0.266219 -0.017799
v 0.020929 -0.266219 -0.013984
v 0.023255 -0.266219 -0.009633
v 0.024687 -0.266219 -0.004911
v 0.000000 -0.266117 -0.060742
v 0.011850 -0.266117 -0.059575
v 0.023245 -0.266117 -0.056119
v 0.033746 -0.266117 -0.050506
v 0.042951 -0.266117 -0.042951
v 0.050506 -0.266117 -0.033747
v 0.056118 -0.266117 -0.023245
v 0.059575 -0.266117 -0.011850
v 0.000000 -0.265838 -0.103052
v 0.020104 -0.265838 -0.101071
v 0.039436 -0.265838 -0.095207
v 0.057253 -0.265838 -0.085685
v 0.072869 -0.265838 -0.072869
v 0.085685 -0.265838 -0.057253
v 0.095207 -0.265838 -0.039436
v 0.101071 -0.265838 -0.020105
v 0.000000 -0.265296 -0.148438
v 0.028958 -0.265296 -0.145586
v 0.056805 -0.265296 -0.137139
v 0.082467 -0.265296 -0.123421
v 0.104961 -0.265296 -0.104961
v 0.123421 -0.265296 -0.082467
v 0.137139 -0.265296 -0.056805
v 0.145586 -0.265296 -0.028959
v 0.000000 -0.264403 -0.193238
v 0.037698 -0.264403 -0.189525
v 0.073949 -0.264403 -0.178528
v 0.107357 -0.264403 -0.160671
v 0.136640 -0.264403 -0.136640
v 0.160671 -0.264403 -0.107357
v 0.178528 -0.264403 -0.073949
v 0.189525 -0.264403 -0.037699
v 0.000000 -0.263070 -0.233789
v 0.045610 -0.263070 -0.229297
v 0.089467 -0.263070 -0.215993
v 0.129886 -0.263070 -0.194389
v 0.165314 -0.263070 -0.165314
v 0.194388 -0.263070 -0.129887
v 0.215993 -0.263070 -0.089467
v 0.229297 -0.263070 -0.045610
v 0.000000 -0.261209 -0.266430
v 0.051978 -0.261209 -0.261312
v 0.101958 -0.261209 -0.246150
v 0.148021 -0.261209 -0.221529
v 0.188395 -0.261209 -0.188395
v 0.221529 -0.261209 -0.148021
v 0.246150 -0.261209 -0.101958
v 0.261312 -0.261209 -0.051978
v 0.000000 -0.258734 -0.287500
v 0.056088 -0.258734 -0.281976
v 0.110022 -0.258734 -0.265615
v 0.159727 -0.258734 -0.239048
v 0.203293 -0.258734 -0.203293
v 0.239047 -0.258734 -0.159727
v 0.265615 -0.258734 -0.110022
v 0.281976 -0.258734 -0.056089
v -0.024687 -0.266219 -0.004911
v -0.023255 -0.266219 -0.009633
v -0.020929 -0.266219 -0.013984
v -0.017799 -0.266219 -0.017799
v -0.013984 -0.266219 -0.020929
v -0.009632 -0.266219 -0.023255
v -0.004910 -0.266219 -0.024688
v -0.059575 -0.266117 -0.011850
v -0.056118 -0.266117 -0.023245
v -0.050506 -0.266117 -0.033747
v -0.042951 -0.266117 -0.042951
v -0.033746 -0.266117 -0.050506
v -0.023245 -0.266117 -0.056119
v -0.011850 -0.266117 -0.059575
v -0.101071 -0.265838 -0.020105
v -0.095207 -0.265838 -0.039436
v -0.085685 -0.265838 -0.057253
v -0.072869 -0.265838 -0.072869
v -0.057253 -0.265838 -0.085685
v -0.039436 -0.265838 -0.095207
v -0.020104 -0.265838 -0.101071
v -0.145586 -0.265296 -0.028959
v -0.137139 -0.265296 -0.056805
v -0.123421 -0.265296 -0.082467
v -0.104961 -0.265296 -0.104961
v -0.082467 -0.265296 -0.123421
v -0.056805 -0.265296 -0.137139
v -0.028958 -0.265296 -0.145586
v -0.189525 -0.264403 -0.037699
v -0.178528 -0.264403 -0.073949
v -0.160671 -0.264403 -0.107357
v -0.136640 -0.264403 -0.136640
v -0.107357 -0.264403 -0.160671
v -0.073949 -0.264403 -0.178528
v -0.037698 -0.264403 -0.189525
v -0.229297 -0.263070 -0.045610
v -0.215993 -0.263070 -0.089467
v -0.194388 -0.263070 -0.129887
v -0.165314 -0.263070 -0.165314
v -0.129886 -0.263070 -0.194389
v -0.089467 -0.263070 -0.215993
v -0.045610 -0.263070 -0.229297
v -0.261312 -0.261209 -0.051978
v -0.246150 -0.261209 -0.101958
v -0.221529 -0.261209 -0.148021
v -0.188395 -0.261209 -0.188395
v -0.148021 -0.261209 -0.221529
v -0.101958 -0.261209 -0.246150
v -0.051978 -0.261209 -0.261312
v -0.281976 -0.258734 -0.056089
v -0.265615 -0.258734 -0.110022
v -0.239047 -0.258734 -0.159727
v -0.203293 -0.258734 -0.203293
v -0.159727 -0.258734 -0.239048
v -0.110022 -0.258734 -0.265615
v -0.056088 -0.258734 -0.281976
v -0.308120 -0.252118 0.000000
v -0.302200 -0.252118 0.060111
v -0.284666 -0.252118 0.117913
v -0.256193 -0.252118 0.171182
v -0.217874 -0.252118 0.217874
v -0.171182 -0.252118 0.256193
v -0.117913 -0.252118 0.284666
v -0.060111 -0.252118 0.302200
v 0.000000 -0.252118 0.308120
v -0.338555 -0.240492 0.000000
v -0.332049 -0.240492 0.066048
v -0.312784 -0.240492 0.129559
v -0.281498 -0.240492 0.188091
v -0.239395 -0.240492 0.239394
v -0.188091 -0.240492 0.281498
v -0.129560 -0.240492 0.312784
v -0.066049 -0.240492 0.332049
v 0.000000 -0.240492 0.338555
v -0.373852 -0.222127 0.000000
v -0.366669 -0.222127 0.072935
v -0.345395 -0.222127 0.143067
v -0.310847 -0.222127 0.207701
v -0.264354 -0.222127 0.264354
v -0.207702 -0.222127 0.310847
v -0.143067 -0.222127 0.345395
v -0.072935 -0.222127 0.366669
v 0.000000 -0.222127 0.373852
v -0.409063 -0.195296 0.000000
v -0.401202 -0.195296 0.079804
v -0.377925 -0.195296 0.156541
v -0.340123 -0.195296 0.227263
v -0.289251 -0.195296 0.289251
v -0.227263 -0.195296 0.340123
v -0.156541 -0.195296 0.377924
v -0.079804 -0.195296 0.401202
v 0.000000 -0.195296 0.409062
v -0.439234 -0.158270 0.000000
v -0.430794 -0.158270 0.085690
v -0.405799 -0.158270 0.168087
v -0.365209 -0.158270 0.244025
v -0.310585 -0.158270 0.310584
v -0.244025 -0.158270 0.365209
v -0.168087 -0.158270 0.405798
v -0.085690 -0.158270 0.430793
v 0.000000 -0.158270 0.439233
v -0.459414 -0.109320 0.000000
v -0.450586 -0.109320 0.089627
v -0.424443 -0.109320 0.175810
v -0.381989 -0.109320 0.255236
v -0.324855 -0.109320 0.324854
v -0.255237 -0.109320 0.381988
v -0.175810 -0.109320 0.424443
v -0.089627 -0.109320 0.450586
v 0.000000 -0.109320 0.459414
v -0.464653 -0.046717 0.000000
v -0.455725 -0.046717 0.090649
v -0.429283 -0.046717 0.177815
v -0.386345 -0.046717 0.258147
v -0.328559 -0.046717 0.328559
v -0.258148 -0.046717 0.386345
v -0.177815 -0.046717 0.429283
v -0.090650 -0.046717 0.455725
v 0.000000 -0.046717 0.464653
v -0.450000 0.031266 -0.000000
v -0.441353 0.031266 0.087790
v -0.415745 0.031266 0.172207
v -0.374161 0.031266 0.250006
v -0.318198 0.031266 0.318198
v -0.250006 0.031266 0.374161
v -0.172208 0.031266 0.415745
v -0.087790 0.031266 0.441353
v 0.000000 0.031266 0.450000
v 0.060112 -0.252118 0.302200
v 0.117913 -0.252118 0.284666
v 0.171182 -0.252118 0.256193
v 0.217874 -0.252118 0.217874
v 0.256193 -0.252118 0.171182
v 0.284666 -0.252118 0.117913
v 0.302200 -0.252118 0.060111
v 0.308120 -0.252118 0.000000
v 0.066049 -0.240492 0.332049
v 0.129560 -0.240492 0.312784
v 0.188091 -0.240492 0.281498
v 0.239395 -0.240492 0.239394
v 0.281498 -0.240492 0.188091
v 0.312784 -0.240492 0.129559
v 0.332049 -0.240492 0.066048
v 0.338555 -0.240492 0.000000
v 0.072935 -0.222127 0.366669
v 0.143067 -0.222127 0.345395
v 0.207702 -0.222127 0.310847
v 0.264354 -0.222127 0.264354
v 0.310847 -0.222127 0.207701
v 0.345395 -0.222127 0.143067
v 0.366669 -0.222127 0.072935
v 0.373852 -0.222127 0.000000
v 0.079804 -0.195296 0.401202
v 0.156541 -0.195296 0.377924
v 0.227263 -0.195296 0.340123
v 0.289251 -0.195296 0.289251
v 0.340123 -0.195296 0.227263
v 0.377925 -0.195296 0.156541
v 0.401202 -0.195296 0.079804
v 0.409063 -0.195296 0.000000
v 0.085690 -0.158270 0.430793
v 0.168087 -0.158270 0.405798
v 0.244025 -0.158270 0.365209
v 0.310585 -0.158270 0.310584
v 0.365209 -0.158270 0.244025
v 0.405799 -0.158270 0.168087
v 0.430794 -0.158270 0.085690
v 0.439234 -0.158270 0.000000
v 0.089627 -0.109320 0.450586
v 0.175810 -0.109320 0.424443
v 0.255237 -0.109320 0.381988
v 0.324855 -0.109320 0.324854
v 0.381989 -0.109320 0.255236
v 0.424443 -0.109320 0.175810
v 0.450586 -0.109320 0.089627
v 0.090650 -0.046717 0.455725
v 0.177815 -0.046717 0.429283
v 0.258148 -0.046717 0.386345
v 0.328559 -0.046717 0.328559
v 0.386345 -0.046717 0.258147
v 0.429283 -0.046717 0.177815
v 0.455725 -0.046717 0.090649
v 0.087790 0.031266 0.441353
v 0.172208 0.031266 0.415745
v 0.250006 0.031266 0.374161
v 0.318198 0.031266 0.318198
v 0.374161 0.031266 0.250006
v 0.415745 0.031266 0.172207
v 0.441353 0.031266 0.087790
v 0.450000 0.031266 -0.000000
v 0.000000 -0.252118 -0.308120
v 0.060112 -0.252118 -0.302200
v 0.117913 -0.252118 -0.284666
v 0.171182 -0.252118 -0.256193
v 0.217874 -0.252118 -0.217874
v 0.256193 -0.252118 -0.171183
v 0.284666 -0.252118 -0.117913
v 0.302200 -0.252118 -0.060111
v 0.000000 -0.240492 -0.338555
v 0.066049 -0.240492 -0.332049
v 0.129560 -0.240492 -0.312784
v 0.188091 -0.240492 -0.281498
v 0.239395 -0.240492 -0.239395
v 0.281498 -0.240492 -0.188091
v 0.312784 -0.240492 -0.129560
v 0.332049 -0.240492 -0.066049
v 0.000000 -0.222127 -0.373852
v 0.072935 -0.222127 -0.366669
v 0.143067 -0.222127 -0.345395
v 0.207702 -0.222127 -0.310847
v 0.264354 -0.222127 -0.264354
v 0.310847 -0.222127 -0.207702
v 0.345395 -0.222127 -0.143067
v 0.366669 -0.222127 -0.072935
v 0.000000 -0.195296 -0.409063
v 0.079804 -0.195296 -0.401203
v 0.156541 -0.195296 -0.377925
v 0.227263 -0.195296 -0.340123
v 0.289251 -0.195296 -0.289251
v 0.340123 -0.195296 -0.227263
v 0.377925 -0.195296 -0.156542
v 0.401202 -0.195296 -0.079804
v 0.000000 -0.158270 -0.439234
v 0.085690 -0.158270 -0.430794
v 0.168087 -0.158270 -0.405799
v 0.244025 -0.158270 -0.365210
v 0.310585 -0.158270 -0.310585
v 0.365209 -0.158270 -0.244025
v 0.405799 -0.158270 -0.168088
v 0.430794 -0.158270 -0.085690
v 0.000000 -0.109320 -0.459414
v 0.089627 -0.109320 -0.450587
v 0.175810 -0.109320 -0.424444
v 0.255237 -0.109320 -0.381989
v 0.324855 -0.109320 -0.324855
v 0.381989 -0.109320 -0.255237
v 0.424443 -0.109320 -0.175810
v 0.450586 -0.109320 -0.089627
v 0.000000 -0.046717 -0.464654
v 0.090650 -0.046717 -0.455726
v 0.177815 -0.046717 -0.429284
v 0.258148 -0.046717 -0.386345
v 0.328559 -0.046717 -0.328560
v 0.386345 -0.046717 -0.258148
v 0.429283 -0.046717 -0.177815
v 0.455725 -0.046717 -0.090650
v 0.000000 0.031266 -0.450000
v 0.087790 0.031266 -0.441354
v 0.172208 0.031266 -0.415746
v 0.250006 0.031266 -0.374162
v 0.318198 0.031266 -0.318198
v 0.374161 0.031266 -0.250007
v 0.415745 0.031266 -0.172208
v 0.441353 0.031266 -0.087791
v -0.302200 -0.252118 -0.060112
v -0.284666 -0.252118 -0.117913
v -0.256193 -0.252118 -0.171183
v -0.217874 -0.252118 -0.217874
v -0.171182 -0.252118 -0.256193
v -0.117913 -0.252118 -0.284666
v -0.060111 -0.252118 -0.302200
v -0.332049 -0.240492 -0.066049
v -0.312784 -0.240492 -0.129560
v -0.281498 -0.240492 -0.188091
v -0.239395 -0.240492 -0.239395
v -0.188091 -0.240492 -0.281498
v -0.129560 -0.240492 -0.312784
v -0.066049 -0.240492 -0.332049
v -0.366669 -0.222127 -0.072935
v -0.345395 -0.222127 -0.143067
v -0.310847 -0.222127 -0.207702
v -0.264354 -0.222127 -0.264354
v -0.207702 -0.222127 -0.310847
v -0.143067 -0.222127 -0.345395
v -0.072935 -0.222127 -0.366669
v -0.401202 -0.195296 -0.079804
v -0.377925 -0.195296 -0.156542
v -0.340123 -0.195296 -0.227263
v -0.289251 -0.195296 -0.289251
v -0.227263 -0.195296 -0.340123
v -0.156541 -0.195296 -0.377925
v -0.079804 -0.195296 -0.401203
v -0.430794 -0.158270 -0.085690
v -0.405799 -0.158270 -0.168088
v -0.365209 -0.158270 -0.244025
v -0.310585 -0.158270 -0.310585
v -0.244025 -0.158270 -0.365210
v -0.168087 -0.158270 -0.405799
v -0.085690 -0.158270 -0.430794
v -0.450586 -0.109320 -0.089628
v -0.424443 -0.109320 -0.175810
v -0.381989 -0.109320 -0.255237
v -0.324855 -0.109320 -0.324855
v -0.255237 -0.109320 -0.381989
v -0.175810 -0.109320 -0.424444
v -0.089627 -0.109320 -0.450587
v -0.455725 -0.046717 -0.090650
v -0.429283 -0.046717 -0.177815
v -0.386345 -0.046717 -0.258148
v -0.328559 -0.046717 -0.328560
v -0.258148 -0.046717 -0.386345
v -0.177815 -0.046717 -0.429284
v -0.090650 -0.046717 -0.455726
v -0.441353 0.031266 -0.087791
v -0.415745 0.031266 -0.172208
v -0.374161 0.031266 -0.250007
v -0.318198 0.031266 -0.318198
v -0.250006 0.031266 -0.374162
v -0.172208 0.031266 -0.415746
v -0.087790 0.031266 -0.441354
v -0.418745 0.123312 -0.000000
v -0.410699 0.123312 0.081693
v -0.386870 0.123312 0.160247
v -0.348173 0.123312 0.232642
v -0.296097 0.123312 0.296097
v -0.232643 0.123312 0.348174
v -0.160247 0.123312 0.386870
v -0.081693 0.123312 0.410699
v 0.000000 0.123312 0.418745
v -0.390742 0.187321 -0.000000
v -0.383235 0.187321 0.076230
v -0.360999 0.187321 0.149530
v -0.324890 0.187321 0.217084
v -0.276296 0.187321 0.276296
v -0.217084 0.187321 0.324890
v -0.149531 0.187321 0.360998
v -0.076230 0.187321 0.383234
v 0.000000 0.187321 0.390742
v -0.366196 0.228537 -0.000000
v -0.359160 0.228537 0.071441
v -0.338321 0.228537 0.140137
v -0.304481 0.228537 0.203447
v -0.258940 0.228537 0.258939
v -0.203448 0.228537 0.304481
v -0.140137 0.228537 0.338321
v -0.071442 0.228537 0.359160
v 0.000000 0.228537 0.366196
v -0.345313 0.252204 -0.000000
v -0.338677 0.252204 0.067367
v -0.319027 0.252204 0.132145
v -0.287116 0.252204 0.191845
v -0.244173 0.252204 0.244172
v -0.191846 0.252204 0.287117
v -0.132145 0.252204 0.319027
v -0.067367 0.252204 0.338677
v 0.000000 0.252204 0.345312
v -0.328296 0.263566 -0.000000
v -0.321988 0.263566 0.064047
v -0.303306 0.263566 0.125633
v -0.272968 0.263566 0.182391
v -0.232140 0.263566 0.232140
v -0.182391 0.263566 0.272968
v -0.125633 0.263566 0.303305
v -0.064048 0.263566 0.321987
v 0.000000 0.263566 0.328296
v -0.315351 0.267868 -0.000000
v -0.309292 0.267868 0.061522
v -0.291347 0.267868 0.120680
v -0.262205 0.267868 0.175200
v -0.222987 0.267868 0.222987
v -0.175200 0.267868 0.262205
v -0.120680 0.267868 0.291346
v -0.061522 0.267868 0.309292
v 0.000000 0.267868 0.315351
v -0.306684 0.270353 -0.000000
v -0.300792 0.270353 0.059831
v -0.283340 0.270353 0.117363
v -0.254999 0.270353 0.170384
v -0.216859 0.270353 0.216858
v -0.170385 0.270353 0.254999
v -0.117363 0.270353 0.283339
v -0.059831 0.270353 0.300791
v 0.000000 0.270353 0.306684
v -0.302500 0.276266 -0.000000
v -0.296688 0.276266 0.059015
v -0.279474 0.276266 0.115761
v -0.251520 0.276266 0.168060
v -0.213900 0.276266 0.213899
v -0.168060 0.276266 0.251519
v -0.115762 0.276266 0.279473
v -0.059015 0.276266 0.296687
v 0.000000 0.276266 0.302500
v 0.081693 0.123312 0.410699
v 0.160247 0.123312 0.386870
v 0.232643 0.123312 0.348173
v 0.296097 0.123312 0.296097
v 0.348174 0.123312 0.232642
v 0.386870 0.123312 0.160247
v 0.410699 0.123312 0.081693
v 0.418745 0.123312 -0.000000
v 0.076230 0.187321 0.383234
v 0.149531 0.187321 0.360998
v 0.217084 0.187321 0.324890
v 0.276296 0.187321 0.276296
v 0.324890 0.187321 0.217084
v 0.360999 0.187321 0.149530
v 0.383235 0.187321 0.076230
v 0.390742 0.187321 -0.000000
v 0.071442 0.228537 0.359160
v 0.140137 0.228537 0.338321
v 0.203448 0.228537 0.304481
v 0.258940 0.228537 0.258939
v 0.304481 0.228537 0.203447
v 0.338321 0.228537 0.140137
v 0.359160 0.228537 0.071441
v 0.366196 0.228537 -0.000000
v 0.067367 0.252204 0.338677
v 0.132145 0.252204 0.319027
v 0.191846 0.252204 0.287116
v 0.244173 0.252204 0.244172
v 0.287117 0.252204 0.191845
v 0.319027 0.252204 0.132145
v 0.338677 0.252204 0.067367
v 0.345313 0.252204 -0.000000
v 0.064048 0.263566 0.321987
v 0.125633 0.263566 0.303305
v 0.182391 0.263566 0.272968
v 0.232140 0.263566 0.232140
v 0.272968 0.263566 0.182391
v 0.303306 0.263566 0.125633
v 0.321988 0.263566 0.064047
v 0.328296 0.263566 -0.000000
v 0.061522 0.267868 0.309292
v 0.120680 0.267868 0.291346
v 0.175200 0.267868 0.262205
v 0.222987 0.267868 0.222987
v 0.262205 0.267868 0.175200
v 0.291347 0.267868 0.120679
v 0.309292 0.267868 0.061522
v 0.315351 0.267868 -0.000000
v 0.059831 0.270353 0.300791
v 0.117363 0.270353 0.283339
v 0.170385 0.270353 0.254999
v 0.216859 0.270353 0.216858
v 0.254999 0.270353 0.170384
v 0.283340 0.270353 0.117363
v 0.300792 0.270353 0.059831
v 0.306684 0.270353 -0.000000
v 0.059015 0.276266 0.296687
v 0.115762 0.276266 0.279473
v 0.168060 0.276266 0.251519
v 0.213900 0.276266 0.213899
v 0.251520 0.276266 0.168060
v 0.279474 0.276266 0.115761
v 0.296688 0.276266 0.059014
v 0.302500 0.276266 -0.000000
v 0.000000 0.123312 -0.418746
v 0.081693 0.123312 -0.410699
v 0.160247 0.123312 -0.386870
v 0.232643 0.123312 -0.348174
v 0.296097 0.123312 -0.296098
v 0.348174 0.123312 -0.232643
v 0.386870 0.123312 -0.160247
v 0.410699 0.123312 -0.081693
v 0.000000 0.187321 -0.390743
v 0.076230 0.187321 -0.383235
v 0.149531 0.187321 -0.360999
v 0.217084 0.187321 -0.324891
v 0.276296 0.187321 -0.276297
v 0.324890 0.187321 -0.217085
v 0.360999 0.187321 -0.149531
v 0.383235 0.187321 -0.076230
v 0.000000 0.228537 -0.366197
v 0.071442 0.228537 -0.359160
v 0.140137 0.228537 -0.338322
v 0.203448 0.228537 -0.304481
v 0.258940 0.228537 -0.258940
v 0.304481 0.228537 -0.203448
v 0.338321 0.228537 -0.140138
v 0.359160 0.228537 -0.071442
v 0.000000 0.252204 -0.345313
v 0.067367 0.252204 -0.338678
v 0.132145 0.252204 -0.319028
v 0.191846 0.252204 -0.287117
v 0.244173 0.252204 -0.244173
v 0.287117 0.252204 -0.191846
v 0.319027 0.252204 -0.132146
v 0.338677 0.252204 -0.067367
v 0.000000 0.263566 -0.328296
v 0.064048 0.263566 -0.321988
v 0.125633 0.263566 -0.303306
v 0.182391 0.263566 -0.272968
v 0.232140 0.263566 -0.232141
v 0.272968 0.263566 -0.182392
v 0.303306 0.263566 -0.125634
v 0.321988 0.263566 -0.064048
v 0.000000 0.267868 -0.315352
v 0.061522 0.267868 -0.309293
v 0.120680 0.267868 -0.291347
v 0.175200 0.267868 -0.262206
v 0.222987 0.267868 -0.222988
v 0.262205 0.267868 -0.175200
v 0.291347 0.267868 -0.120680
v 0.309292 0.267868 -0.061522
v 0.000000 0.270353 -0.306685
v 0.059831 0.270353 -0.300792
v 0.117363 0.270353 -0.283340
v 0.170385 0.270353 -0.254999
v 0.216859 0.270353 -0.216859
v 0.254999 0.270353 -0.170385
v 0.283340 0.270353 -0.117363
v 0.300792 0.270353 -0.059831
v 0.000000 0.276266 -0.302500
v 0.059015 0.276266 -0.296688
v 0.115762 0.276266 -0.279474
v 0.168060 0.276266 -0.251520
v 0.213900 0.276266 -0.213900
v 0.251520 0.276266 -0.168060
v 0.279474 0.276266 -0.115762
v 0.296688 0.276266 -0.059015
v -0.410699 0.123312 -0.081693
v -0.386870 0.123312 -0.160247
v -0.348173 0.123312 -0.232643
v -0.296097 0.123312 -0.296098
v -0.232643 0.123312 -0.348174
v -0.160247 0.123312 -0.386870
v -0.081693 0.123312 -0.410699
v -0.383235 0.187321 -0.076230
v -0.360999 0.187321 -0.149531
v -0.324890 0.187321 -0.217085
v -0.276296 0.187321 -0.276297
v -0.217084 0.187321 -0.324891
v -0.149531 0.187321 -0.360999
v -0.076230 0.187321 -0.383235
v -0.359160 0.228537 -0.071442
v -0.338321 0.228537 -0.140138
v -0.304481 0.228537 -0.203448
v -0.258940 0.228537 -0.258940
v -0.203448 0.228537 -0.304481
v -0.140137 0.228537 -0.338322
v -0.071442 0.228537 -0.359160
v -0.338677 0.252204 -0.067367
v -0.319027 0.252204 -0.132146
v -0.287116 0.252204 -0.191846
v -0.244173 0.252204 -0.244173
v -0.191846 0.252204 -0.287117
v -0.132145 0.252204 -0.319028
v -0.067367 0.252204 -0.338678
v -0.321988 0.263566 -0.064048
v -0.303306 0.263566 -0.125634
v -0.272968 0.263566 -0.182392
v -0.232140 0.263566 -0.232141
v -0.182391 0.263566 -0.272968
v -0.125633 0.263566 -0.303306
v -0.064048 0.263566 -0.321988
v -0.309292 0.267868 -0.061522
v -0.291347 0.267868 -0.120680
v -0.262205 0.267868 -0.175200
v -0.222987 0.267868 -0.222988
v -0.175200 0.267868 -0.262206
v -0.120680 0.267868 -0.291347
v -0.061522 0.267868 -0.309293
v -0.300792 0.270353 -0.059832
v -0.283340 0.270353 -0.117363
v -0.254999 0.270353 -0.170385
v -0.216859 0.270353 -0.216859
v -0.170385 0.270353 -0.254999
v -0.117363 0.270353 -0.283340
v -0.059831 0.270353 -0.300792
v -0.296688 0.276266 -0.059015
v -0.279474 0.276266 -0.115762
v -0.251520 0.276266 -0.168060
v -0.213900 0.276266 -0.213900
v -0.168060 0.276266 -0.251520
v -0.115762 0.276266 -0.279474
v -0.059015 0.276266 -0.296688
v -0.302798 0.280392 -0.000000
v -0.296980 0.280392 0.059073
v -0.279748 0.280392 0.115875
v -0.251767 0.280392 0.168225
v -0.214110 0.280392 0.214110
v -0.168225 0.280392 0.251767
v -0.115875 0.280392 0.279748
v -0.059073 0.280392 0.296979
v 0.000000 0.280392 0.302797
v -0.305351 0.283493 -0.000000
v -0.299484 0.283493 0.059571
v -0.282108 0.283493 0.116853
v -0.253891 0.283493 0.169644
v -0.215916 0.283493 0.215916
v -0.169644 0.283493 0.253890
v -0.116853 0.283493 0.282108
v -0.059571 0.283493 0.299484
v 0.000000 0.283493 0.305351
v -0.309839 0.285715 -0.000000
v -0.303885 0.285715 0.060446
v -0.286254 0.285715 0.118570
v -0.257621 0.285715 0.172137
v -0.219089 0.285715 0.219089
v -0.172137 0.285715 0.257621
v -0.118570 0.285715 0.286253
v -0.060447 0.285715 0.303885
v 0.000000 0.285715 0.309838
v -0.315937 0.287204 -0.000000
v -0.309867 0.287204 0.061636
v -0.291888 0.287204 0.120904
v -0.262693 0.287204 0.175525
v -0.223402 0.287204 0.223401
v -0.175526 0.287204 0.262692
v -0.120904 0.287204 0.291888
v -0.061637 0.287204 0.309867
v 0.000000 0.287204 0.315937
v -0.323325 0.288107 -0.000000
v -0.317113 0.288107 0.063077
v -0.298714 0.288107 0.123731
v -0.268835 0.288107 0.179630
v -0.228626 0.288107 0.228625
v -0.179630 0.288107 0.268835
v -0.123731 0.288107 0.298713
v -0.063078 0.288107 0.317112
v 0.000000 0.288107 0.323325
v -0.331680 0.288571 -0.000000
v -0.325307 0.288571 0.064707
v -0.306432 0.288571 0.126928
v -0.275782 0.288571 0.184271
v -0.234533 0.288571 0.234533
v -0.184271 0.288571 0.275781
v -0.126928 0.288571 0.306432
v -0.064708 0.288571 0.325306
v 0.000000 0.288571 0.331679
v -0.340679 0.288742 -0.000000
v -0.334133 0.288742 0.066463
v -0.314746 0.288742 0.130372
v -0.283264 0.288742 0.189271
v -0.240896 0.288742 0.240896
v -0.189271 0.288742 0.283264
v -0.130372 0.288742 0.314746
v -0.066463 0.288742 0.334132
v 0.000000 0.288742 0.340678
v 0.059073 0.280392 0.296979
v 0.115875 0.280392 0.279748
v 0.168225 0.280392 0.251767
v 0.214110 0.280392 0.214110
v 0.251767 0.280392 0.168225
v 0.279748 0.280392 0.115875
v 0.296980 0.280392 0.059073
v 0.302798 0.280392 -0.000000
v 0.059571 0.283493 0.299484
v 0.116853 0.283493 0.282108
v 0.169645 0.283493 0.253890
v 0.215916 0.283493 0.215916
v 0.253891 0.283493 0.169644
v 0.282108 0.283493 0.116853
v 0.299484 0.283493 0.059571
v 0.305351 0.283493 -0.000000
v 0.060447 0.285715 0.303885
v 0.118570 0.285715 0.286253
v 0.172137 0.285715 0.257621
v 0.219089 0.285715 0.219089
v 0.257621 0.285715 0.172137
v 0.286254 0.285715 0.118570
v 0.303885 0.285715 0.060446
v 0.309839 0.285715 -0.000000
v 0.061637 0.287204 0.309866
v 0.120904 0.287204 0.291888
v 0.175526 0.287204 0.262692
v 0.223402 0.287204 0.223401
v 0.262693 0.287204 0.175525
v 0.291888 0.287204 0.120904
v 0.309867 0.287204 0.061636
v 0.315937 0.287204 -0.000000
v 0.063078 0.288107 0.317112
v 0.123731 0.288107 0.298713
v 0.179630 0.288107 0.268835
v 0.228626 0.288107 0.228625
v 0.268835 0.288107 0.179629
v 0.298714 0.288107 0.123731
v 0.317113 0.288107 0.063077
v 0.323325 0.288107 -0.000000
v 0.064708 0.288571 0.325306
v 0.126928 0.288571 0.306432
v 0.184271 0.288571 0.275781
v 0.234533 0.288571 0.234533
v 0.275782 0.288571 0.184271
v 0.306432 0.288571 0.126928
v 0.325307 0.288571 0.064707
v 0.331680 0.288571 -0.000000
v 0.066463 0.288742 0.334132
v 0.130372 0.288742 0.314746
v 0.189271 0.288742 0.283264
v 0.240896 0.288742 0.240896
v 0.283264 0.288742 0.189271
v 0.314746 0.288742 0.130372
v 0.334133 0.288742 0.066463
v 0.340679 0.288742 -0.000000
v 0.000000 0.280392 -0.302798
v 0.059073 0.280392 -0.296980
v 0.115875 0.280392 -0.279749
v 0.168225 0.280392 -0.251768
v 0.214110 0.280392 -0.214111
v 0.251767 0.280392 -0.168226
v 0.279748 0.280392 -0.115876
v 0.296980 0.280392 -0.059073
v 0.000000 0.283493 -0.305352
v 0.059571 0.283493 -0.299485
v 0.116853 0.283493 -0.282108
v 0.169645 0.283493 -0.253891
v 0.215916 0.283493 -0.215916
v 0.253891 0.283493 -0.169645
v 0.282108 0.283493 -0.116853
v 0.299484 0.283493 -0.059571
v 0.000000 0.285714 -0.309839
v 0.060447 0.285714 -0.303886
v 0.118570 0.285714 -0.286254
v 0.172137 0.285714 -0.257622
v 0.219089 0.285715 -0.219089
v 0.257621 0.285715 -0.172138
v 0.286254 0.285715 -0.118571
v 0.303885 0.285715 -0.060447
v 0.000000 0.287204 -0.315938
v 0.061637 0.287204 -0.309867
v 0.120904 0.287204 -0.291889
v 0.175526 0.287204 -0.262693
v 0.223402 0.287204 -0.223402
v 0.262693 0.287204 -0.175526
v 0.291888 0.287204 -0.120904
v 0.309867 0.287204 -0.061637
v 0.000000 0.288107 -0.323326
v 0.063078 0.288107 -0.317113
v 0.123731 0.288107 -0.298714
v 0.179630 0.288107 -0.268835
v 0.228626 0.288107 -0.228626
v 0.268835 0.288107 -0.179630
v 0.298714 0.288107 -0.123732
v 0.317113 0.288107 -0.063078
v 0.000000 0.288571 -0.331680
v 0.064708 0.288571 -0.325307
v 0.126928 0.288571 -0.306432
v 0.184271 0.288571 -0.275782
v 0.234533 0.288571 -0.234533
v 0.275782 0.288571 -0.184272
v 0.306432 0.288571 -0.126929
v 0.325307 0.288571 -0.064708
v 0.000000 0.288742 -0.340679
v 0.066463 0.288742 -0.334133
v 0.130372 0.288742 -0.314746
v 0.189271 0.288742 -0.283264
v 0.240896 0.288742 -0.240897
v 0.283264 0.288742 -0.189271
v 0.314746 0.288742 -0.130372
v 0.334133 0.288742 -0.066463
v -0.296980 0.280392 -0.059073
v -0.279748 0.280392 -0.115876
v -0.251767 0.280392 -0.168226
v -0.214110 0.280392 -0.214111
v -0.168225 0.280392 -0.251768
v -0.115875 0.280392 -0.279749
v -0.059073 0.280392 -0.296980
v -0.299484 0.283493 -0.059571
v -0.282108 0.283493 -0.116853
v -0.253891 0.283493 -0.169645
v -0.215916 0.283493 -0.215916
v -0.169644 0.283493 -0.253891
v -0.116853 0.283493 -0.282108
v -0.059571 0.283493 -0.299485
v -0.303885 0.285715 -0.060447
v -0.286254 0.285715 -0.118571
v -0.257621 0.285715 -0.172138
v -0.219089 0.285715 -0.219089
v -0.172137 0.285714 -0.257622
v -0.118570 0.285714 -0.286254
v -0.060447 0.285714 -0.303886
v -0.309867 0.287204 -0.061637
v -0.291888 0.287204 -0.120904
v -0.262693 0.287204 -0.175526
v -0.223402 0.287204 -0.223402
v -0.175526 0.287204 -0.262693
v -0.120904 0.287204 -0.291889
v -0.061637 0.287204 -0.309867
v -0.317113 0.288107 -0.063078
v -0.298714 0.288107 -0.123732
v -0.268835 0.288107 -0.179630
v -0.228626 0.288107 -0.228626
v -0.179630 0.288107 -0.268835
v -0.123731 0.288107 -0.298714
v -0.063078 0.288107 -0.317113
v -0.325307 0.288571 -0.064708
v -0.306432 0.288571 -0.126929
v -0.275782 0.288571 -0.184272
v -0.234533 0.288571 -0.234533
v -0.184271 0.288571 -0.275782
v -0.126928 0.288571 -0.306432
v -0.064708 0.288571 -0.325307
v -0.334133 0.288742 -0.066463
v -0.314746 0.288742 -0.130372
v -0.283264 0.288742 -0.189271
v -0.240896 0.288742 -0.240897
v -0.189271 0.288742 -0.283264
v -0.130372 0.288742 -0.314746
v -0.066463 0.288742 -0.334133
v -0.316526 0.288742 -0.000000
v -0.310444 0.288742 0.061751
v -0.292432 0.288742 0.121129
v -0.263182 0.288742 0.175852
v -0.223817 0.288742 0.223817
v -0.175853 0.288742 0.263181
v -0.121129 0.288742 0.292431
v -0.061751 0.288742 0.310444
v 0.000000 0.288742 0.316525
v -0.309707 0.288571 -0.000000
v -0.303756 0.288571 0.060421
v -0.286132 0.288571 0.118519
v -0.257512 0.288571 0.172064
v -0.218996 0.288571 0.218996
v -0.172064 0.288571 0.257512
v -0.118520 0.288571 0.286132
v -0.060421 0.288571 0.303756
v 0.000000 0.288571 0.309707
v -0.304324 0.288107 -0.000000
v -0.298476 0.288107 0.059370
v -0.281159 0.288107 0.116459
v -0.253036 0.288107 0.169073
v -0.215190 0.288107 0.215189
v -0.169073 0.288107 0.253036
v -0.116459 0.288107 0.281158
v -0.059370 0.288107 0.298476
v 0.000000 0.288107 0.304323
v -0.300156 0.287204 -0.000000
v -0.294389 0.287204 0.058557
v -0.277308 0.287204 0.114865
v -0.249571 0.287204 0.166758
v -0.212242 0.287204 0.212242
v -0.166758 0.287204 0.249571
v -0.114865 0.287204 0.277308
v -0.058557 0.287204 0.294388
v 0.000000 0.287204 0.300156
v -0.296985 0.285715 -0.000000
v -0.291278 0.285715 0.057939
v -0.274378 0.285715 0.113651
v -0.246934 0.285715 0.164996
v -0.210000 0.285715 0.210000
v -0.164996 0.285715 0.246934
v -0.113651 0.285715 0.274378
v -0.057939 0.285715 0.291278
v 0.000000 0.285715 0.296984
v -0.294590 0.283493 -0.000000
v -0.288929 0.283493 0.057471
v -0.272166 0.283493 0.112734
v -0.244943 0.283493 0.163665
v -0.208307 0.283493 0.208306
v -0.163666 0.283493 0.244942
v -0.112734 0.283493 0.272165
v -0.057471 0.283493 0.288929
v 0.000000 0.283493 0.294589
v -0.292751 0.280392 -0.000000
v -0.287126 0.280392 0.057113
v -0.270467 0.280392 0.112031
v -0.243414 0.280392 0.162644
v -0.207006 0.280392 0.207006
v -0.162644 0.280392 0.243414
v -0.112031 0.280392 0.270467
v -0.057113 0.280392 0.287126
v 0.000000 0.280392 0.292751
v -0.291250 0.276266 -0.000000
v -0.285654 0.276266 0.056820
v -0.269080 0.276266 0.111456
v -0.242166 0.276266 0.161810
v -0.205945 0.276266 0.205944
v -0.161810 0.276266 0.242165
v -0.111456 0.276266 0.269080
v -0.056820 0.276266 0.285653
v 0.000000 0.276266 0.291250
v 0.061751 0.288742 0.310444
v 0.121129 0.288742 0.292431
v 0.175853 0.288742 0.263181
v 0.223817 0.288742 0.223817
v 0.263182 0.288742 0.175852
v 0.292432 0.288742 0.121129
v 0.310444 0.288742 0.061751
v 0.316526 0.288742 -0.000000
v 0.060421 0.288571 0.303756
v 0.118520 0.288571 0.286132
v 0.172064 0.288571 0.257512
v 0.218996 0.288571 0.218996
v 0.257512 0.288571 0.172064
v 0.286132 0.288571 0.118519
v 0.303756 0.288571 0.060420
v 0.309707 0.288571 -0.000000
v 0.059370 0.288107 0.298476
v 0.116459 0.288107 0.281158
v 0.169073 0.288107 0.253036
v 0.215190 0.288107 0.215189
v 0.253036 0.288107 0.169073
v 0.281159 0.288107 0.116459
v 0.298476 0.288107 0.059370
v 0.304324 0.288107 -0.000000
v 0.058557 0.287204 0.294388
v 0.114865 0.287204 0.277308
v 0.166758 0.287204 0.249570
v 0.212242 0.287204 0.212242
v 0.249571 0.287204 0.166758
v 0.277308 0.287204 0.114864
v 0.294389 0.287204 0.058557
v 0.300156 0.287204 -0.000000
v 0.057939 0.285715 0.291278
v 0.113651 0.285715 0.274378
v 0.164996 0.285715 0.246934
v 0.210000 0.285715 0.210000
v 0.246934 0.285715 0.164996
v 0.274378 0.285715 0.113651
v 0.291278 0.285715 0.057939
v 0.296985 0.285715 -0.000000
v 0.057471 0.283493 0.288929
v 0.112734 0.283493 0.272165
v 0.163666 0.283493 0.244942
v 0.208307 0.283493 0.208306
v 0.244943 0.283493 0.163665
v 0.272166 0.283493 0.112734
v 0.288929 0.283493 0.057471
v 0.294590 0.283493 -0.000000
v 0.057113 0.280392 0.287126
v 0.112031 0.280392 0.270467
v 0.162644 0.280392 0.243414
v 0.207006 0.280392 0.207006
v 0.243414 0.280392 0.162644
v 0.270467 0.280392 0.112031
v 0.287126 0.280392 0.057113
v 0.292751 0.280392 -0.000000
v 0.056820 0.276266 0.285653
v 0.111456 0.276266 0.269080
v 0.161810 0.276266 0.242165
v 0.205945 0.276266 0.205944
v 0.242166 0.276266 0.161810
v 0.269080 0.276266 0.111456
v 0.285654 0.276266 0.056820
v 0.291250 0.276266 -0.000000
v 0.000000 0.288742 -0.316526
v 0.061751 0.288742 -0.310444
v 0.121129 0.288742 -0.292432
v 0.175853 0.288742 -0.263182
v 0.223817 0.288742 -0.223818
v 0.263182 0.288742 -0.175853
v 0.292432 0.288742 -0.121130
v 0.310444 0.288742 -0.061751
v 0.000000 0.288571 -0.309707
v 0.060421 0.288571 -0.303756
v 0.118520 0.288571 -0.286132
v 0.172064 0.288571 -0.257512
v 0.218996 0.288571 -0.218996
v 0.257512 0.288571 -0.172064
v 0.286132 0.288571 -0.118520
v 0.303756 0.288571 -0.060421
v 0.000000 0.288107 -0.304324
v 0.059370 0.288107 -0.298477
v 0.116459 0.288107 -0.281159
v 0.169073 0.288107 -0.253036
v 0.215190 0.288107 -0.215190
v 0.253036 0.288107 -0.169074
v 0.281159 0.288107 -0.116460
v 0.298476 0.288107 -0.059371
v 0.000000 0.287204 -0.300157
v 0.058557 0.287204 -0.294389
v 0.114865 0.287204 -0.277309
v 0.166758 0.287204 -0.249571
v 0.212242 0.287204 -0.212243
v 0.249571 0.287204 -0.166758
v 0.277308 0.287204 -0.114865
v 0.294389 0.287204 -0.058558
v 0.000000 0.285714 -0.296985
v 0.057939 0.285714 -0.291279
v 0.113651 0.285714 -0.274379
v 0.164996 0.285715 -0.246934
v 0.210000 0.285715 -0.210000
v 0.246934 0.285715 -0.164996
v 0.274378 0.285715 -0.113651
v 0.291278 0.285715 -0.057939
v 0.000000 0.283493 -0.294590
v 0.057471 0.283493 -0.288930
v 0.112734 0.283493 -0.272166
v 0.163666 0.283493 -0.244943
v 0.208307 0.283493 -0.208307
v 0.244943 0.283493 -0.163666
v 0.272166 0.283493 -0.112735
v 0.288929 0.283493 -0.057472
v 0.000000 0.280392 -0.292752
v 0.057113 0.280392 -0.287127
v 0.112031 0.280392 -0.270467
v 0.162644 0.280392 -0.243414
v 0.207006 0.280392 -0.207007
v 0.243414 0.280392 -0.162644
v 0.270467 0.280392 -0.112031
v 0.287126 0.280392 -0.057113
v 0.000000 0.276266 -0.291250
v 0.056820 0.276266 -0.285654
v 0.111456 0.276266 -0.269080
v 0.161810 0.276266 -0.242166
v 0.205945 0.276266 -0.205945
v 0.242166 0.276266 -0.161810
v 0.269080 0.276266 -0.111457
v 0.285654 0.276266 -0.056820
v -0.310444 0.288742 -0.061751
v -0.292432 0.288742 -0.121130
v -0.263182 0.288742 -0.175853
v -0.223817 0.288742 -0.223818
v -0.175853 0.288742 -0.263182
v -0.121129 0.288742 -0.292432
v -0.061751 0.288742 -0.310444
v -0.303756 0.288571 -0.060421
v -0.286132 0.288571 -0.118520
v -0.257512 0.288571 -0.172064
v -0.218996 0.288571 -0.218996
v -0.172064 0.288571 -0.257512
v -0.118520 0.288571 -0.286132
v -0.060421 0.288571 -0.303756
v -0.298476 0.288107 -0.059371
v -0.281159 0.288107 -0.116460
v -0.253036 0.288107 -0.169074
v -0.215190 0.288107 -0.215190
v -0.169073 0.288107 -0.253036
v -0.116459 0.288107 -0.281159
v -0.059370 0.288107 -0.298477
v -0.294389 0.287204 -0.058558
v -0.277308 0.287204 -0.114865
v -0.249571 0.287204 -0.166758
v -0.212242 0.287204 -0.212243
v -0.166758 0.287204 -0.249571
v -0.114865 0.287204 -0.277309
v -0.058557 0.287204 -0.294389
v -0.291278 0.285715 -0.057939
v -0.274378 0.285715 -0.113651
v -0.246934 0.285715 -0.164996
v -0.210000 0.285715 -0.210000
v -0.164996 0.285715 -0.246934
v -0.113651 0.285714 -0.274379
v -0.057939 0.285714 -0.291279
v -0.288929 0.283493 -0.057472
v -0.272166 0.283493 -0.112735
v -0.244943 0.283493 -0.163666
v -0.208307 0.283493 -0.208307
v -0.163666 0.283493 -0.244943
v -0.112734 0.283493 -0.272166
v -0.057471 0.283493 -0.288930
v -0.287126 0.280392 -0.057113
v -0.270467 0.280392 -0.112031
v -0.243414 0.280392 -0.162644
v -0.207006 0.280392 -0.207007
v -0.162644 0.280392 -0.243414
v -0.112031 0.280392 -0.270467
v -0.057113 0.280392 -0.287127
v -0.285654 0.276266 -0.056820
v -0.269080 0.276266 -0.111457
v -0.242166 0.276266 -0.161810
v -0.205945 0.276266 -0.205945
v -0.161810 0.276266 -0.242166
v -0.111456 0.276266 -0.269080
v -0.056820 0.276266 -0.285654
v -0.289451 0.272707 -0.000000
v -0.283889 0.272707 0.056469
v -0.267417 0.272707 0.110768
v -0.240670 0.272707 0.160810
v -0.204673 0.272707 0.204672
v -0.160810 0.272707 0.240669
v -0.110768 0.272707 0.267417
v -0.056469 0.272707 0.283889
v 0.000000 0.272707 0.289450
v -0.286934 0.271227 -0.000000
v -0.281420 0.271227 0.055978
v -0.265092 0.271227 0.109804
v -0.238577 0.271227 0.159411
v -0.202892 0.271227 0.202892
v -0.159412 0.271227 0.238576
v -0.109805 0.271227 0.265092
v -0.055978 0.271227 0.281420
v 0.000000 0.271227 0.286933
v -0.283801 0.271564 -0.000000
v -0.278348 0.271564 0.055367
v -0.262198 0.271564 0.108606
v -0.235972 0.271564 0.157671
v -0.200678 0.271564 0.200677
v -0.157671 0.271564 0.235972
v -0.108606 0.271564 0.262198
v -0.055367 0.271564 0.278348
v 0.000000 0.271564 0.283801
v -0.280156 0.273454 -0.000000
v -0.274773 0.273454 0.054655
v -0.258830 0.273454 0.107211
v -0.232941 0.273454 0.155646
v -0.198101 0.273454 0.198100
v -0.155647 0.273454 0.232941
v -0.107211 0.273454 0.258830
v -0.054655 0.273454 0.274773
v 0.000000 0.273454 0.280156
v -0.276101 0.276632 -0.000000
v -0.270796 0.276632 0.053864
v -0.255084 0.276632 0.105659
v -0.229569 0.276632 0.153393
v -0.195233 0.276632 0.195233
v -0.153394 0.276632 0.229569
v -0.105659 0.276633 0.255084
v -0.053865 0.276633 0.270796
v 0.000000 0.276633 0.276101
v -0.271738 0.280836 -0.000000
v -0.266517 0.280836 0.053013
v -0.251054 0.280836 0.103989
v -0.225942 0.280836 0.150969
v -0.192148 0.280836 0.192148
v -0.150970 0.280836 0.225942
v -0.103989 0.280837 0.251053
v -0.053013 0.280837 0.266517
v 0.000000 0.280837 0.271738
v -0.267170 0.285802 -0.000000
v -0.262037 0.285802 0.052122
v -0.246834 0.285802 0.102241
v -0.222144 0.285802 0.148432
v -0.188918 0.285802 0.188918
v -0.148432 0.285802 0.222144
v -0.102242 0.285802 0.246833
v -0.052122 0.285802 0.262036
v 0.000000 0.285802 0.267170
v -0.262500 0.291266 -0.000000
v -0.257456 0.291266 0.051211
v -0.242518 0.291266 0.100454
v -0.218261 0.291266 0.145837
v -0.185615 0.291266 0.185615
v -0.145837 0.291266 0.218260
v -0.100455 0.291266 0.242518
v -0.051211 0.291266 0.257456
v 0.000000 0.291266 0.262500
v 0.056469 0.272707 0.283889
v 0.110768 0.272707 0.267417
v 0.160810 0.272707 0.240669
v 0.204673 0.272707 0.204672
v 0.240670 0.272707 0.160810
v 0.267417 0.272707 0.110768
v 0.283889 0.272707 0.056469
v 0.289451 0.272707 -0.000000
v 0.055978 0.271227 0.281420
v 0.109805 0.271227 0.265092
v 0.159412 0.271227 0.238576
v 0.202892 0.271227 0.202892
v 0.238577 0.271227 0.159411
v 0.265092 0.271227 0.109804
v 0.281420 0.271227 0.055978
v 0.286934 0.271227 -0.000000
v 0.055367 0.271564 0.278348
v 0.108606 0.271564 0.262198
v 0.157671 0.271564 0.235972
v 0.200678 0.271564 0.200677
v 0.235972 0.271564 0.157671
v 0.262198 0.271564 0.108606
v 0.278348 0.271564 0.055367
v 0.283801 0.271564 -0.000000
v 0.054656 0.273454 0.274773
v 0.107211 0.273454 0.258830
v 0.155647 0.273454 0.232941
v 0.198101 0.273454 0.198100
v 0.232941 0.273454 0.155646
v 0.258830 0.273454 0.107211
v 0.274773 0.273454 0.054655
v 0.280156 0.273454 -0.000000
v 0.053865 0.276633 0.270795
v 0.105659 0.276633 0.255084
v 0.153394 0.276632 0.229569
v 0.195233 0.276632 0.195233
v 0.229569 0.276632 0.153393
v 0.255084 0.276632 0.105659
v 0.270796 0.276632 0.053864
v 0.276101 0.276632 -0.000000
v 0.053013 0.280837 0.266517
v 0.103990 0.280837 0.251053
v 0.150970 0.280836 0.225942
v 0.192148 0.280836 0.192148
v 0.225942 0.280836 0.150969
v 0.251054 0.280836 0.103989
v 0.266517 0.280836 0.053013
v 0.271738 0.280836 -0.000000
v 0.052122 0.285802 0.262036
v 0.102242 0.285802 0.246833
v 0.148432 0.285802 0.222144
v 0.188918 0.285802 0.188918
v 0.222144 0.285802 0.148432
v 0.246834 0.285802 0.102241
v 0.262037 0.285802 0.052122
v 0.267170 0.285802 -0.000000
v 0.051211 0.291266 0.257456
v 0.100455 0.291266 0.242518
v 0.145837 0.291266 0.218260
v 0.185615 0.291266 0.185615
v 0.218261 0.291266 0.145837
v 0.242518 0.291266 0.100454
v 0.257456 0.291266 0.051211
v 0.262500 0.291266 -0.000000
v 0.000000 0.272707 -0.289451
v 0.056469 0.272707 -0.283889
v 0.110768 0.272707 -0.267418
v 0.160810 0.272707 -0.240670
v 0.204673 0.272707 -0.204673
v 0.240670 0.272707 -0.160810
v 0.267417 0.272707 -0.110768
v 0.283889 0.272707 -0.056469
v 0.000000 0.271227 -0.286934
v 0.055978 0.271227 -0.281421
v 0.109805 0.271227 -0.265092
v 0.159412 0.271227 -0.238577
v 0.202892 0.271227 -0.202893
v 0.238577 0.271227 -0.159412
v 0.265092 0.271227 -0.109805
v 0.281420 0.271227 -0.055978
v 0.000000 0.271564 -0.283802
v 0.055367 0.271564 -0.278348
v 0.108606 0.271564 -0.262199
v 0.157671 0.271564 -0.235972
v 0.200678 0.271564 -0.200678
v 0.235972 0.271564 -0.157672
v 0.262198 0.271564 -0.108606
v 0.278348 0.271564 -0.055367
v 0.000000 0.273454 -0.280157
v 0.054656 0.273454 -0.274773
v 0.107211 0.273454 -0.258831
v 0.155647 0.273454 -0.232942
v 0.198101 0.273454 -0.198101
v 0.232941 0.273454 -0.155647
v 0.258830 0.273454 -0.107211
v 0.274773 0.273454 -0.054656
v 0.000000 0.276632 -0.276101
v 0.053865 0.276632 -0.270796
v 0.105659 0.276632 -0.255085
v 0.153394 0.276632 -0.229570
v 0.195233 0.276632 -0.195233
v 0.229569 0.276632 -0.153394
v 0.255084 0.276632 -0.105660
v 0.270796 0.276632 -0.053865
v 0.000000 0.280836 -0.271739
v 0.053013 0.280836 -0.266517
v 0.103990 0.280836 -0.251054
v 0.150970 0.280836 -0.225942
v 0.192148 0.280836 -0.192148
v 0.225942 0.280836 -0.150970
v 0.251054 0.280836 -0.103990
v 0.266517 0.280836 -0.053014
v 0.000000 0.285802 -0.267171
v 0.052122 0.285802 -0.262037
v 0.102242 0.285802 -0.246834
v 0.148432 0.285802 -0.222144
v 0.188918 0.285802 -0.188918
v 0.222144 0.285802 -0.148432
v 0.246834 0.285802 -0.102242
v 0.262037 0.285802 -0.052123
v 0.000000 0.291266 -0.262500
v 0.051211 0.291266 -0.257456
v 0.100455 0.291266 -0.242519
v 0.145837 0.291266 -0.218261
v 0.185615 0.291266 -0.185616
v 0.218261 0.291266 -0.145837
v 0.242518 0.291266 -0.100455
v 0.257456 0.291266 -0.051211
v -0.283889 0.272707 -0.056469
v -0.267417 0.272707 -0.110768
v -0.240670 0.272707 -0.160810
v -0.204673 0.272707 -0.204673
v -0.160810 0.272707 -0.240670
v -0.110768 0.272707 -0.267418
v -0.056469 0.272707 -0.283889
v -0.281420 0.271227 -0.055978
v -0.265092 0.271227 -0.109805
v -0.238577 0.271227 -0.159412
v -0.202892 0.271227 -0.202893
v -0.159412 0.271227 -0.238577
v -0.109805 0.271227 -0.265092
v -0.055978 0.271227 -0.281421
v -0.278348 0.271564 -0.055367
v -0.262198 0.271564 -0.108606
v -0.235972 0.271564 -0.157672
v -0.200678 0.271564 -0.200678
v -0.157671 0.271564 -0.235972
v -0.108606 0.271564 -0.262199
v -0.055367 0.271564 -0.278348
v -0.274773 0.273454 -0.054656
v -0.258830 0.273454 -0.107211
v -0.232941 0.273454 -0.155647
v -0.198101 0.273454 -0.198101
v -0.155647 0.273454 -0.232942
v -0.107211 0.273454 -0.258831
v -0.054655 0.273454 -0.274773
v -0.270796 0.276632 -0.053865
v -0.255084 0.276632 -0.105660
v -0.229569 0.276632 -0.153394
v -0.195233 0.276632 -0.195233
v -0.153394 0.276632 -0.229570
v -0.105659 0.276632 -0.255085
v -0.053865 0.276632 -0.270796
v -0.266517 0.280836 -0.053014
v -0.251054 0.280836 -0.103990
v -0.225942 0.280836 -0.150970
v -0.192148 0.280836 -0.192148
v -0.150970 0.280836 -0.225942
v -0.103989 0.280836 -0.251054
v -0.053013 0.280836 -0.266517
v -0.262037 0.285802 -0.052123
v -0.246834 0.285802 -0.102242
v -0.222144 0.285802 -0.148432
v -0.188918 0.285802 -0.188918
v -0.148432 0.285802 -0.222144
v -0.102242 0.285802 -0.246834
v -0.052122 0.285802 -0.262037
v -0.257456 0.291266 -0.051212
v -0.242518 0.291266 -0.100455
v -0.218261 0.291266 -0.145838
v -0.185615 0.291266 -0.185616
v -0.145837 0.291266 -0.218261
v -0.100455 0.291266 -0.242519
v -0.051211 0.291266 -0.257456
v -0.251734 0.297077 -0.000000
v -0.246897 0.297077 0.049110
v -0.232571 0.297077 0.096334
v -0.209309 0.297077 0.139855
v -0.178003 0.297077 0.178002
v -0.139856 0.297077 0.209308
v -0.096334 0.297077 0.232571
v -0.049110 0.297077 0.246896
v 0.000000 0.297077 0.251733
v -0.230274 0.303063 -0.000000
v -0.225849 0.303063 0.044924
v -0.212745 0.303063 0.088122
v -0.191465 0.303063 0.127933
v -0.162828 0.303063 0.162828
v -0.127933 0.303063 0.191465
v -0.088122 0.303063 0.212745
v -0.044924 0.303063 0.225848
v 0.000000 0.303063 0.230273
v -0.200318 0.308932 -0.000000
v -0.196469 0.308932 0.039080
v -0.185069 0.308932 0.076658
v -0.166558 0.308932 0.111290
v -0.141646 0.308932 0.141645
v -0.111290 0.308932 0.166557
v -0.076658 0.308932 0.185069
v -0.039080 0.308932 0.196468
v 0.000000 0.308932 0.200317
v -0.164062 0.314391 -0.000000
v -0.160910 0.314391 0.032007
v -0.151574 0.314391 0.062784
v -0.136413 0.314391 0.091148
v -0.116010 0.314391 0.116009
v -0.091148 0.314391 0.136413
v -0.062784 0.314391 0.151574
v -0.032007 0.314391 0.160910
v 0.000000 0.314391 0.164062
v -0.123706 0.319147 -0.000000
v -0.121329 0.319147 0.024134
v -0.114289 0.319147 0.047340
v -0.102858 0.319147 0.068727
v -0.087473 0.319147 0.087473
v -0.068728 0.319147 0.102858
v -0.047341 0.319147 0.114289
v -0.024134 0.319147 0.121329
v 0.000000 0.319147 0.123706
v -0.081446 0.322907 -0.000000
v -0.079880 0.322907 0.015889
v -0.075245 0.322907 0.031167
v -0.067719 0.322907 0.045248
v -0.057590 0.322907 0.057590
v -0.045249 0.322907 0.067719
v -0.031168 0.322907 0.075245
v -0.015889 0.322907 0.079880
v 0.000000 0.322907 0.081445
v -0.039478 0.325377 -0.000000
v -0.038719 0.325377 0.007701
v -0.036472 0.325377 0.015107
v -0.032825 0.325377 0.021932
v -0.027915 0.325377 0.027914
v -0.021932 0.325377 0.032824
v -0.015108 0.325377 0.036472
v -0.007701 0.325377 0.038719
v 0.000000 0.325377 0.039477
v 0.000000 0.326266 -0.000000
v 0.049111 0.297077 0.246896
v 0.096334 0.297077 0.232571
v 0.139856 0.297077 0.209308
v 0.178003 0.297077 0.178002
v 0.209309 0.297077 0.139855
v 0.232571 0.297077 0.096334
v 0.246897 0.297077 0.049110
v 0.251734 0.297077 -0.000000
v 0.044924 0.303063 0.225848
v 0.088122 0.303063 0.212745
v 0.127933 0.303063 0.191465
v 0.162828 0.303063 0.162828
v 0.191465 0.303063 0.127933
v 0.212745 0.303063 0.088121
v 0.225849 0.303063 0.044924
v 0.230274 0.303063 -0.000000
v 0.039080 0.308932 0.196468
v 0.076658 0.308932 0.185069
v 0.111290 0.308932 0.166557
v 0.141646 0.308932 0.141645
v 0.166558 0.308932 0.111290
v 0.185069 0.308932 0.076658
v 0.196469 0.308932 0.039080
v 0.200318 0.308932 -0.000000
v 0.032007 0.314391 0.160910
v 0.062784 0.314391 0.151574
v 0.091148 0.314391 0.136413
v 0.116010 0.314391 0.116009
v 0.136413 0.314391 0.091148
v 0.151574 0.314391 0.062784
v 0.160910 0.314391 0.032007
v 0.164062 0.314391 -0.000000
v 0.024134 0.319147 0.121329
v 0.047341 0.319147 0.114289
v 0.068728 0.319147 0.102858
v 0.087473 0.319147 0.087473
v 0.102858 0.319147 0.068727
v 0.114289 0.319147 0.047340
v 0.121329 0.319147 0.024134
v 0.123706 0.319147 -0.000000
v 0.015889 0.322907 0.079880
v 0.031168 0.322907 0.075245
v 0.045249 0.322907 0.067719
v 0.057590 0.322907 0.057590
v 0.067719 0.322907 0.045248
v 0.075245 0.322907 0.031167
v 0.079880 0.322907 0.015889
v 0.081446 0.322907 -0.000000
v 0.007701 0.325377 0.038719
v 0.015108 0.325377 0.036472
v 0.021932 0.325377 0.032824
v 0.027915 0.325377 0.027914
v 0.032825 0.325377 0.021932
v 0.036472 0.325377 0.015107
v 0.038719 0.325377 0.007701
v 0.039478 0.325377 -0.000000
v 0.000000 0.297077 -0.251734
v 0.049111 0.297077 -0.246897
v 0.096334 0.297077 -0.232572
v 0.139856 0.297077 -0.209309
v 0.178003 0.297077 -0.178003
v 0.209309 0.297077 -0.139856
v 0.232571 0.297077 -0.096335
v 0.246897 0.297077 -0.049111
v 0.000000 0.303063 -0.230274
v 0.044924 0.303063 -0.225849
v 0.088122 0.303063 -0.212745
v 0.127933 0.303063 -0.191466
v 0.162828 0.303063 -0.162828
v 0.191465 0.303063 -0.127933
v 0.212745 0.303063 -0.088122
v 0.225849 0.303063 -0.044924
v 0.000000 0.308932 -0.200318
v 0.039080 0.308932 -0.196469
v 0.076658 0.308932 -0.185069
v 0.111290 0.308932 -0.166558
v 0.141646 0.308932 -0.141646
v 0.166558 0.308932 -0.111291
v 0.185069 0.308932 -0.076658
v 0.196469 0.308932 -0.039080
v 0.000000 0.314391 -0.164063
v 0.032007 0.314391 -0.160910
v 0.062784 0.314391 -0.151574
v 0.091148 0.314391 -0.136413
v 0.116010 0.314391 -0.116010
v 0.136413 0.314391 -0.091149
v 0.151574 0.314391 -0.062784
v 0.160910 0.314391 -0.032007
v 0.000000 0.319147 -0.123706
v 0.024134 0.319147 -0.121329
v 0.047341 0.319147 -0.114290
v 0.068728 0.319147 -0.102858
v 0.087473 0.319147 -0.087474
v 0.102858 0.319147 -0.068728
v 0.114289 0.319147 -0.047341
v 0.121329 0.319147 -0.024134
v 0.000000 0.322907 -0.081446
v 0.015889 0.322907 -0.079881
v 0.031168 0.322907 -0.075246
v 0.045249 0.322907 -0.067720
v 0.057590 0.322907 -0.057591
v 0.067719 0.322907 -0.045249
v 0.075245 0.322907 -0.031168
v 0.079880 0.322907 -0.015890
v 0.000000 0.325377 -0.039478
v 0.007701 0.325377 -0.038719
v 0.015108 0.325377 -0.036473
v 0.021932 0.325377 -0.032825
v 0.027915 0.325377 -0.027915
v 0.032825 0.325377 -0.021933
v 0.036472 0.325377 -0.015108
v 0.038719 0.325377 -0.007702
v -0.246897 0.297077 -0.049111
v -0.232571 0.297077 -0.096335
v -0.209309 0.297077 -0.139856
v -0.178003 0.297077 -0.178003
v -0.139856 0.297077 -0.209309
v -0.096334 0.297077 -0.232572
v -0.049110 0.297077 -0.246897
v -0.225849 0.303063 -0.044924
v -0.212745 0.303063 -0.088122
v -0.191465 0.303063 -0.127933
v -0.162828 0.303063 -0.162828
v -0.127933 0.303063 -0.191466
v -0.088122 0.303063 -0.212745
v -0.044924 0.303063 -0.225849
v -0.196469 0.308932 -0.039080
v -0.185069 0.308932 -0.076658
v -0.166558 0.308932 -0.111291
v -0.141646 0.308932 -0.141646
v -0.111290 0.308932 -0.166558
v -0.076658 0.308932 -0.185069
v -0.039080 0.308932 -0.196469
v -0.160910 0.314391 -0.032007
v -0.151574 0.314391 -0.062784
v -0.136413 0.314391 -0.091149
v -0.116010 0.314391 -0.116010
v -0.091148 0.314391 -0.136413
v -0.062784 0.314391 -0.151574
v -0.032007 0.314391 -0.160910
v -0.121329 0.319147 -0.024134
v -0.114289 0.319147 -0.047341
v -0.102858 0.319147 -0.068728
v -0.087473 0.319147 -0.087474
v -0.068728 0.319147 -0.102858
v -0.047341 0.319147 -0.114290
v -0.024134 0.319147 -0.121329
v -0.079880 0.322907 -0.015890
v -0.075245 0.322907 -0.031168
v -0.067719 0.322907 -0.045249
v -0.057590 0.322907 -0.057591
v -0.045249 0.322907 -0.067720
v -0.031168 0.322907 -0.075246
v -0.015889 0.322907 -0.079881
v -0.038719 0.325377 -0.007702
v -0.036472 0.325377 -0.015108
v -0.032825 0.325377 -0.021933
v -0.027915 0.325377 -0.027915
v -0.021932 0.325377 -0.032825
v -0.015108 0.325377 -0.036473
v -0.007701 0.325377 -0.038719
vn -0.0102 0.9601 0.2795
vn -0.0107 0.9999 -0.0000
vn -0.0499 0.9988 -0.0000
vn -0.0475 0.9590 0.2794
vn -0.0083 0.8006 0.5992
vn -0.0385 0.7998 0.5990
vn -0.0047 0.4713 0.8820
vn -0.0217 0.4713 0.8817
vn -0.0000 -0.0000 1.0000
vn 0.0039 -0.4713 0.8819
vn 0.0191 -0.4718 0.8815
vn 0.0066 -0.8005 0.5993
vn 0.0301 -0.8009 0.5980
vn 0.0078 -0.9601 0.2795
vn 0.0340 -0.9598 0.2785
vn 0.0081 -1.0000 -0.0000
vn 0.0345 -0.9994 -0.0000
vn -0.1338 0.9910 -0.0000
vn -0.1270 0.9509 0.2823
vn -0.1027 0.7913 0.6028
vn -0.0577 0.4652 0.8833
vn 0.0507 -0.4684 0.8821
vn 0.0799 -0.7974 0.5981
vn 0.0899 -0.9564 0.2780
vn 0.0911 -0.9958 -0.0000
vn -0.2873 0.9578 -0.0000
vn -0.2722 0.9174 0.2904
vn -0.2183 0.7587 0.6138
vn -0.1215 0.4431 0.8882
vn 0.1077 -0.4524 0.8853
vn 0.1713 -0.7795 0.6025
vn 0.1934 -0.9404 0.2799
vn 0.1961 -0.9806 -0.0000
vn -0.5300 0.8480 -0.0000
vn -0.5011 0.8111 0.3018
vn -0.3989 0.6666 0.6297
vn -0.2200 0.3869 0.8955
vn 0.1997 -0.4066 0.8915
vn 0.3252 -0.7198 0.6133
vn 0.3724 -0.8829 0.2861
vn 0.3792 -0.9253 -0.0000
vn -0.8036 0.5952 -0.0000
vn -0.7623 0.5715 0.3037
vn -0.6116 0.4742 0.6333
vn -0.3409 0.2786 0.8979
vn 0.3221 -0.3068 0.8956
vn 0.5424 -0.5631 0.6234
vn 0.6384 -0.7115 0.2936
vn 0.6568 -0.7541 -0.0000
vn -0.9649 0.2626 -0.0000
vn -0.9228 0.2543 0.2893
vn -0.7592 0.2167 0.6138
vn -0.4378 0.1320 0.8893
vn 0.4310 -0.1523 0.8894
vn 0.7364 -0.2845 0.6138
vn 0.8840 -0.3675 0.2890
vn 0.9191 -0.3940 -0.0000
vn -1.0000 -0.0000 -0.0000
vn -0.9600 -0.0000 0.2800
vn -0.8000 -0.0000 0.6000
vn -0.4706 -0.0000 0.8824
vn 0.4706 -0.0000 0.8824
vn 0.8000 -0.0000 0.6000
vn 0.9600 -0.0000 0.2800
vn 1.0000 -0.0000 -0.0000
vn -0.0031 1.0000 -0.0000
vn -0.0027 0.9600 0.2799
vn -0.0022 0.8002 0.5998
vn -0.0017 0.5945 0.8041
vn -0.0013 0.4708 0.8822
vn 0.0017 -0.4709 0.8822
vn 0.0031 -0.7833 0.6217
vn 0.0032 -0.8004 0.5995
vn 0.0041 -0.9601 0.2797
vn 0.0046 -1.0000 -0.0000
vn -0.3106 0.9153 0.2564
vn -0.3097 0.9508 -0.0000
vn -0.7939 0.5905 0.1452
vn -0.7948 0.6069 -0.0000
vn -0.9399 0.3351 0.0658
vn -0.9426 0.3340 -0.0000
vn -0.3099 0.7817 0.5412
vn -0.7906 0.5394 0.2899
vn -0.9354 0.3344 0.1151
vn -0.2974 0.6143 0.7309
vn -0.7806 0.4856 0.3935
vn -0.9329 0.3335 0.1362
vn -0.3148 0.5122 0.7991
vn -0.7907 0.4417 0.4240
vn -0.9318 0.3323 0.1462
vn -0.3466 0.1222 0.9300
vn -0.8104 0.2851 0.5119
vn -0.9319 0.3280 0.1548
vn -0.4036 -0.2899 0.8678
vn -0.8519 0.0890 0.5161
vn -0.9353 0.3242 0.1418
vn -0.4642 -0.5961 0.6551
vn -0.9021 -0.0885 0.4224
vn -0.9404 0.3214 0.1113
vn -0.4713 -0.6121 0.6350
vn -0.9067 -0.0969 0.4104
vn -0.9407 0.3210 0.1093
vn -0.5212 -0.7925 0.3166
vn -0.9508 -0.2189 0.2193
vn -0.9463 0.3173 0.0619
vn -0.5361 -0.8442 -0.0000
vn -0.9660 -0.2586 -0.0000
vn -0.9492 0.3148 -0.0000
vn -0.0102 0.9601 -0.2795
vn -0.0475 0.9590 -0.2794
vn -0.0083 0.8006 -0.5992
vn -0.0385 0.7998 -0.5990
vn -0.0047 0.4713 -0.8820
vn -0.0217 0.4713 -0.8817
vn -0.0000 -0.0000 -1.0000
vn 0.0041 -0.4713 -0.8820
vn 0.0191 -0.4718 -0.8815
vn 0.0065 -0.8005 -0.5993
vn 0.0301 -0.8009 -0.5980
vn 0.0074 -0.9601 -0.2795
vn 0.0340 -0.9598 -0.2785
vn -0.1270 0.9509 -0.2823
vn -0.1027 0.7913 -0.6028
vn -0.0577 0.4652 -0.8833
vn 0.0507 -0.4684 -0.8821
vn 0.0799 -0.7974 -0.5981
vn 0.0899 -0.9564 -0.2780
vn -0.2722 0.9174 -0.2904
vn -0.2183 0.7587 -0.6138
vn -0.1215 0.4431 -0.8882
vn 0.1078 -0.4524 -0.8853
vn 0.1713 -0.7795 -0.6025
vn 0.1934 -0.9404 -0.2798
vn -0.5011 0.8111 -0.3018
vn -0.3989 0.6666 -0.6297
vn -0.2201 0.3869 -0.8955
vn 0.1997 -0.4066 -0.8915
vn 0.3252 -0.7198 -0.6133
vn 0.3724 -0.8829 -0.2861
vn -0.7623 0.5715 -0.3037
vn -0.6116 0.4742 -0.6333
vn -0.3409 0.2786 -0.8979
vn 0.3221 -0.3068 -0.8956
vn 0.5424 -0.5631 -0.6234
vn 0.6384 -0.7115 -0.2936
vn -0.9228 0.2543 -0.2893
vn -0.7592 0.2167 -0.6138
vn -0.4379 0.1320 -0.8893
vn 0.4310 -0.1523 -0.8894
vn 0.7364 -0.2845 -0.6138
vn 0.8840 -0.3675 -0.2890
vn -0.9600 -0.0000 -0.2800
vn -0.8000 -0.0000 -0.6000
vn -0.4706 -0.0000 -0.8824
vn 0.4706 -0.0000 -0.8824
vn 0.8000 -0.0000 -0.6000
vn 0.9600 -0.0000 -0.2800
vn -0.0027 0.9600 -0.2799
vn -0.0022 0.8002 -0.5998
vn -0.0017 0.5945 -0.8041
vn -0.0013 0.4709 -0.8822
vn 0.0017 -0.4709 -0.8822
vn 0.0031 -0.7833 -0.6217
vn 0.0032 -0.8003 -0.5996
vn 0.0041 -0.9601 -0.2797
vn -0.3106 0.9153 -0.2564
vn -0.7939 0.5905 -0.1452
vn -0.9399 0.3351 -0.0658
vn -0.3099 0.7817 -0.5412
vn -0.7906 0.5394 -0.2899
vn -0.9354 0.3344 -0.1151
vn -0.2974 0.6143 -0.7309
vn -0.7806 0.4856 -0.3935
vn -0.9329 0.3335 -0.1362
vn -0.3148 0.5122 -0.7991
vn -0.7906 0.4417 -0.4240
vn -0.9318 0.3322 -0.1462
vn -0.3466 0.1222 -0.9300
vn -0.8104 0.2851 -0.5119
vn -0.9319 0.3280 -0.1548
vn -0.4036 -0.2899 -0.8678
vn -0.8519 0.0890 -0.5161
vn -0.9353 0.3242 -0.1418
vn -0.4642 -0.5961 -0.6551
vn -0.9021 -0.0885 -0.4224
vn -0.9404 0.3214 -0.1113
vn -0.4713 -0.6121 -0.6350
vn -0.9067 -0.0969 -0.4104
vn -0.9407 0.3210 -0.1093
vn -0.5212 -0.7925 -0.3166
vn -0.9508 -0.2189 -0.2193
vn -0.9463 0.3173 -0.0619
vn -0.9889 -0.1488 -0.0000
vn -0.9483 -0.1425 0.2837
vn -0.7872 -0.1177 0.6053
vn -0.4605 -0.0683 0.8850
vn 0.4609 0.0669 0.8849
vn 0.7882 0.1129 0.6049
vn 0.9496 0.1345 0.2833
vn 0.9902 0.1397 -0.0000
vn -0.9548 -0.2974 -0.0000
vn -0.9145 -0.2833 0.2887
vn -0.7562 -0.2307 0.6123
vn -0.4404 -0.1312 0.8882
vn 0.4444 0.1238 0.8872
vn 0.7662 0.2058 0.6087
vn 0.9274 0.2418 0.2853
vn 0.9684 0.2495 -0.0000
vn -0.8997 -0.4366 -0.0000
vn -0.8626 -0.4152 0.2891
vn -0.7153 -0.3368 0.6123
vn -0.4191 -0.1907 0.8877
vn 0.4294 0.1777 0.8855
vn 0.7418 0.2921 0.6037
vn 0.8976 0.3396 0.2811
vn 0.9371 0.3490 -0.0000
vn -0.8290 -0.5592 -0.0000
vn -0.7975 -0.5328 0.2830
vn -0.6687 -0.4353 0.6028
vn -0.3987 -0.2495 0.8825
vn 0.4162 0.2340 0.8787
vn 0.7137 0.3795 0.5888
vn 0.8580 0.4367 0.2704
vn 0.8944 0.4472 -0.0000
vn -0.7498 -0.6617 -0.0000
vn -0.7244 -0.6333 0.2725
vn -0.6166 -0.5252 0.5865
vn -0.3767 -0.3083 0.8735
vn 0.3999 0.2943 0.8680
vn 0.6756 0.4706 0.5676
vn 0.8040 0.5366 0.2562
vn 0.8361 0.5486 -0.0000
vn -0.6682 -0.7440 -0.0000
vn -0.6476 -0.7152 0.2628
vn -0.5577 -0.6023 0.5712
vn -0.3474 -0.3627 0.8647
vn 0.3716 0.3541 0.8582
vn 0.6181 0.5621 0.5496
vn 0.7291 0.6391 0.2448
vn 0.7568 0.6536 -0.0000
vn -0.5889 -0.8082 -0.0000
vn -0.5704 -0.7790 0.2605
vn -0.4906 -0.6608 0.5680
vn -0.3049 -0.4020 0.8634
vn 0.3217 0.4001 0.8582
vn 0.5326 0.6426 0.5508
vn 0.6272 0.7389 0.2462
vn 0.6507 0.7593 0.0001
vn 0.5739 0.8189 -0.0000
vn 0.5583 0.7875 0.2612
vn 0.4686 0.6721 0.5733
vn 0.4062 0.5851 0.7019
vn 0.2769 0.4079 0.8700
vn -0.1653 -0.2566 0.9523
vn -0.2618 -0.4102 0.8736
vn -0.4284 -0.6880 0.5857
vn -0.5060 -0.8188 0.2710
vn -0.5065 -0.8194 0.2683
vn -0.5260 -0.8505 -0.0000
vn -0.0842 0.9358 0.3423
vn -0.0760 0.9971 -0.0000
vn -0.7481 0.6131 0.2539
vn -0.7441 0.6681 -0.0000
vn -0.9979 0.0333 0.0547
vn -0.9991 0.0427 -0.0000
vn -0.1277 0.7270 0.6747
vn -0.7696 0.4371 0.4654
vn -0.9952 0.0121 0.0968
vn -0.1512 0.6023 0.7838
vn -0.7795 0.3445 0.5232
vn -0.9942 -0.0000 0.1073
vn -0.2400 0.3662 0.8990
vn -0.8205 0.1535 0.5506
vn -0.9909 -0.0499 0.1247
vn -0.3869 -0.0582 0.9203
vn -0.8647 -0.1301 0.4852
vn -0.9799 -0.1475 0.1342
vn -0.4467 -0.2823 0.8490
vn -0.8667 -0.2571 0.4275
vn -0.9706 -0.2042 0.1274
vn -0.5160 -0.4121 0.7509
vn -0.8803 -0.3227 0.3477
vn -0.9610 -0.2475 0.1233
vn -0.6055 -0.6317 0.4840
vn -0.8804 -0.4275 0.2053
vn -0.9384 -0.3322 0.0951
vn -0.6477 -0.7291 0.2212
vn -0.8764 -0.4726 0.0926
vn -0.9230 -0.3811 0.0533
vn -0.6491 -0.7287 0.2183
vn -0.8771 -0.4715 0.0912
vn -0.9229 -0.3814 0.0528
vn -0.6533 -0.7571 -0.0000
vn -0.8726 -0.4885 -0.0000
vn -0.9196 -0.3929 -0.0000
vn -0.9483 -0.1425 -0.2836
vn -0.7872 -0.1177 -0.6053
vn -0.4605 -0.0683 -0.8850
vn 0.4609 0.0669 -0.8849
vn 0.7882 0.1129 -0.6049
vn 0.9496 0.1345 -0.2833
vn -0.9145 -0.2833 -0.2887
vn -0.7562 -0.2307 -0.6123
vn -0.4404 -0.1312 -0.8882
vn 0.4444 0.1238 -0.8872
vn 0.7662 0.2058 -0.6087
vn 0.9274 0.2418 -0.2853
vn -0.8626 -0.4152 -0.2891
vn -0.7153 -0.3368 -0.6123
vn -0.4191 -0.1907 -0.8877
vn 0.4294 0.1777 -0.8855
vn 0.7418 0.2921 -0.6037
vn 0.8976 0.3396 -0.2811
vn -0.7975 -0.5328 -0.2830
vn -0.6687 -0.4353 -0.6028
vn -0.3988 -0.2495 -0.8824
vn 0.4162 0.2340 -0.8787
vn 0.7137 0.3794 -0.5888
vn 0.8580 0.4367 -0.2704
vn -0.7244 -0.6333 -0.2725
vn -0.6166 -0.5252 -0.5865
vn -0.3767 -0.3083 -0.8735
vn 0.3999 0.2943 -0.8680
vn 0.6755 0.4706 -0.5676
vn 0.8040 0.5366 -0.2562
vn -0.6476 -0.7152 -0.2628
vn -0.5577 -0.6023 -0.5712
vn -0.3474 -0.3627 -0.8647
vn 0.3716 0.3541 -0.8582
vn 0.6181 0.5621 -0.5496
vn 0.7291 0.6391 -0.2448
vn -0.5704 -0.7790 -0.2605
vn -0.4907 -0.6608 -0.5680
vn -0.3049 -0.4020 -0.8634
vn 0.3217 0.4001 -0.8582
vn 0.5326 0.6426 -0.5508
vn 0.6272 0.7389 -0.2462
vn 0.5583 0.7874 -0.2612
vn 0.4686 0.6722 -0.5733
vn 0.4062 0.5851 -0.7019
vn 0.2769 0.4079 -0.8700
vn -0.1653 -0.2566 -0.9523
vn -0.2618 -0.4101 -0.8736
vn -0.4284 -0.6880 -0.5858
vn -0.5060 -0.8188 -0.2711
vn -0.5065 -0.8194 -0.2683
vn -0.0842 0.9358 -0.3423
vn -0.7481 0.6131 -0.2539
vn -0.9979 0.0334 -0.0547
vn -0.1277 0.7270 -0.6746
vn -0.7696 0.4371 -0.4654
vn -0.9952 0.0121 -0.0968
vn -0.1512 0.6023 -0.7838
vn -0.7795 0.3445 -0.5232
vn -0.9942 -0.0000 -0.1073
vn -0.2399 0.3663 -0.8990
vn -0.8205 0.1535 -0.5506
vn -0.9909 -0.0499 -0.1247
vn -0.3869 -0.0582 -0.9203
vn -0.8647 -0.1301 -0.4852
vn -0.9799 -0.1475 -0.1342
vn -0.4467 -0.2824 -0.8489
vn -0.8667 -0.2571 -0.4275
vn -0.9706 -0.2042 -0.1274
vn -0.5160 -0.4121 -0.7509
vn -0.8803 -0.3227 -0.3477
vn -0.9610 -0.2475 -0.1233
vn -0.6055 -0.6318 -0.4840
vn -0.8804 -0.4275 -0.2053
vn -0.9384 -0.3322 -0.0951
vn -0.6477 -0.7291 -0.2212
vn -0.8764 -0.4726 -0.0927
vn -0.9227 -0.3817 -0.0533
vn -0.6491 -0.7287 -0.2184
vn -0.8771 -0.4715 -0.0912
vn -0.9229 -0.3815 -0.0528
vn 0.6096 -0.6353 -0.4741
vn 0.7071 -0.7071 -0.0000
vn 0.8160 -0.5780 -0.0000
vn 0.6738 -0.4725 -0.5681
vn 0.3981 -0.4558 -0.7961
vn 0.4044 -0.2526 -0.8790
vn 0.1903 -0.2423 -0.9514
vn 0.1783 -0.0337 -0.9834
vn -0.0063 0.1856 -0.9826
vn -0.1880 0.2839 -0.9402
vn -0.1745 0.4219 -0.8897
vn -0.3642 0.5803 -0.7284
vn -0.3272 0.6591 -0.6772
vn -0.4812 0.7927 -0.3743
vn -0.4328 0.8310 -0.3495
vn -0.5145 0.8575 -0.0000
vn -0.4654 0.8851 -0.0000
vn 0.9702 -0.2425 -0.0000
vn 0.7405 -0.1108 -0.6629
vn 0.3891 0.1098 -0.9146
vn 0.1486 0.2948 -0.9439
vn -0.0220 0.4580 -0.8887
vn -0.1625 0.6173 -0.7698
vn -0.2837 0.7697 -0.5719
vn -0.3696 0.8811 -0.2951
vn -0.3984 0.9172 -0.0000
vn 0.7526 0.6585 -0.0000
vn 0.5368 0.6682 -0.5152
vn 0.2495 0.7063 -0.6625
vn 0.0726 0.7602 -0.6456
vn -0.0413 0.8129 -0.5809
vn -0.1281 0.8627 -0.4892
vn -0.2018 0.9104 -0.3611
vn -0.2574 0.9477 -0.1889
vn -0.2781 0.9606 -0.0000
vn -0.0000 1.0000 -0.0000
vn -0.0156 0.9995 -0.0273
vn -0.0398 0.9991 -0.0153
vn -0.0513 0.9983 0.0265
vn -0.0464 0.9958 0.0791
vn -0.0233 0.9913 0.1298
vn 0.0246 0.9869 0.1596
vn 0.0969 0.9873 0.1257
vn 0.1416 0.9899 -0.0000
vn -0.3285 0.9445 -0.0000
vn -0.2945 0.9304 0.2183
vn -0.2177 0.8912 0.3979
vn -0.1304 0.8357 0.5334
vn -0.0289 0.7549 0.6552
vn 0.1201 0.6160 0.7785
vn 0.3831 0.3404 0.8587
vn 0.7595 -0.1375 0.6358
vn 0.9134 -0.4070 0.0002
vn -0.4961 0.8683 -0.0000
vn -0.4392 0.8344 0.3330
vn -0.3097 0.7415 0.5952
vn -0.1668 0.6146 0.7710
vn -0.0120 0.4374 0.8992
vn 0.1844 0.1571 0.9702
vn 0.4280 -0.2607 0.8654
vn 0.6061 -0.6412 0.4706
vn 0.6472 -0.7623 -0.0000
vn -0.6122 0.7907 -0.0000
vn -0.5397 0.7420 0.3977
vn -0.3717 0.6078 0.7017
vn -0.1892 0.4268 0.8843
vn -0.0028 0.1893 0.9819
vn 0.2026 -0.1352 0.9699
vn 0.4018 -0.5070 0.7626
vn 0.5185 -0.7652 0.3816
vn 0.5452 -0.8383 -0.0000
vn -0.7071 0.7071 -0.0000
vn -0.6229 0.6495 0.4361
vn -0.4240 0.4878 0.7631
vn -0.2089 0.2701 0.9399
vn 0.2052 -0.3249 0.9232
vn 0.3748 -0.6359 0.6746
vn 0.4647 -0.8236 0.3253
vn 0.4856 -0.8742 -0.0000
vn 0.6096 -0.6353 0.4741
vn 0.6738 -0.4725 0.5681
vn 0.3981 -0.4558 0.7961
vn 0.4044 -0.2526 0.8790
vn 0.1903 -0.2423 0.9513
vn 0.1783 -0.0337 0.9834
vn -0.0063 0.1856 0.9826
vn -0.1880 0.2839 0.9402
vn -0.1745 0.4219 0.8897
vn -0.3642 0.5804 0.7284
vn -0.3272 0.6590 0.6772
vn -0.4812 0.7927 0.3743
vn -0.4327 0.8310 0.3495
vn 0.7404 -0.1108 0.6629
vn 0.3891 0.1098 0.9146
vn 0.1487 0.2948 0.9439
vn -0.0220 0.4580 0.8887
vn -0.1624 0.6173 0.7698
vn -0.2836 0.7697 0.5720
vn -0.3696 0.8811 0.2951
vn 0.5368 0.6682 0.5152
vn 0.2495 0.7063 0.6625
vn 0.0726 0.7602 0.6456
vn -0.0413 0.8129 0.5809
vn -0.1281 0.8627 0.4892
vn -0.2018 0.9105 0.3610
vn -0.2574 0.9477 0.1889
vn -0.0156 0.9995 0.0273
vn -0.0398 0.9991 0.0153
vn -0.0513 0.9983 -0.0265
vn -0.0464 0.9958 -0.0791
vn -0.0233 0.9913 -0.1298
vn 0.0246 0.9869 -0.1596
vn 0.0969 0.9873 -0.1257
vn -0.2945 0.9304 -0.2183
vn -0.2177 0.8912 -0.3979
vn -0.1304 0.8358 -0.5334
vn -0.0289 0.7549 -0.6552
vn 0.1201 0.6160 -0.7785
vn 0.3831 0.3404 -0.8587
vn 0.7594 -0.1375 -0.6359
vn -0.4392 0.8344 -0.3330
vn -0.3097 0.7415 -0.5952
vn -0.1668 0.6146 -0.7710
vn -0.0119 0.4374 -0.8992
vn 0.1844 0.1571 -0.9702
vn 0.4280 -0.2607 -0.8654
vn 0.6061 -0.6412 -0.4707
vn -0.5397 0.7420 -0.3977
vn -0.3718 0.6078 -0.7017
vn -0.1892 0.4268 -0.8843
vn -0.0028 0.1893 -0.9819
vn 0.2026 -0.1352 -0.9699
vn 0.4018 -0.5070 -0.7626
vn 0.5186 -0.7652 -0.3816
vn -0.6229 0.6495 -0.4361
vn -0.4240 0.4878 -0.7631
vn -0.2089 0.2701 -0.9399
vn 0.2052 -0.3249 -0.9232
vn 0.3748 -0.6359 -0.6746
vn 0.4647 -0.8236 -0.3253
vn -0.8922 0.4517 -0.0000
vn -0.7941 0.4384 0.4209
vn -0.5423 0.3739 0.7524
vn -0.2580 0.2585 0.9309
vn 0.0139 0.0988 0.9950
vn 0.2859 -0.1085 0.9521
vn 0.5512 -0.3469 0.7589
vn 0.7407 -0.5385 0.4016
vn 0.7975 -0.6033 -0.0000
vn -0.9578 0.2874 -0.0000
vn -0.8874 0.3008 0.3493
vn -0.6525 0.3035 0.6943
vn -0.3044 0.2487 0.9195
vn 0.0631 0.1344 0.9889
vn 0.4087 -0.0198 0.9125
vn 0.7020 -0.1832 0.6882
vn 0.8860 -0.3046 0.3495
vn 0.9384 -0.3454 -0.0000
vn -0.9710 0.2389 -0.0000
vn -0.9222 0.2560 0.2898
vn -0.7220 0.2801 0.6327
vn -0.3282 0.2513 0.9106
vn 0.1428 0.1472 0.9787
vn 0.5389 0.0098 0.8423
vn 0.8050 -0.1133 0.5824
vn 0.9408 -0.1923 0.2791
vn 0.9760 -0.2178 -0.0000
vn -0.9529 0.3032 -0.0000
vn -0.9096 0.3150 0.2709
vn -0.7207 0.3261 0.6117
vn -0.3044 0.2738 0.9123
vn 0.2156 0.1362 0.9669
vn 0.6127 -0.0167 0.7901
vn 0.8434 -0.1325 0.5207
vn 0.9493 -0.1991 0.2432
vn 0.9756 -0.2195 -0.0000
vn -0.8729 0.4878 -0.0000
vn -0.8223 0.4848 0.2980
vn -0.6199 0.4424 0.6480
vn -0.2272 0.3067 0.9243
vn 0.2287 0.0983 0.9685
vn 0.5860 -0.1000 0.8041
vn 0.8065 -0.2430 0.5390
vn 0.9119 -0.3224 0.2539
vn 0.9384 -0.3456 -0.0000
vn -0.6544 0.7561 -0.0000
vn -0.6000 0.7169 0.3550
vn -0.4156 0.5706 0.7083
vn -0.1327 0.3265 0.9358
vn 0.1701 0.0489 0.9842
vn 0.4428 -0.2122 0.8712
vn 0.6542 -0.4229 0.6270
vn 0.7758 -0.5504 0.3087
vn 0.8090 -0.5878 -0.0000
vn -0.3070 0.9517 -0.0000
vn -0.2794 0.8715 0.4030
vn -0.1901 0.6331 0.7504
vn -0.0628 0.3236 0.9441
vn 0.0796 0.0122 0.9968
vn 0.2324 -0.2919 0.9278
vn 0.3847 -0.5770 0.7205
vn 0.4970 -0.7812 0.3779
vn 0.5328 -0.8462 -0.0000
vn -0.2725 0.9622 -0.0000
vn -0.2333 0.8812 0.4112
vn -0.2239 0.8497 0.4774
vn -0.1675 0.6631 0.7296
vn -0.1569 0.6326 0.7584
vn -0.0781 0.3954 0.9152
vn -0.0533 0.3186 0.9464
vn 0.0536 0.0186 0.9984
vn 0.0568 0.0087 0.9983
vn 0.1784 -0.2967 0.9382
vn 0.1977 -0.3370 0.9205
vn 0.3025 -0.5957 0.7441
vn 0.3078 -0.6059 0.7336
vn 0.3552 -0.7233 0.5922
vn 0.3837 -0.8310 0.4028
vn 0.4191 -0.9080 -0.0000
vn 0.1742 0.9847 -0.0000
vn 0.1980 0.8868 0.4177
vn 0.7675 0.6410 -0.0000
vn 0.7750 0.5694 0.2741
vn 0.9715 0.2370 -0.0000
vn 0.9664 0.2294 0.1163
vn 0.1969 0.8540 0.4815
vn 0.7725 0.5520 0.3139
vn 0.9654 0.2255 0.1308
vn 0.2380 0.6598 0.7128
vn 0.7879 0.4281 0.4427
vn 0.9603 0.2032 0.1910
vn 0.2493 0.6286 0.7367
vn 0.7928 0.4074 0.4532
vn 0.9592 0.2003 0.1993
vn 0.2986 0.4001 0.8664
vn 0.8097 0.2787 0.5164
vn 0.9568 0.1681 0.2372
vn 0.3236 0.3272 0.8878
vn 0.8203 0.2357 0.5210
vn 0.9560 0.1553 0.2487
vn 0.3907 0.0508 0.9191
vn 0.8449 0.0829 0.5285
vn 0.9600 0.0940 0.2637
vn 0.3935 0.0418 0.9184
vn 0.8461 0.0775 0.5274
vn 0.9601 0.0913 0.2642
vn 0.4508 -0.2403 0.8597
vn 0.8641 -0.0885 0.4955
vn 0.9689 0.0089 0.2474
vn 0.4521 -0.2788 0.8473
vn 0.8626 -0.1121 0.4933
vn 0.9706 -0.0000 0.2408
vn 0.4671 -0.5435 0.6974
vn 0.8484 -0.3266 0.4165
vn 0.9696 -0.1464 0.1961
vn 0.4651 -0.5550 0.6897
vn 0.8460 -0.3360 0.4140
vn 0.9696 -0.1505 0.1929
vn 0.4315 -0.6892 0.5820
vn 0.8081 -0.4564 0.3724
vn 0.9665 -0.2041 0.1556
vn 0.4092 -0.8152 0.4098
vn 0.7732 -0.5724 0.2731
vn 0.9554 -0.2728 0.1132
vn 0.3706 -0.9288 -0.0000
vn 0.7236 -0.6902 -0.0000
vn 0.9494 -0.3141 -0.0000
vn -0.7941 0.4384 -0.4209
vn -0.5423 0.3740 -0.7524
vn -0.2580 0.2585 -0.9309
vn 0.0139 0.0988 -0.9950
vn 0.2859 -0.1085 -0.9521
vn 0.5512 -0.3469 -0.7589
vn 0.7407 -0.5386 -0.4016
vn -0.8874 0.3008 -0.3493
vn -0.6525 0.3035 -0.6943
vn -0.3044 0.2487 -0.9195
vn 0.0631 0.1344 -0.9889
vn 0.4087 -0.0198 -0.9125
vn 0.7020 -0.1832 -0.6882
vn 0.8860 -0.3046 -0.3495
vn -0.9222 0.2561 -0.2898
vn -0.7220 0.2801 -0.6327
vn -0.3282 0.2513 -0.9106
vn 0.1428 0.1472 -0.9787
vn 0.5389 0.0098 -0.8423
vn 0.8050 -0.1133 -0.5824
vn 0.9408 -0.1923 -0.2791
vn -0.9096 0.3150 -0.2709
vn -0.7207 0.3261 -0.6117
vn -0.3044 0.2738 -0.9123
vn 0.2156 0.1362 -0.9669
vn 0.6127 -0.0167 -0.7901
vn 0.8434 -0.1325 -0.5207
vn 0.9493 -0.1991 -0.2432
vn -0.8224 0.4847 -0.2979
vn -0.6199 0.4424 -0.6480
vn -0.2272 0.3067 -0.9243
vn 0.2287 0.0983 -0.9685
vn 0.5860 -0.1000 -0.8041
vn 0.8065 -0.2430 -0.5390
vn 0.9119 -0.3224 -0.2539
vn -0.6000 0.7169 -0.3550
vn -0.4156 0.5706 -0.7083
vn -0.1327 0.3265 -0.9358
vn 0.1701 0.0489 -0.9842
vn 0.4428 -0.2122 -0.8712
vn 0.6542 -0.4229 -0.6270
vn 0.7757 -0.5504 -0.3087
vn -0.2794 0.8715 -0.4030
vn -0.1901 0.6331 -0.7504
vn -0.0628 0.3236 -0.9441
vn 0.0796 0.0122 -0.9968
vn 0.2324 -0.2919 -0.9278
vn 0.3847 -0.5770 -0.7205
vn 0.4970 -0.7812 -0.3778
vn -0.2333 0.8812 -0.4112
vn -0.2239 0.8497 -0.4774
vn -0.1674 0.6630 -0.7297
vn -0.1569 0.6327 -0.7583
vn -0.0781 0.3954 -0.9152
vn -0.0533 0.3186 -0.9464
vn 0.0536 0.0186 -0.9984
vn 0.0568 0.0087 -0.9983
vn 0.1784 -0.2967 -0.9382
vn 0.1977 -0.3370 -0.9205
vn 0.3025 -0.5957 -0.7441
vn 0.3078 -0.6059 -0.7336
vn 0.3551 -0.7234 -0.5921
vn 0.3837 -0.8310 -0.4028
vn 0.1980 0.8868 -0.4176
vn 0.7750 0.5694 -0.2741
vn 0.9664 0.2294 -0.1163
vn 0.1969 0.8540 -0.4815
vn 0.7725 0.5520 -0.3139
vn 0.9654 0.2255 -0.1308
vn 0.2381 0.6598 -0.7127
vn 0.7879 0.4281 -0.4427
vn 0.9603 0.2031 -0.1910
vn 0.2493 0.6286 -0.7367
vn 0.7928 0.4074 -0.4532
vn 0.9592 0.2003 -0.1993
vn 0.2986 0.4000 -0.8665
vn 0.8097 0.2787 -0.5164
vn 0.9568 0.1681 -0.2372
vn 0.3236 0.3272 -0.8878
vn 0.8203 0.2357 -0.5210
vn 0.9560 0.1553 -0.2487
vn 0.3907 0.0508 -0.9191
vn 0.8449 0.0829 -0.5285
vn 0.9600 0.0940 -0.2637
vn 0.3935 0.0418 -0.9184
vn 0.8461 0.0775 -0.5274
vn 0.9601 0.0913 -0.2642
vn 0.4508 -0.2403 -0.8597
vn 0.8641 -0.0885 -0.4955
vn 0.9689 0.0089 -0.2474
vn 0.4520 -0.2788 -0.8473
vn 0.8626 -0.1121 -0.4933
vn 0.9706 -0.0000 -0.2408
vn 0.4671 -0.5435 -0.6974
vn 0.8484 -0.3266 -0.4165
vn 0.9696 -0.1464 -0.1961
vn 0.4651 -0.5550 -0.6897
vn 0.8460 -0.3361 -0.4140
vn 0.9696 -0.1505 -0.1929
vn 0.4315 -0.6892 -0.5821
vn 0.8081 -0.4564 -0.3724
vn 0.9665 -0.2041 -0.1555
vn 0.4092 -0.8152 -0.4098
vn 0.7732 -0.5724 -0.2731
vn 0.9554 -0.2728 -0.1132
vn -0.2014 0.9795 -0.0000
vn -0.1976 0.9795 0.0393
vn -0.1861 0.9795 0.0771
vn -0.1675 0.9795 0.1119
vn -0.1424 0.9795 0.1424
vn -0.1119 0.9795 0.1675
vn -0.0771 0.9795 0.1861
vn -0.0393 0.9795 0.1976
vn -0.0000 0.9795 0.2014
vn -0.6935 0.7071 0.1379
vn -0.6533 0.7071 0.2706
vn -0.5879 0.7072 0.3928
vn -0.5000 0.7071 0.5000
vn -0.3928 0.7071 0.5879
vn -0.2706 0.7071 0.6533
vn -0.1379 0.7071 0.6935
vn -0.0000 0.7071 0.7071
vn -0.9875 -0.1574 -0.0000
vn -0.9686 -0.1574 0.1927
vn -0.9124 -0.1574 0.3779
vn -0.8211 -0.1574 0.5487
vn -0.6983 -0.1574 0.6983
vn -0.5486 -0.1574 0.8211
vn -0.3779 -0.1574 0.9124
vn -0.1926 -0.1574 0.9686
vn -0.0000 -0.1574 0.9875
vn -0.8575 -0.5145 -0.0000
vn -0.8410 -0.5145 0.1673
vn -0.7922 -0.5145 0.3282
vn -0.7130 -0.5145 0.4764
vn -0.6063 -0.5145 0.6063
vn -0.4764 -0.5145 0.7130
vn -0.3281 -0.5145 0.7922
vn -0.1673 -0.5145 0.8410
vn -0.0000 -0.5145 0.8575
vn -0.8215 -0.5702 -0.0000
vn -0.8057 -0.5702 0.1603
vn -0.7589 -0.5703 0.3144
vn -0.6830 -0.5703 0.4564
vn -0.5809 -0.5702 0.5809
vn -0.4564 -0.5703 0.6830
vn -0.3144 -0.5702 0.7590
vn -0.1603 -0.5702 0.8057
vn -0.0000 -0.5702 0.8215
vn -0.8858 -0.4640 -0.0000
vn -0.8688 -0.4640 0.1728
vn -0.8184 -0.4640 0.3390
vn -0.7365 -0.4641 0.4921
vn -0.6264 -0.4640 0.6264
vn -0.4921 -0.4640 0.7365
vn -0.3390 -0.4640 0.8184
vn -0.1728 -0.4640 0.8688
vn -0.0000 -0.4641 0.8858
vn -0.9992 -0.0389 -0.0000
vn -0.9800 -0.0389 0.1950
vn -0.9232 -0.0389 0.3824
vn -0.8309 -0.0389 0.5551
vn -0.7066 -0.0389 0.7066
vn -0.5551 -0.0389 0.8309
vn -0.3824 -0.0389 0.9232
vn -0.1949 -0.0389 0.9801
vn -0.0000 -0.0389 0.9992
vn -0.6935 0.7071 0.1380
vn -0.5879 0.7071 0.3928
vn 0.0393 0.9795 0.1976
vn 0.0771 0.9795 0.1861
vn 0.1119 0.9795 0.1675
vn 0.1424 0.9795 0.1424
vn 0.1675 0.9795 0.1119
vn 0.1861 0.9795 0.0771
vn 0.1976 0.9795 0.0393
vn 0.2014 0.9795 -0.0000
vn 0.1379 0.7071 0.6935
vn 0.2706 0.7071 0.6533
vn 0.3928 0.7071 0.5879
vn 0.5000 0.7071 0.5000
vn 0.5879 0.7072 0.3928
vn 0.6533 0.7071 0.2706
vn 0.6935 0.7071 0.1379
vn 0.7071 0.7071 -0.0000
vn 0.1927 -0.1574 0.9686
vn 0.3779 -0.1574 0.9124
vn 0.5487 -0.1574 0.8211
vn 0.6983 -0.1574 0.6983
vn 0.8211 -0.1574 0.5486
vn 0.9124 -0.1574 0.3779
vn 0.9686 -0.1574 0.1926
vn 0.9875 -0.1574 -0.0000
vn 0.1673 -0.5145 0.8410
vn 0.3281 -0.5145 0.7922
vn 0.4764 -0.5145 0.7130
vn 0.6063 -0.5145 0.6063
vn 0.7130 -0.5145 0.4764
vn 0.7922 -0.5145 0.3281
vn 0.8410 -0.5145 0.1673
vn 0.8575 -0.5145 -0.0000
vn 0.1603 -0.5702 0.8057
vn 0.3144 -0.5702 0.7590
vn 0.4564 -0.5703 0.6830
vn 0.5809 -0.5702 0.5809
vn 0.6830 -0.5703 0.4564
vn 0.7590 -0.5702 0.3144
vn 0.8057 -0.5702 0.1603
vn 0.8214 -0.5703 -0.0000
vn 0.1728 -0.4640 0.8688
vn 0.3390 -0.4640 0.8184
vn 0.4921 -0.4641 0.7365
vn 0.6264 -0.4640 0.6264
vn 0.7365 -0.4641 0.4921
vn 0.8184 -0.4640 0.3390
vn 0.8688 -0.4640 0.1728
vn 0.8858 -0.4640 -0.0000
vn 0.1950 -0.0389 0.9800
vn 0.3824 -0.0389 0.9232
vn 0.5552 -0.0389 0.8308
vn 0.7066 -0.0389 0.7066
vn 0.8308 -0.0389 0.5551
vn 0.9232 -0.0389 0.3824
vn 0.9800 -0.0389 0.1949
vn 0.9992 -0.0389 -0.0000
vn 0.1380 0.7071 0.6935
vn 0.3929 0.7071 0.5879
vn 0.5879 0.7071 0.3928
vn -0.0000 0.9795 -0.2014
vn 0.0393 0.9795 -0.1976
vn 0.0771 0.9795 -0.1861
vn 0.1119 0.9795 -0.1675
vn 0.1424 0.9795 -0.1424
vn 0.1675 0.9795 -0.1119
vn 0.1861 0.9795 -0.0771
vn 0.1976 0.9795 -0.0393
vn -0.0000 0.7071 -0.7071
vn 0.1379 0.7071 -0.6935
vn 0.2706 0.7071 -0.6533
vn 0.3928 0.7071 -0.5879
vn 0.5000 0.7071 -0.5000
vn 0.5879 0.7071 -0.3928
vn 0.6533 0.7071 -0.2706
vn 0.6935 0.7071 -0.1379
vn -0.0000 -0.1574 -0.9875
vn 0.1927 -0.1574 -0.9686
vn 0.3779 -0.1574 -0.9124
vn 0.5486 -0.1574 -0.8211
vn 0.6983 -0.1574 -0.6983
vn 0.8211 -0.1574 -0.5486
vn 0.9124 -0.1574 -0.3779
vn 0.9686 -0.1574 -0.1927
vn -0.0000 -0.5145 -0.8575
vn 0.1673 -0.5145 -0.8410
vn 0.3281 -0.5145 -0.7922
vn 0.4764 -0.5145 -0.7130
vn 0.6063 -0.5145 -0.6063
vn 0.7130 -0.5145 -0.4764
vn 0.7922 -0.5145 -0.3281
vn 0.8410 -0.5145 -0.1673
vn -0.0000 -0.5702 -0.8215
vn 0.1603 -0.5702 -0.8057
vn 0.3144 -0.5702 -0.7590
vn 0.4564 -0.5703 -0.6830
vn 0.5809 -0.5702 -0.5809
vn 0.6830 -0.5703 -0.4564
vn 0.7590 -0.5702 -0.3144
vn 0.8057 -0.5702 -0.1603
vn -0.0000 -0.4640 -0.8858
vn 0.1728 -0.4640 -0.8688
vn 0.3390 -0.4640 -0.8184
vn 0.4921 -0.4641 -0.7365
vn 0.6264 -0.4640 -0.6264
vn 0.7365 -0.4641 -0.4921
vn 0.8184 -0.4640 -0.3390
vn 0.8688 -0.4640 -0.1728
vn -0.0000 -0.0389 -0.9992
vn 0.1949 -0.0389 -0.9801
vn 0.3824 -0.0389 -0.9232
vn 0.5551 -0.0389 -0.8309
vn 0.7066 -0.0389 -0.7066
vn 0.8308 -0.0389 -0.5552
vn 0.9232 -0.0389 -0.3824
vn 0.9801 -0.0389 -0.1949
vn 0.5879 0.7071 -0.3929
vn 0.6935 0.7071 -0.1380
vn -0.1976 0.9795 -0.0393
vn -0.1861 0.9795 -0.0771
vn -0.1675 0.9795 -0.1119
vn -0.1424 0.9795 -0.1424
vn -0.1119 0.9795 -0.1675
vn -0.0771 0.9795 -0.1861
vn -0.0393 0.9795 -0.1976
vn -0.6935 0.7071 -0.1379
vn -0.6533 0.7071 -0.2706
vn -0.5879 0.7072 -0.3928
vn -0.5000 0.7071 -0.5000
vn -0.3928 0.7072 -0.5879
vn -0.2706 0.7071 -0.6533
vn -0.1379 0.7071 -0.6935
vn -0.9686 -0.1574 -0.1927
vn -0.9124 -0.1574 -0.3779
vn -0.8211 -0.1574 -0.5486
vn -0.6983 -0.1574 -0.6983
vn -0.5486 -0.1574 -0.8211
vn -0.3779 -0.1574 -0.9124
vn -0.1927 -0.1574 -0.9686
vn -0.8410 -0.5145 -0.1673
vn -0.7922 -0.5145 -0.3281
vn -0.7130 -0.5145 -0.4764
vn -0.6063 -0.5145 -0.6063
vn -0.4764 -0.5145 -0.7130
vn -0.3281 -0.5145 -0.7922
vn -0.1673 -0.5145 -0.8410
vn -0.8057 -0.5702 -0.1603
vn -0.7590 -0.5702 -0.3144
vn -0.6830 -0.5703 -0.4564
vn -0.5809 -0.5702 -0.5809
vn -0.4564 -0.5703 -0.6830
vn -0.3144 -0.5702 -0.7590
vn -0.1603 -0.5702 -0.8057
vn -0.8688 -0.4640 -0.1728
vn -0.8184 -0.4640 -0.3390
vn -0.7365 -0.4640 -0.4921
vn -0.6264 -0.4640 -0.6264
vn -0.4921 -0.4641 -0.7365
vn -0.3390 -0.4640 -0.8184
vn -0.1728 -0.4640 -0.8688
vn -0.9800 -0.0389 -0.1949
vn -0.9232 -0.0389 -0.3824
vn -0.8309 -0.0389 -0.5551
vn -0.7066 -0.0389 -0.7066
vn -0.5552 -0.0389 -0.8308
vn -0.3824 -0.0389 -0.9232
vn -0.1949 -0.0389 -0.9801
vn -0.3929 0.7071 -0.5879
vn -0.4076 0.9132 -0.0000
vn -0.3998 0.9131 0.0795
vn -0.3766 0.9131 0.1560
vn -0.3389 0.9132 0.2265
vn -0.2882 0.9131 0.2883
vn -0.2265 0.9132 0.3389
vn -0.1560 0.9131 0.3766
vn -0.0795 0.9131 0.3998
vn -0.0000 0.9132 0.4076
vn -0.2676 0.9635 -0.0000
vn -0.2625 0.9635 0.0522
vn -0.2472 0.9635 0.1024
vn -0.2225 0.9635 0.1487
vn -0.1892 0.9635 0.1892
vn -0.1487 0.9635 0.2225
vn -0.1024 0.9635 0.2472
vn -0.0522 0.9635 0.2625
vn -0.0000 0.9635 0.2676
vn -0.2078 0.9782 -0.0000
vn -0.2039 0.9782 0.0406
vn -0.1920 0.9782 0.0795
vn -0.1728 0.9782 0.1155
vn -0.1470 0.9782 0.1470
vn -0.1155 0.9782 0.1728
vn -0.0796 0.9782 0.1920
vn -0.0405 0.9782 0.2039
vn -0.0000 0.9781 0.2079
vn -0.1961 0.9806 -0.0000
vn -0.1923 0.9806 0.0383
vn -0.1812 0.9806 0.0750
vn -0.1630 0.9806 0.1090
vn -0.1387 0.9806 0.1387
vn -0.1089 0.9806 0.1631
vn -0.0750 0.9806 0.1812
vn -0.0383 0.9806 0.1923
vn -0.0000 0.9806 0.1961
vn -0.2298 0.9732 -0.0000
vn -0.2254 0.9732 0.0448
vn -0.2123 0.9732 0.0879
vn -0.1911 0.9732 0.1277
vn -0.1625 0.9732 0.1625
vn -0.1276 0.9732 0.1911
vn -0.0879 0.9732 0.2123
vn -0.0448 0.9732 0.2254
vn -0.0000 0.9732 0.2298
vn -0.3363 0.9418 -0.0000
vn -0.3299 0.9417 0.0656
vn -0.3107 0.9418 0.1287
vn -0.2797 0.9417 0.1869
vn -0.2378 0.9418 0.2378
vn -0.1869 0.9417 0.2797
vn -0.1287 0.9418 0.3107
vn -0.0656 0.9417 0.3299
vn -0.0000 0.9418 0.3363
vn -0.6156 0.7881 -0.0000
vn -0.6038 0.7880 0.1201
vn -0.5688 0.7880 0.2356
vn -0.5119 0.7880 0.3420
vn -0.4353 0.7881 0.4353
vn -0.3420 0.7880 0.5119
vn -0.2356 0.7880 0.5688
vn -0.1201 0.7880 0.6038
vn -0.0000 0.7880 0.6156
vn -1.0000 -0.0001 -0.0000
vn -0.9808 -0.0000 0.1951
vn -0.9239 -0.0000 0.3827
vn -0.8314 -0.0000 0.5557
vn -0.7071 -0.0000 0.7071
vn -0.5555 -0.0000 0.8315
vn -0.3826 -0.0001 0.9239
vn -0.1951 -0.0001 0.9808
vn -0.0000 -0.0001 1.0000
vn 0.0795 0.9131 0.3998
vn 0.1560 0.9131 0.3766
vn 0.2265 0.9132 0.3389
vn 0.2883 0.9131 0.2882
vn 0.3389 0.9132 0.2265
vn 0.3766 0.9131 0.1560
vn 0.3998 0.9131 0.0795
vn 0.4076 0.9132 -0.0000
vn 0.0522 0.9635 0.2625
vn 0.1024 0.9635 0.2472
vn 0.1487 0.9635 0.2225
vn 0.1892 0.9635 0.1892
vn 0.2225 0.9635 0.1487
vn 0.2472 0.9635 0.1024
vn 0.2625 0.9635 0.0522
vn 0.2676 0.9635 -0.0000
vn 0.0406 0.9781 0.2039
vn 0.0795 0.9782 0.1920
vn 0.1155 0.9782 0.1728
vn 0.1470 0.9782 0.1470
vn 0.1728 0.9782 0.1155
vn 0.1920 0.9782 0.0795
vn 0.2039 0.9782 0.0405
vn 0.2078 0.9782 -0.0000
vn 0.0383 0.9806 0.1923
vn 0.0750 0.9806 0.1812
vn 0.1090 0.9806 0.1631
vn 0.1387 0.9806 0.1387
vn 0.1631 0.9806 0.1089
vn 0.1812 0.9806 0.0750
vn 0.1923 0.9806 0.0383
vn 0.1961 0.9806 -0.0000
vn 0.0448 0.9732 0.2254
vn 0.0879 0.9732 0.2123
vn 0.1277 0.9732 0.1911
vn 0.1625 0.9732 0.1625
vn 0.1911 0.9732 0.1276
vn 0.2123 0.9732 0.0879
vn 0.2254 0.9732 0.0448
vn 0.2298 0.9732 -0.0000
vn 0.0656 0.9417 0.3299
vn 0.1287 0.9418 0.3107
vn 0.1869 0.9417 0.2796
vn 0.2378 0.9418 0.2378
vn 0.2797 0.9417 0.1868
vn 0.3107 0.9418 0.1287
vn 0.3299 0.9417 0.0656
vn 0.3363 0.9417 -0.0000
vn 0.1201 0.7880 0.6038
vn 0.2356 0.7880 0.5688
vn 0.3420 0.7880 0.5119
vn 0.4353 0.7881 0.4353
vn 0.5119 0.7880 0.3420
vn 0.5688 0.7880 0.2356
vn 0.6038 0.7880 0.1201
vn 0.6156 0.7880 -0.0000
vn 0.1951 -0.0000 0.9808
vn 0.3827 -0.0001 0.9239
vn 0.5557 -0.0000 0.8314
vn 0.7071 -0.0000 0.7071
vn 0.8315 -0.0000 0.5555
vn 0.9239 -0.0000 0.3826
vn 0.9808 -0.0000 0.1951
vn 1.0000 -0.0001 -0.0000
vn -0.0000 0.9132 -0.4076
vn 0.0795 0.9131 -0.3998
vn 0.1560 0.9131 -0.3766
vn 0.2265 0.9132 -0.3389
vn 0.2882 0.9131 -0.2883
vn 0.3389 0.9132 -0.2265
vn 0.3766 0.9131 -0.1560
vn 0.3998 0.9131 -0.0795
vn -0.0000 0.9635 -0.2676
vn 0.0522 0.9635 -0.2625
vn 0.1024 0.9635 -0.2472
vn 0.1487 0.9635 -0.2225
vn 0.1892 0.9635 -0.1892
vn 0.2225 0.9635 -0.1487
vn 0.2472 0.9635 -0.1024
vn 0.2625 0.9635 -0.0522
vn -0.0000 0.9781 -0.2079
vn 0.0406 0.9782 -0.2039
vn 0.0795 0.9782 -0.1920
vn 0.1155 0.9782 -0.1728
vn 0.1470 0.9782 -0.1470
vn 0.1728 0.9782 -0.1155
vn 0.1920 0.9782 -0.0795
vn 0.2039 0.9782 -0.0406
vn -0.0000 0.9806 -0.1961
vn 0.0383 0.9806 -0.1923
vn 0.0750 0.9806 -0.1812
vn 0.1089 0.9806 -0.1631
vn 0.1387 0.9806 -0.1387
vn 0.1630 0.9806 -0.1090
vn 0.1812 0.9806 -0.0750
vn 0.1923 0.9806 -0.0383
vn -0.0000 0.9732 -0.2298
vn 0.0448 0.9732 -0.2254
vn 0.0879 0.9732 -0.2123
vn 0.1277 0.9732 -0.1911
vn 0.1625 0.9732 -0.1625
vn 0.1911 0.9732 -0.1277
vn 0.2123 0.9732 -0.0879
vn 0.2254 0.9732 -0.0448
vn -0.0000 0.9418 -0.3363
vn 0.0656 0.9417 -0.3299
vn 0.1287 0.9418 -0.3107
vn 0.1869 0.9417 -0.2797
vn 0.2378 0.9418 -0.2378
vn 0.2796 0.9417 -0.1869
vn 0.3107 0.9418 -0.1287
vn 0.3299 0.9417 -0.0656
vn -0.0000 0.7880 -0.6156
vn 0.1201 0.7880 -0.6038
vn 0.2356 0.7880 -0.5688
vn 0.3420 0.7880 -0.5119
vn 0.4353 0.7881 -0.4353
vn 0.5119 0.7880 -0.3420
vn 0.5688 0.7880 -0.2356
vn 0.6038 0.7880 -0.1201
vn -0.0000 -0.0001 -1.0000
vn 0.1950 -0.0000 -0.9808
vn 0.3826 -0.0000 -0.9239
vn 0.5555 -0.0000 -0.8315
vn 0.7071 -0.0000 -0.7071
vn 0.8314 -0.0000 -0.5557
vn 0.9239 -0.0000 -0.3827
vn 0.9808 -0.0001 -0.1951
vn -0.3998 0.9131 -0.0795
vn -0.3766 0.9131 -0.1560
vn -0.3389 0.9132 -0.2265
vn -0.2883 0.9131 -0.2882
vn -0.2265 0.9132 -0.3389
vn -0.1560 0.9131 -0.3766
vn -0.0795 0.9131 -0.3998
vn -0.2625 0.9635 -0.0522
vn -0.2472 0.9635 -0.1024
vn -0.2225 0.9635 -0.1487
vn -0.1892 0.9635 -0.1892
vn -0.1487 0.9635 -0.2225
vn -0.1024 0.9635 -0.2472
vn -0.0522 0.9635 -0.2625
vn -0.2039 0.9782 -0.0406
vn -0.1920 0.9782 -0.0795
vn -0.1728 0.9782 -0.1155
vn -0.1470 0.9782 -0.1470
vn -0.1155 0.9782 -0.1728
vn -0.0795 0.9782 -0.1920
vn -0.0406 0.9781 -0.2039
vn -0.1923 0.9806 -0.0383
vn -0.1812 0.9806 -0.0750
vn -0.1631 0.9806 -0.1089
vn -0.1387 0.9806 -0.1387
vn -0.1090 0.9806 -0.1630
vn -0.0750 0.9806 -0.1812
vn -0.0383 0.9806 -0.1923
vn -0.2254 0.9732 -0.0448
vn -0.2123 0.9732 -0.0879
vn -0.1911 0.9732 -0.1277
vn -0.1625 0.9732 -0.1625
vn -0.1277 0.9732 -0.1911
vn -0.0879 0.9732 -0.2123
vn -0.0448 0.9732 -0.2254
vn -0.3299 0.9417 -0.0656
vn -0.3107 0.9418 -0.1287
vn -0.2797 0.9417 -0.1869
vn -0.2378 0.9418 -0.2378
vn -0.1869 0.9418 -0.2796
vn -0.1287 0.9418 -0.3107
vn -0.0656 0.9417 -0.3299
vn -0.6038 0.7880 -0.1201
vn -0.5688 0.7880 -0.2356
vn -0.5119 0.7880 -0.3420
vn -0.4353 0.7881 -0.4353
vn -0.3420 0.7880 -0.5119
vn -0.2356 0.7880 -0.5688
vn -0.1201 0.7880 -0.6038
vn -0.9808 -0.0001 -0.1950
vn -0.9239 -0.0000 -0.3826
vn -0.8315 -0.0000 -0.5555
vn -0.7071 -0.0000 -0.7071
vn -0.5557 -0.0000 -0.8314
vn -0.3827 -0.0000 -0.9239
vn -0.1951 -0.0000 -0.9808
vn 0.9236 -0.3364 -0.1837
vn 0.9418 -0.3363 -0.0000
vn 0.9823 -0.1871 -0.0000
vn 0.9635 -0.1871 -0.1916
vn 0.8700 -0.3364 -0.3604
vn 0.9076 -0.1871 -0.3759
vn 0.7830 -0.3363 -0.5232
vn 0.8168 -0.1871 -0.5458
vn 0.6659 -0.3364 -0.6659
vn 0.6946 -0.1871 -0.6946
vn 0.5232 -0.3364 -0.7830
vn 0.5457 -0.1871 -0.8168
vn 0.3604 -0.3363 -0.8701
vn 0.3759 -0.1871 -0.9076
vn 0.1837 -0.3364 -0.9236
vn 0.1917 -0.1871 -0.9635
vn -0.0000 -0.3364 -0.9417
vn -0.0000 -0.1871 -0.9823
vn 0.9975 0.0713 -0.0000
vn 0.9783 0.0713 -0.1946
vn 0.9215 0.0713 -0.3817
vn 0.8293 0.0713 -0.5542
vn 0.7053 0.0713 -0.7053
vn 0.5542 0.0713 -0.8294
vn 0.3817 0.0713 -0.9215
vn 0.1946 0.0713 -0.9783
vn -0.0000 0.0713 -0.9975
vn 0.8137 0.5813 -0.0000
vn 0.7980 0.5814 -0.1587
vn 0.7517 0.5813 -0.3114
vn 0.6766 0.5813 -0.4520
vn 0.5754 0.5813 -0.5754
vn 0.4520 0.5813 -0.6766
vn 0.3114 0.5813 -0.7517
vn 0.1587 0.5814 -0.7980
vn -0.0000 0.5813 -0.8137
vn -0.5734 0.8193 -0.0000
vn -0.5623 0.8193 0.1119
vn -0.5297 0.8193 0.2195
vn -0.4767 0.8193 0.3186
vn -0.4055 0.8193 0.4054
vn -0.3185 0.8193 0.4768
vn -0.2194 0.8193 0.5297
vn -0.1119 0.8193 0.5623
vn -0.0000 0.8193 0.5734
vn -0.7862 0.6179 -0.0000
vn -0.7712 0.6178 0.1534
vn -0.7264 0.6179 0.3009
vn -0.6538 0.6179 0.4368
vn -0.5560 0.6178 0.5560
vn -0.4368 0.6179 0.6538
vn -0.3009 0.6178 0.7265
vn -0.1534 0.6178 0.7712
vn 0.0001 0.6179 0.7862
vn -0.8858 0.4641 -0.0000
vn -0.8688 0.4641 0.1728
vn -0.8184 0.4640 0.3390
vn -0.7365 0.4641 0.4921
vn -0.6264 0.4640 0.6264
vn -0.4921 0.4641 0.7365
vn -0.3390 0.4641 0.8183
vn -0.1728 0.4641 0.8688
vn -0.0000 0.4641 0.8858
vn -0.9417 0.3365 -0.0000
vn -0.9236 0.3365 0.1837
vn -0.8700 0.3365 0.3604
vn -0.7830 0.3364 0.5232
vn -0.6659 0.3364 0.6659
vn -0.5232 0.3364 0.7830
vn -0.3604 0.3365 0.8700
vn -0.1837 0.3364 0.9236
vn -0.0000 0.3364 0.9417
vn -0.1837 -0.3364 -0.9236
vn -0.1916 -0.1871 -0.9635
vn -0.3604 -0.3364 -0.8700
vn -0.3759 -0.1871 -0.9076
vn -0.5232 -0.3363 -0.7830
vn -0.5458 -0.1871 -0.8168
vn -0.6659 -0.3364 -0.6659
vn -0.6946 -0.1871 -0.6946
vn -0.7830 -0.3364 -0.5232
vn -0.8168 -0.1871 -0.5458
vn -0.8700 -0.3364 -0.3604
vn -0.9076 -0.1871 -0.3759
vn -0.9236 -0.3364 -0.1837
vn -0.9635 -0.1871 -0.1917
vn -0.9417 -0.3363 -0.0000
vn -0.9823 -0.1871 -0.0000
vn -0.1946 0.0713 -0.9783
vn -0.3817 0.0713 -0.9215
vn -0.5542 0.0713 -0.8294
vn -0.7053 0.0713 -0.7053
vn -0.8293 0.0713 -0.5542
vn -0.9215 0.0713 -0.3817
vn -0.9783 0.0713 -0.1946
vn -0.9975 0.0713 -0.0000
vn -0.1587 0.5814 -0.7980
vn -0.3114 0.5813 -0.7517
vn -0.4520 0.5813 -0.6766
vn -0.5754 0.5813 -0.5754
vn -0.6766 0.5813 -0.4520
vn -0.7517 0.5813 -0.3114
vn -0.7980 0.5813 -0.1587
vn -0.8137 0.5813 -0.0000
vn 0.1119 0.8193 0.5623
vn 0.2195 0.8193 0.5297
vn 0.3186 0.8193 0.4767
vn 0.4054 0.8193 0.4054
vn 0.4767 0.8193 0.3185
vn 0.5298 0.8193 0.2194
vn 0.5623 0.8193 0.1119
vn 0.5733 0.8194 -0.0000
vn 0.1534 0.6178 0.7712
vn 0.3009 0.6178 0.7265
vn 0.4368 0.6179 0.6537
vn 0.5560 0.6179 0.5560
vn 0.6537 0.6179 0.4368
vn 0.7265 0.6178 0.3009
vn 0.7712 0.6178 0.1534
vn 0.7862 0.6180 -0.0000
vn 0.1728 0.4641 0.8687
vn 0.3390 0.4640 0.8184
vn 0.4921 0.4641 0.7365
vn 0.6264 0.4640 0.6264
vn 0.7365 0.4641 0.4921
vn 0.8184 0.4640 0.3390
vn 0.8688 0.4640 0.1728
vn 0.8858 0.4641 -0.0000
vn 0.1837 0.3365 0.9236
vn 0.3604 0.3365 0.8700
vn 0.5232 0.3364 0.7830
vn 0.6659 0.3365 0.6658
vn 0.7830 0.3364 0.5232
vn 0.8700 0.3365 0.3604
vn 0.9236 0.3364 0.1837
vn 0.9417 0.3365 -0.0000
vn -0.0000 -0.1871 0.9823
vn -0.0000 -0.3363 0.9418
vn -0.1837 -0.3364 0.9236
vn -0.1916 -0.1871 0.9635
vn -0.3604 -0.3364 0.8700
vn -0.3759 -0.1871 0.9076
vn -0.5232 -0.3363 0.7830
vn -0.5458 -0.1871 0.8168
vn -0.6659 -0.3364 0.6659
vn -0.6946 -0.1871 0.6946
vn -0.7830 -0.3364 0.5232
vn -0.8168 -0.1871 0.5458
vn -0.8700 -0.3364 0.3604
vn -0.9076 -0.1871 0.3759
vn -0.9236 -0.3364 0.1837
vn -0.9635 -0.1871 0.1916
vn -0.0000 0.0713 0.9975
vn -0.1946 0.0713 0.9783
vn -0.3817 0.0713 0.9215
vn -0.5542 0.0713 0.8293
vn -0.7053 0.0713 0.7053
vn -0.8294 0.0713 0.5542
vn -0.9215 0.0713 0.3817
vn -0.9783 0.0713 0.1946
vn -0.0000 0.5813 0.8137
vn -0.1587 0.5813 0.7981
vn -0.3114 0.5813 0.7517
vn -0.4521 0.5813 0.6766
vn -0.5754 0.5813 0.5754
vn -0.6765 0.5813 0.4521
vn -0.7517 0.5814 0.3114
vn -0.7981 0.5813 0.1588
vn -0.0000 0.8193 -0.5733
vn 0.1119 0.8193 -0.5624
vn 0.2194 0.8193 -0.5298
vn 0.3186 0.8193 -0.4767
vn 0.4054 0.8193 -0.4055
vn 0.4767 0.8193 -0.3186
vn 0.5297 0.8193 -0.2195
vn 0.5623 0.8193 -0.1119
vn 0.0001 0.6180 -0.7862
vn 0.1534 0.6178 -0.7712
vn 0.3009 0.6178 -0.7265
vn 0.4368 0.6179 -0.6538
vn 0.5560 0.6178 -0.5560
vn 0.6538 0.6179 -0.4368
vn 0.7265 0.6178 -0.3009
vn 0.7712 0.6178 -0.1534
vn -0.0000 0.4640 -0.8858
vn 0.1728 0.4640 -0.8688
vn 0.3390 0.4640 -0.8184
vn 0.4921 0.4640 -0.7365
vn 0.6264 0.4640 -0.6264
vn 0.7364 0.4642 -0.4921
vn 0.8184 0.4640 -0.3390
vn 0.8688 0.4641 -0.1728
vn 0.0001 0.3364 -0.9417
vn 0.1837 0.3365 -0.9236
vn 0.3604 0.3365 -0.8700
vn 0.5232 0.3364 -0.7830
vn 0.6659 0.3364 -0.6659
vn 0.7830 0.3364 -0.5232
vn 0.8700 0.3365 -0.3604
vn 0.9236 0.3364 -0.1837
vn 0.9236 -0.3364 0.1837
vn 0.9635 -0.1871 0.1916
vn 0.8700 -0.3364 0.3604
vn 0.9076 -0.1871 0.3759
vn 0.7830 -0.3363 0.5232
vn 0.8168 -0.1871 0.5458
vn 0.6659 -0.3364 0.6659
vn 0.6946 -0.1871 0.6946
vn 0.5232 -0.3364 0.7830
vn 0.5458 -0.1871 0.8168
vn 0.3604 -0.3364 0.8700
vn 0.3759 -0.1871 0.9076
vn 0.1837 -0.3364 0.9236
vn 0.1916 -0.1871 0.9635
vn 0.9783 0.0713 0.1946
vn 0.9215 0.0713 0.3817
vn 0.8293 0.0713 0.5542
vn 0.7053 0.0713 0.7053
vn 0.5542 0.0713 0.8293
vn 0.3817 0.0713 0.9215
vn 0.1946 0.0713 0.9783
vn 0.7980 0.5814 0.1587
vn 0.7517 0.5813 0.3114
vn 0.6765 0.5814 0.4520
vn 0.5754 0.5813 0.5754
vn 0.4521 0.5813 0.6766
vn 0.3114 0.5814 0.7517
vn 0.1588 0.5813 0.7980
vn -0.5623 0.8193 -0.1119
vn -0.5298 0.8193 -0.2194
vn -0.4767 0.8193 -0.3186
vn -0.4055 0.8193 -0.4054
vn -0.3186 0.8193 -0.4767
vn -0.2195 0.8193 -0.5297
vn -0.1119 0.8193 -0.5624
vn -0.7712 0.6178 -0.1534
vn -0.7264 0.6179 -0.3009
vn -0.6538 0.6179 -0.4368
vn -0.5560 0.6178 -0.5560
vn -0.4368 0.6179 -0.6538
vn -0.3009 0.6178 -0.7265
vn -0.1534 0.6178 -0.7712
vn -0.8688 0.4641 -0.1728
vn -0.8184 0.4641 -0.3390
vn -0.7365 0.4641 -0.4921
vn -0.6264 0.4640 -0.6264
vn -0.4921 0.4641 -0.7365
vn -0.3390 0.4640 -0.8184
vn -0.1728 0.4640 -0.8688
vn -0.9236 0.3365 -0.1837
vn -0.8700 0.3365 -0.3604
vn -0.7830 0.3364 -0.5232
vn -0.6659 0.3365 -0.6659
vn -0.5232 0.3365 -0.7830
vn -0.3604 0.3365 -0.8700
vn -0.1837 0.3365 -0.9236
vn -0.9250 0.3324 0.1840
vn -0.8714 0.3323 0.3610
vn -0.7842 0.3323 0.5240
vn -0.6669 0.3323 0.6669
vn -0.5240 0.3323 0.7842
vn -0.3609 0.3323 0.8714
vn -0.1840 0.3323 0.9250
vn -0.0000 0.3323 0.9432
vn -0.9292 0.3201 0.1848
vn -0.8752 0.3201 0.3626
vn -0.7877 0.3201 0.5263
vn -0.6699 0.3201 0.6699
vn -0.5263 0.3201 0.7877
vn -0.3625 0.3201 0.8753
vn -0.1848 0.3201 0.9292
vn -0.0000 0.3201 0.9474
vn -0.9359 0.2990 0.1862
vn -0.8816 0.2989 0.3652
vn -0.7934 0.2989 0.5302
vn -0.6748 0.2989 0.6748
vn -0.5302 0.2989 0.7935
vn -0.3652 0.2989 0.8816
vn -0.1862 0.2989 0.9359
vn -0.0000 0.2989 0.9543
vn -0.9543 0.2989 -0.0000
vn -0.9635 0.2677 -0.0000
vn -0.9450 0.2677 0.1880
vn -0.8902 0.2677 0.3687
vn -0.8011 0.2677 0.5353
vn -0.6813 0.2677 0.6813
vn -0.5353 0.2677 0.8011
vn -0.3687 0.2677 0.8902
vn -0.1880 0.2677 0.9450
vn -0.0000 0.2677 0.9635
vn -0.9745 0.2246 -0.0000
vn -0.9557 0.2246 0.1901
vn -0.9003 0.2246 0.3729
vn -0.8102 0.2246 0.5414
vn -0.6890 0.2246 0.6890
vn -0.5414 0.2246 0.8102
vn -0.3729 0.2246 0.9003
vn -0.1901 0.2246 0.9557
vn -0.0000 0.2246 0.9744
vn -0.9859 0.1675 -0.0000
vn -0.9669 0.1675 0.1923
vn -0.9108 0.1675 0.3773
vn -0.8197 0.1675 0.5477
vn -0.6971 0.1675 0.6971
vn -0.5477 0.1675 0.8197
vn -0.3773 0.1675 0.9108
vn -0.1923 0.1675 0.9669
vn -0.0000 0.1675 0.9859
vn -0.9956 0.0936 -0.0000
vn -0.9765 0.0936 0.1942
vn -0.9198 0.0936 0.3810
vn -0.8278 0.0936 0.5531
vn -0.7040 0.0936 0.7040
vn -0.5531 0.0936 0.8278
vn -0.3810 0.0936 0.9198
vn -0.1942 0.0936 0.9765
vn -0.0000 0.0936 0.9956
vn -0.8315 -0.0000 0.5556
vn -0.5556 -0.0000 0.8315
vn -0.3827 -0.0000 0.9239
vn -0.1951 -0.0000 0.9808
vn 0.1840 0.3324 0.9250
vn 0.3610 0.3323 0.8714
vn 0.5240 0.3323 0.7842
vn 0.6669 0.3323 0.6669
vn 0.7842 0.3323 0.5240
vn 0.8714 0.3323 0.3609
vn 0.9250 0.3323 0.1840
vn 0.9432 0.3323 -0.0000
vn 0.1848 0.3201 0.9292
vn 0.3626 0.3201 0.8752
vn 0.5263 0.3201 0.7877
vn 0.6699 0.3201 0.6699
vn 0.7877 0.3201 0.5263
vn 0.8753 0.3201 0.3625
vn 0.9292 0.3201 0.1848
vn 0.9474 0.3201 -0.0000
vn 0.1862 0.2989 0.9359
vn 0.3652 0.2989 0.8816
vn 0.5302 0.2989 0.7934
vn 0.6748 0.2989 0.6748
vn 0.7935 0.2989 0.5302
vn 0.8816 0.2989 0.3652
vn 0.9359 0.2989 0.1862
vn 0.9543 0.2989 -0.0000
vn 0.1880 0.2677 0.9450
vn 0.3687 0.2677 0.8902
vn 0.5353 0.2677 0.8011
vn 0.6813 0.2677 0.6813
vn 0.8011 0.2677 0.5353
vn 0.8902 0.2677 0.3687
vn 0.9450 0.2677 0.1880
vn 0.9635 0.2677 -0.0000
vn 0.1901 0.2246 0.9557
vn 0.3729 0.2246 0.9003
vn 0.5414 0.2246 0.8102
vn 0.6891 0.2246 0.6890
vn 0.8102 0.2246 0.5414
vn 0.9003 0.2246 0.3729
vn 0.9557 0.2246 0.1901
vn 0.1923 0.1675 0.9669
vn 0.3773 0.1675 0.9108
vn 0.5477 0.1675 0.8197
vn 0.6971 0.1675 0.6971
vn 0.8197 0.1675 0.5477
vn 0.9108 0.1675 0.3773
vn 0.1942 0.0936 0.9765
vn 0.3810 0.0936 0.9198
vn 0.5531 0.0936 0.8278
vn 0.7040 0.0936 0.7040
vn 0.8278 0.0936 0.5531
vn 0.9198 0.0936 0.3810
vn 0.3827 -0.0000 0.9239
vn 0.5556 -0.0000 0.8315
vn 0.8315 -0.0000 0.5556
vn 0.9239 -0.0000 0.3827
vn -0.0000 0.3323 -0.9432
vn 0.1840 0.3323 -0.9250
vn 0.3609 0.3323 -0.8714
vn 0.5240 0.3323 -0.7842
vn 0.6669 0.3323 -0.6669
vn 0.7842 0.3323 -0.5240
vn 0.8714 0.3323 -0.3609
vn 0.9250 0.3323 -0.1840
vn -0.0000 0.3201 -0.9474
vn 0.1848 0.3201 -0.9292
vn 0.3625 0.3201 -0.8753
vn 0.5263 0.3201 -0.7877
vn 0.6699 0.3201 -0.6699
vn 0.7877 0.3201 -0.5264
vn 0.8752 0.3201 -0.3626
vn 0.9292 0.3201 -0.1848
vn -0.0000 0.2989 -0.9543
vn 0.1862 0.2989 -0.9359
vn 0.3652 0.2989 -0.8816
vn 0.5302 0.2989 -0.7935
vn 0.6748 0.2989 -0.6748
vn 0.7934 0.2989 -0.5302
vn 0.8816 0.2989 -0.3652
vn 0.9359 0.2989 -0.1862
vn -0.0000 0.2677 -0.9635
vn 0.1880 0.2677 -0.9450
vn 0.3687 0.2677 -0.8902
vn 0.5353 0.2677 -0.8011
vn 0.6813 0.2677 -0.6813
vn 0.8011 0.2677 -0.5353
vn 0.8902 0.2677 -0.3687
vn 0.9450 0.2677 -0.1880
vn -0.0000 0.2246 -0.9744
vn 0.1901 0.2246 -0.9557
vn 0.3729 0.2246 -0.9003
vn 0.5414 0.2246 -0.8102
vn 0.6890 0.2246 -0.6890
vn 0.8102 0.2246 -0.5414
vn 0.9003 0.2246 -0.3729
vn 0.9557 0.2246 -0.1901
vn -0.0000 0.1675 -0.9859
vn 0.1923 0.1675 -0.9669
vn 0.3773 0.1675 -0.9108
vn 0.5477 0.1675 -0.8197
vn 0.6971 0.1675 -0.6971
vn 0.8197 0.1675 -0.5477
vn 0.9108 0.1675 -0.3773
vn -0.0000 0.0936 -0.9956
vn 0.1942 0.0936 -0.9765
vn 0.3810 0.0936 -0.9198
vn 0.5531 0.0936 -0.8278
vn 0.7040 0.0936 -0.7040
vn 0.8278 0.0936 -0.5531
vn 0.9198 0.0936 -0.3810
vn 0.1951 -0.0000 -0.9808
vn 0.3827 -0.0000 -0.9239
vn 0.5556 -0.0000 -0.8315
vn 0.8315 -0.0000 -0.5556
vn -0.9250 0.3324 -0.1840
vn -0.8714 0.3323 -0.3609
vn -0.7842 0.3323 -0.5240
vn -0.6669 0.3323 -0.6669
vn -0.5240 0.3323 -0.7842
vn -0.3609 0.3323 -0.8714
vn -0.1840 0.3323 -0.9250
vn -0.9292 0.3201 -0.1848
vn -0.8753 0.3201 -0.3625
vn -0.7877 0.3201 -0.5263
vn -0.6699 0.3201 -0.6699
vn -0.5264 0.3201 -0.7877
vn -0.3626 0.3201 -0.8752
vn -0.1848 0.3201 -0.9292
vn -0.9359 0.2990 -0.1862
vn -0.8816 0.2989 -0.3652
vn -0.7935 0.2989 -0.5302
vn -0.6748 0.2989 -0.6748
vn -0.5302 0.2989 -0.7934
vn -0.3652 0.2989 -0.8816
vn -0.1862 0.2989 -0.9359
vn -0.9450 0.2677 -0.1880
vn -0.8902 0.2677 -0.3687
vn -0.8011 0.2677 -0.5353
vn -0.6813 0.2677 -0.6813
vn -0.5353 0.2677 -0.8011
vn -0.3687 0.2677 -0.8902
vn -0.1880 0.2677 -0.9450
vn -0.9557 0.2246 -0.1901
vn -0.9003 0.2246 -0.3729
vn -0.8102 0.2246 -0.5414
vn -0.6890 0.2246 -0.6890
vn -0.5414 0.2246 -0.8102
vn -0.3729 0.2246 -0.9003
vn -0.1901 0.2246 -0.9557
vn -0.9669 0.1675 -0.1923
vn -0.9108 0.1675 -0.3773
vn -0.8197 0.1675 -0.5477
vn -0.6971 0.1675 -0.6971
vn -0.5477 0.1675 -0.8197
vn -0.3773 0.1675 -0.9108
vn -0.1923 0.1675 -0.9669
vn -0.9765 0.0936 -0.1942
vn -0.9198 0.0936 -0.3810
vn -0.8278 0.0936 -0.5531
vn -0.7040 0.0936 -0.7040
vn -0.5531 0.0936 -0.8278
vn -0.3810 0.0936 -0.9198
vn -0.1942 0.0936 -0.9765
vn -0.9808 -0.0000 -0.1951
vn -0.9239 -0.0000 -0.3827
vn -0.8315 -0.0000 -0.5556
vn -0.5556 -0.0000 -0.8315
vn -0.9603 -0.2034 0.1910
vn -0.9046 -0.2034 0.3747
vn -0.8141 -0.2034 0.5440
vn -0.6923 -0.2034 0.6923
vn -0.5440 -0.2034 0.8141
vn -0.3747 -0.2034 0.9046
vn -0.1910 -0.2034 0.9603
vn -0.0000 -0.2034 0.9791
vn -0.9072 -0.3801 0.1805
vn -0.8545 -0.3802 0.3540
vn -0.7691 -0.3801 0.5139
vn -0.6540 -0.3802 0.6540
vn -0.5139 -0.3801 0.7691
vn -0.3540 -0.3801 0.8545
vn -0.1804 -0.3801 0.9072
vn -0.0000 -0.3801 0.9249
vn -0.8401 -0.5160 0.1671
vn -0.7913 -0.5161 0.3278
vn -0.7122 -0.5161 0.4759
vn -0.6057 -0.5161 0.6057
vn -0.4759 -0.5161 0.7122
vn -0.3278 -0.5161 0.7913
vn -0.1671 -0.5161 0.8401
vn -0.0000 -0.5161 0.8565
vn -0.8566 -0.5160 -0.0000
vn -0.7926 -0.6097 -0.0000
vn -0.7774 -0.6097 0.1546
vn -0.7322 -0.6098 0.3033
vn -0.6590 -0.6098 0.4403
vn -0.5604 -0.6098 0.5604
vn -0.4403 -0.6098 0.6590
vn -0.3033 -0.6098 0.7322
vn -0.1546 -0.6098 0.7773
vn -0.0000 -0.6098 0.7926
vn -0.7479 -0.6638 -0.0000
vn -0.7335 -0.6638 0.1459
vn -0.6909 -0.6639 0.2862
vn -0.6218 -0.6639 0.4155
vn -0.5288 -0.6639 0.5288
vn -0.4155 -0.6639 0.6218
vn -0.2862 -0.6639 0.6909
vn -0.1459 -0.6638 0.7335
vn -0.0000 -0.6638 0.7479
vn -0.7399 -0.6727 -0.0000
vn -0.7257 -0.6727 0.1444
vn -0.6836 -0.6727 0.2831
vn -0.6152 -0.6727 0.4111
vn -0.5232 -0.6727 0.5232
vn -0.4111 -0.6727 0.6152
vn -0.2831 -0.6727 0.6836
vn -0.1443 -0.6727 0.7257
vn -0.0000 -0.6727 0.7399
vn -0.8109 -0.5852 -0.0000
vn -0.7953 -0.5852 0.1582
vn -0.7492 -0.5852 0.3103
vn -0.6742 -0.5852 0.4505
vn -0.5734 -0.5852 0.5734
vn -0.4505 -0.5852 0.6742
vn -0.3103 -0.5852 0.7492
vn -0.1582 -0.5852 0.7953
vn -0.0000 -0.5852 0.8109
vn -0.8315 -0.0001 0.5556
vn -0.3827 -0.0001 0.9239
vn 0.1910 -0.2034 0.9603
vn 0.3747 -0.2034 0.9046
vn 0.5440 -0.2034 0.8141
vn 0.6923 -0.2034 0.6923
vn 0.8141 -0.2034 0.5440
vn 0.9046 -0.2034 0.3747
vn 0.1804 -0.3801 0.9072
vn 0.3540 -0.3801 0.8545
vn 0.5139 -0.3801 0.7691
vn 0.6540 -0.3802 0.6540
vn 0.7691 -0.3801 0.5139
vn 0.8545 -0.3802 0.3540
vn 0.9603 -0.2034 0.1910
vn 0.9072 -0.3801 0.1804
vn 0.1671 -0.5161 0.8401
vn 0.3278 -0.5161 0.7913
vn 0.4759 -0.5161 0.7122
vn 0.6057 -0.5161 0.6057
vn 0.7122 -0.5161 0.4759
vn 0.7913 -0.5161 0.3278
vn 0.8401 -0.5161 0.1671
vn 0.9249 -0.3801 -0.0000
vn 0.8566 -0.5160 -0.0000
vn 0.1546 -0.6097 0.7774
vn 0.3033 -0.6098 0.7322
vn 0.4403 -0.6098 0.6590
vn 0.5604 -0.6098 0.5604
vn 0.6590 -0.6098 0.4403
vn 0.7322 -0.6098 0.3033
vn 0.7774 -0.6097 0.1546
vn 0.7926 -0.6097 -0.0000
vn 0.1459 -0.6638 0.7335
vn 0.2862 -0.6639 0.6909
vn 0.4155 -0.6639 0.6218
vn 0.5288 -0.6639 0.5288
vn 0.6218 -0.6639 0.4155
vn 0.6909 -0.6639 0.2862
vn 0.7335 -0.6638 0.1459
vn 0.7479 -0.6638 -0.0000
vn 0.1443 -0.6727 0.7257
vn 0.2831 -0.6727 0.6836
vn 0.4111 -0.6727 0.6152
vn 0.5232 -0.6727 0.5232
vn 0.6152 -0.6727 0.4111
vn 0.6836 -0.6727 0.2831
vn 0.7257 -0.6727 0.1443
vn 0.7399 -0.6727 -0.0000
vn 0.1582 -0.5852 0.7953
vn 0.3103 -0.5852 0.7492
vn 0.4505 -0.5852 0.6742
vn 0.5734 -0.5852 0.5734
vn 0.6742 -0.5852 0.4505
vn 0.7492 -0.5852 0.3103
vn 0.7953 -0.5852 0.1582
vn 0.8109 -0.5852 -0.0000
vn 0.5556 -0.0001 0.8315
vn -0.0000 -0.2034 -0.9791
vn 0.1910 -0.2034 -0.9603
vn 0.3747 -0.2034 -0.9046
vn 0.5440 -0.2034 -0.8141
vn 0.6923 -0.2034 -0.6923
vn 0.8141 -0.2034 -0.5440
vn 0.9046 -0.2034 -0.3747
vn -0.0000 -0.3802 -0.9249
vn 0.1804 -0.3801 -0.9072
vn 0.3540 -0.3801 -0.8545
vn 0.5139 -0.3801 -0.7691
vn 0.6540 -0.3802 -0.6540
vn 0.7691 -0.3801 -0.5139
vn 0.8545 -0.3802 -0.3540
vn 0.9603 -0.2034 -0.1910
vn 0.9072 -0.3801 -0.1805
vn -0.0000 -0.5161 -0.8565
vn 0.1671 -0.5161 -0.8401
vn 0.3278 -0.5161 -0.7913
vn 0.4759 -0.5161 -0.7122
vn 0.6057 -0.5161 -0.6057
vn 0.7122 -0.5161 -0.4759
vn 0.7913 -0.5161 -0.3278
vn 0.8401 -0.5161 -0.1671
vn -0.0000 -0.6098 -0.7926
vn 0.1546 -0.6097 -0.7774
vn 0.3033 -0.6098 -0.7322
vn 0.4403 -0.6098 -0.6590
vn 0.5604 -0.6098 -0.5604
vn 0.6590 -0.6098 -0.4403
vn 0.7322 -0.6098 -0.3033
vn 0.7774 -0.6097 -0.1546
vn -0.0000 -0.6638 -0.7479
vn 0.1459 -0.6638 -0.7335
vn 0.2862 -0.6638 -0.6910
vn 0.4155 -0.6639 -0.6218
vn 0.5288 -0.6639 -0.5288
vn 0.6218 -0.6639 -0.4155
vn 0.6909 -0.6639 -0.2862
vn 0.7335 -0.6638 -0.1459
vn -0.0000 -0.6727 -0.7399
vn 0.1443 -0.6727 -0.7257
vn 0.2831 -0.6727 -0.6836
vn 0.4111 -0.6727 -0.6152
vn 0.5232 -0.6727 -0.5232
vn 0.6152 -0.6727 -0.4111
vn 0.6836 -0.6727 -0.2832
vn 0.7257 -0.6727 -0.1444
vn -0.0000 -0.5852 -0.8109
vn 0.1582 -0.5852 -0.7953
vn 0.3103 -0.5852 -0.7492
vn 0.4505 -0.5852 -0.6742
vn 0.5734 -0.5852 -0.5734
vn 0.6742 -0.5852 -0.4505
vn 0.7492 -0.5852 -0.3103
vn 0.7953 -0.5852 -0.1582
vn 0.3826 -0.0001 -0.9239
vn 0.5555 -0.0001 -0.8315
vn 0.8314 -0.0000 -0.5556
vn 0.9808 -0.0000 -0.1951
vn -0.9603 -0.2034 -0.1910
vn -0.9046 -0.2034 -0.3747
vn -0.8141 -0.2034 -0.5440
vn -0.6923 -0.2034 -0.6923
vn -0.5440 -0.2034 -0.8141
vn -0.3747 -0.2034 -0.9046
vn -0.1910 -0.2034 -0.9603
vn -0.9072 -0.3801 -0.1805
vn -0.8545 -0.3802 -0.3540
vn -0.7691 -0.3801 -0.5139
vn -0.6540 -0.3802 -0.6540
vn -0.5139 -0.3801 -0.7691
vn -0.3540 -0.3801 -0.8545
vn -0.1805 -0.3801 -0.9072
vn -0.8401 -0.5160 -0.1671
vn -0.7913 -0.5161 -0.3278
vn -0.7122 -0.5161 -0.4759
vn -0.6057 -0.5161 -0.6057
vn -0.4759 -0.5161 -0.7122
vn -0.3278 -0.5161 -0.7913
vn -0.1671 -0.5161 -0.8401
vn -0.7774 -0.6097 -0.1546
vn -0.7322 -0.6098 -0.3033
vn -0.6590 -0.6098 -0.4403
vn -0.5604 -0.6098 -0.5604
vn -0.4403 -0.6098 -0.6590
vn -0.3033 -0.6098 -0.7322
vn -0.1546 -0.6098 -0.7773
vn -0.7335 -0.6638 -0.1459
vn -0.6910 -0.6638 -0.2862
vn -0.6218 -0.6639 -0.4155
vn -0.5288 -0.6639 -0.5288
vn -0.4155 -0.6639 -0.6218
vn -0.2862 -0.6639 -0.6909
vn -0.1459 -0.6638 -0.7335
vn -0.7257 -0.6727 -0.1443
vn -0.6836 -0.6727 -0.2831
vn -0.6152 -0.6727 -0.4111
vn -0.5232 -0.6727 -0.5232
vn -0.4111 -0.6727 -0.6152
vn -0.2832 -0.6727 -0.6836
vn -0.1444 -0.6727 -0.7257
vn -0.7953 -0.5852 -0.1582
vn -0.7492 -0.5852 -0.3103
vn -0.6742 -0.5852 -0.4505
vn -0.5734 -0.5852 -0.5734
vn -0.4505 -0.5852 -0.6742
vn -0.3103 -0.5852 -0.7492
vn -0.1582 -0.5852 -0.7953
vn -0.9808 -0.0000 -0.1950
vn -0.8315 -0.0001 -0.5555
vn -0.5556 -0.0000 -0.8314
vn -0.3827 -0.0001 -0.9239
vn -0.9307 -0.3657 -0.0000
vn -0.9128 -0.3657 0.1816
vn -0.8599 -0.3657 0.3562
vn -0.7739 -0.3657 0.5171
vn -0.6581 -0.3658 0.6581
vn -0.5171 -0.3657 0.7739
vn -0.3562 -0.3657 0.8599
vn -0.1816 -0.3657 0.9128
vn -0.0000 -0.3657 0.9307
vn -0.6247 -0.7809 -0.0000
vn -0.6127 -0.7809 0.1219
vn -0.5771 -0.7809 0.2390
vn -0.5193 -0.7809 0.3470
vn -0.4417 -0.7809 0.4417
vn -0.3470 -0.7809 0.5194
vn -0.2390 -0.7809 0.5771
vn -0.1219 -0.7809 0.6126
vn -0.0000 -0.7809 0.6247
vn -0.3427 -0.9395 -0.0000
vn -0.3361 -0.9395 0.0668
vn -0.3166 -0.9395 0.1311
vn -0.2850 -0.9394 0.1904
vn -0.2423 -0.9395 0.2423
vn -0.1904 -0.9394 0.2850
vn -0.1311 -0.9394 0.3166
vn -0.0669 -0.9395 0.3361
vn -0.0000 -0.9395 0.3427
vn -0.1871 -0.9823 -0.0000
vn -0.1835 -0.9823 0.0365
vn -0.1728 -0.9824 0.0716
vn -0.1555 -0.9823 0.1039
vn -0.1323 -0.9823 0.1323
vn -0.1039 -0.9823 0.1555
vn -0.0716 -0.9824 0.1728
vn -0.0365 -0.9823 0.1835
vn -0.0000 -0.9823 0.1871
vn -0.1024 -0.9947 -0.0000
vn -0.1004 -0.9947 0.0200
vn -0.0946 -0.9947 0.0392
vn -0.0852 -0.9947 0.0569
vn -0.0724 -0.9947 0.0724
vn -0.0569 -0.9947 0.0852
vn -0.0392 -0.9947 0.0946
vn -0.0200 -0.9947 0.1004
vn -0.0000 -0.9947 0.1024
vn -0.0527 -0.9986 -0.0000
vn -0.0516 -0.9986 0.0103
vn -0.0486 -0.9986 0.0201
vn -0.0438 -0.9986 0.0292
vn -0.0372 -0.9986 0.0372
vn -0.0292 -0.9986 0.0438
vn -0.0202 -0.9986 0.0487
vn -0.0103 -0.9986 0.0516
vn -0.0000 -0.9986 0.0526
vn -0.0212 -0.9998 -0.0000
vn -0.0207 -0.9998 0.0041
vn -0.0195 -0.9998 0.0081
vn -0.0176 -0.9998 0.0118
vn -0.0150 -0.9998 0.0150
vn -0.0118 -0.9998 0.0176
vn -0.0081 -0.9998 0.0195
vn -0.0041 -0.9998 0.0207
vn -0.0000 -0.9998 0.0212
vn -0.0000 -1.0000 -0.0000
vn 0.1816 -0.3657 0.9128
vn 0.3562 -0.3657 0.8599
vn 0.5171 -0.3657 0.7739
vn 0.6581 -0.3658 0.6581
vn 0.7739 -0.3657 0.5171
vn 0.8599 -0.3657 0.3562
vn 0.9128 -0.3657 0.1816
vn 0.9307 -0.3657 -0.0000
vn 0.1219 -0.7809 0.6127
vn 0.2390 -0.7809 0.5771
vn 0.3470 -0.7809 0.5193
vn 0.4417 -0.7809 0.4417
vn 0.5193 -0.7809 0.3470
vn 0.5771 -0.7809 0.2390
vn 0.6126 -0.7809 0.1219
vn 0.6246 -0.7809 -0.0000
vn 0.0668 -0.9395 0.3361
vn 0.1311 -0.9395 0.3166
vn 0.1904 -0.9394 0.2850
vn 0.2423 -0.9395 0.2423
vn 0.2850 -0.9394 0.1904
vn 0.3166 -0.9394 0.1311
vn 0.3361 -0.9395 0.0669
vn 0.3427 -0.9395 -0.0000
vn 0.0365 -0.9823 0.1835
vn 0.0716 -0.9824 0.1728
vn 0.1039 -0.9823 0.1555
vn 0.1323 -0.9823 0.1323
vn 0.1555 -0.9823 0.1039
vn 0.1728 -0.9824 0.0716
vn 0.1835 -0.9823 0.0365
vn 0.1871 -0.9823 -0.0000
vn 0.0200 -0.9947 0.1004
vn 0.0392 -0.9947 0.0946
vn 0.0569 -0.9947 0.0852
vn 0.0724 -0.9947 0.0724
vn 0.0852 -0.9947 0.0569
vn 0.0946 -0.9947 0.0392
vn 0.1004 -0.9947 0.0200
vn 0.1024 -0.9947 -0.0000
vn 0.0103 -0.9986 0.0516
vn 0.0201 -0.9986 0.0486
vn 0.0292 -0.9986 0.0438
vn 0.0372 -0.9986 0.0372
vn 0.0438 -0.9986 0.0292
vn 0.0487 -0.9986 0.0202
vn 0.0516 -0.9986 0.0103
vn 0.0527 -0.9986 -0.0000
vn 0.0041 -0.9998 0.0207
vn 0.0081 -0.9998 0.0195
vn 0.0118 -0.9998 0.0176
vn 0.0150 -0.9998 0.0150
vn 0.0176 -0.9998 0.0118
vn 0.0195 -0.9998 0.0081
vn 0.0207 -0.9998 0.0041
vn 0.0212 -0.9998 -0.0000
vn -0.0000 -0.3657 -0.9307
vn 0.1816 -0.3657 -0.9128
vn 0.3562 -0.3657 -0.8599
vn 0.5171 -0.3657 -0.7739
vn 0.6581 -0.3658 -0.6581
vn 0.7739 -0.3657 -0.5171
vn 0.8599 -0.3657 -0.3562
vn 0.9128 -0.3657 -0.1816
vn -0.0000 -0.7809 -0.6247
vn 0.1219 -0.7809 -0.6127
vn 0.2391 -0.7809 -0.5771
vn 0.3471 -0.7809 -0.5194
vn 0.4417 -0.7809 -0.4417
vn 0.5194 -0.7809 -0.3471
vn 0.5771 -0.7809 -0.2391
vn 0.6126 -0.7809 -0.1219
vn -0.0000 -0.9395 -0.3427
vn 0.0669 -0.9395 -0.3361
vn 0.1312 -0.9395 -0.3166
vn 0.1904 -0.9394 -0.2850
vn 0.2423 -0.9395 -0.2423
vn 0.2850 -0.9394 -0.1904
vn 0.3166 -0.9394 -0.1312
vn 0.3361 -0.9395 -0.0669
vn -0.0000 -0.9823 -0.1871
vn 0.0365 -0.9823 -0.1835
vn 0.0716 -0.9824 -0.1728
vn 0.1039 -0.9823 -0.1556
vn 0.1323 -0.9823 -0.1323
vn 0.1556 -0.9823 -0.1039
vn 0.1728 -0.9824 -0.0716
vn 0.1835 -0.9823 -0.0365
vn -0.0000 -0.9947 -0.1024
vn 0.0200 -0.9947 -0.1004
vn 0.0392 -0.9947 -0.0946
vn 0.0569 -0.9947 -0.0852
vn 0.0724 -0.9947 -0.0724
vn 0.0852 -0.9947 -0.0569
vn 0.0946 -0.9947 -0.0392
vn 0.1004 -0.9947 -0.0200
vn -0.0000 -0.9986 -0.0526
vn 0.0103 -0.9986 -0.0516
vn 0.0201 -0.9986 -0.0486
vn 0.0292 -0.9986 -0.0438
vn 0.0372 -0.9986 -0.0372
vn 0.0438 -0.9986 -0.0292
vn 0.0486 -0.9986 -0.0201
vn 0.0516 -0.9986 -0.0103
vn -0.0000 -0.9998 -0.0212
vn 0.0041 -0.9998 -0.0207
vn 0.0081 -0.9998 -0.0195
vn 0.0118 -0.9998 -0.0176
vn 0.0150 -0.9998 -0.0150
vn 0.0176 -0.9998 -0.0118
vn 0.0195 -0.9998 -0.0081
vn 0.0207 -0.9998 -0.0041
vn -0.9128 -0.3657 -0.1816
vn -0.8599 -0.3657 -0.3562
vn -0.7739 -0.3657 -0.5171
vn -0.6581 -0.3658 -0.6581
vn -0.5171 -0.3657 -0.7739
vn -0.3562 -0.3657 -0.8599
vn -0.1816 -0.3657 -0.9128
vn -0.6126 -0.7809 -0.1219
vn -0.5771 -0.7809 -0.2391
vn -0.5194 -0.7809 -0.3471
vn -0.4417 -0.7809 -0.4417
vn -0.3471 -0.7809 -0.5194
vn -0.2391 -0.7809 -0.5771
vn -0.1219 -0.7809 -0.6126
vn -0.3361 -0.9395 -0.0669
vn -0.3166 -0.9394 -0.1312
vn -0.2850 -0.9394 -0.1904
vn -0.2423 -0.9395 -0.2423
vn -0.1904 -0.9394 -0.2850
vn -0.1312 -0.9394 -0.3166
vn -0.0669 -0.9395 -0.3361
vn -0.1835 -0.9823 -0.0365
vn -0.1728 -0.9824 -0.0716
vn -0.1556 -0.9823 -0.1039
vn -0.1323 -0.9823 -0.1323
vn -0.1039 -0.9823 -0.1556
vn -0.0716 -0.9824 -0.1728
vn -0.0365 -0.9823 -0.1835
vn -0.1004 -0.9947 -0.0200
vn -0.0946 -0.9947 -0.0392
vn -0.0852 -0.9947 -0.0569
vn -0.0724 -0.9947 -0.0724
vn -0.0569 -0.9947 -0.0852
vn -0.0392 -0.9947 -0.0946
vn -0.0200 -0.9947 -0.1004
vn -0.0516 -0.9986 -0.0103
vn -0.0486 -0.9986 -0.0201
vn -0.0438 -0.9986 -0.0292
vn -0.0372 -0.9986 -0.0372
vn -0.0292 -0.9986 -0.0438
vn -0.0201 -0.9986 -0.0486
vn -0.0103 -0.9986 -0.0516
vn -0.0207 -0.9998 -0.0041
vn -0.0195 -0.9998 -0.0081
vn -0.0176 -0.9998 -0.0118
vn -0.0150 -0.9998 -0.0150
vn -0.0118 -0.9998 -0.0176
vn -0.0081 -0.9998 -0.0195
vn -0.0041 -0.9998 -0.0207
vn 0.3137 -0.8439 -0.4352
vn 0.3494 -0.9370 -0.0000
vn 0.6810 -0.7323 -0.0000
vn 0.6241 -0.6838 -0.3781
vn 0.2115 -0.5891 -0.7799
vn 0.4404 -0.5220 -0.7305
vn 0.0839 -0.2910 -0.9530
vn 0.1763 -0.2843 -0.9424
vn -0.0479 -0.0074 -0.9988
vn -0.1032 -0.0301 -0.9942
vn -0.1888 0.2719 -0.9436
vn -0.3706 0.2138 -0.9039
vn -0.3396 0.5538 -0.7602
vn -0.6017 0.4260 -0.6756
vn -0.4650 0.7814 -0.4161
vn -0.7507 0.5650 -0.3424
vn -0.5092 0.8607 -0.0000
vn -0.7945 0.6073 -0.0000
vn 0.8850 -0.4656 -0.0000
vn 0.8345 -0.4528 -0.3140
vn 0.6407 -0.3900 -0.6613
vn 0.2851 -0.2510 -0.9250
vn -0.1387 -0.0618 -0.9884
vn -0.5091 0.1213 -0.8521
vn -0.7656 0.2599 -0.5885
vn -0.8981 0.3383 -0.2811
vn -0.9326 0.3608 -0.0000
vn 0.9574 -0.2887 -0.0000
vn 0.9132 -0.2900 -0.2862
vn 0.7312 -0.2754 -0.6241
vn 0.3561 -0.2088 -0.9108
vn -0.1266 -0.0860 -0.9882
vn -0.5416 0.0474 -0.8393
vn -0.8099 0.1510 -0.5668
vn -0.9404 0.2106 -0.2670
vn -0.9736 0.2284 -0.0000
vn 0.9719 -0.2353 -0.0000
vn 0.9204 -0.2398 -0.3089
vn 0.7222 -0.2341 -0.6509
vn 0.3593 -0.1864 -0.9144
vn -0.0781 -0.0919 -0.9927
vn -0.4770 0.0238 -0.8786
vn -0.7715 0.1294 -0.6229
vn -0.9324 0.1982 -0.3021
vn -0.9755 0.2201 -0.0000
vn 0.9551 -0.2963 -0.0000
vn 0.8804 -0.2933 -0.3726
vn 0.6445 -0.2624 -0.7182
vn 0.3141 -0.1898 -0.9302
vn -0.0305 -0.0830 -0.9961
vn -0.3654 0.0493 -0.9295
vn -0.6698 0.1912 -0.7175
vn -0.8778 0.3011 -0.3726
vn -0.9409 0.3387 -0.0000
vn 0.8845 -0.4666 -0.0000
vn 0.7821 -0.4341 -0.4471
vn 0.5273 -0.3365 -0.7802
vn 0.2517 -0.2083 -0.9451
vn -0.0050 -0.0597 -0.9982
vn -0.2625 0.1209 -0.9573
vn -0.5281 0.3334 -0.7810
vn -0.7400 0.5188 -0.4280
vn -0.8104 0.5859 -0.0000
vn 0.2213 -0.9752 -0.0000
vn 0.1906 -0.8682 -0.4581
vn 0.1305 -0.5885 -0.7979
vn 0.0569 -0.2841 -0.9571
vn -0.0143 -0.0415 -0.9990
vn -0.0247 -0.0038 -0.9997
vn -0.1108 0.2751 -0.9550
vn -0.2054 0.5737 -0.7929
vn -0.2457 0.6954 -0.6753
vn -0.2829 0.8449 -0.4540
vn -0.3176 0.9482 -0.0000
vn -0.2225 -0.8659 -0.4480
vn -0.2126 -0.9771 -0.0000
vn -0.7911 -0.5490 -0.2696
vn -0.7890 -0.6144 -0.0000
vn -0.9777 -0.1941 -0.0800
vn -0.9777 -0.2102 -0.0000
vn -0.2402 -0.5873 -0.7729
vn -0.7945 -0.3885 -0.4667
vn -0.9789 -0.1517 -0.1367
vn -0.2741 -0.2842 -0.9187
vn -0.8058 -0.2031 -0.5563
vn -0.9811 -0.0952 -0.1683
vn -0.3188 -0.0447 -0.9468
vn -0.8236 -0.0519 -0.5647
vn -0.9834 -0.0416 -0.1764
vn -0.3308 -0.0070 -0.9437
vn -0.8294 -0.0257 -0.5580
vn -0.9836 -0.0286 -0.1779
vn -0.4158 0.2629 -0.8706
vn -0.8651 0.1508 -0.4783
vn -0.9834 0.0685 -0.1682
vn -0.5137 0.5185 -0.6836
vn -0.8991 0.2813 -0.3353
vn -0.9785 0.1558 -0.1352
vn -0.5362 0.6184 -0.5745
vn -0.9034 0.3272 -0.2771
vn -0.9770 0.1809 -0.1127
vn -0.5886 0.7196 -0.3685
vn -0.9171 0.3635 -0.1637
vn -0.9678 0.2388 -0.0791
vn -0.6201 0.7845 -0.0000
vn -0.9237 0.3831 -0.0000
vn -0.9626 0.2708 -0.0000
vn 0.3137 -0.8439 0.4352
vn 0.6241 -0.6838 0.3781
vn 0.2115 -0.5891 0.7799
vn 0.4404 -0.5220 0.7305
vn 0.0839 -0.2910 0.9530
vn 0.1763 -0.2843 0.9424
vn -0.0479 -0.0074 0.9988
vn -0.1032 -0.0301 0.9942
vn -0.1888 0.2719 0.9436
vn -0.3706 0.2138 0.9039
vn -0.3396 0.5538 0.7602
vn -0.6017 0.4260 0.6756
vn -0.4650 0.7814 0.4161
vn -0.7506 0.5651 0.3424
vn 0.8345 -0.4528 0.3140
vn 0.6407 -0.3900 0.6613
vn 0.2851 -0.2510 0.9251
vn -0.1387 -0.0618 0.9884
vn -0.5091 0.1213 0.8521
vn -0.7656 0.2599 0.5885
vn -0.8981 0.3383 0.2811
vn 0.9132 -0.2900 0.2862
vn 0.7312 -0.2753 0.6241
vn 0.3561 -0.2088 0.9108
vn -0.1266 -0.0860 0.9882
vn -0.5416 0.0474 0.8393
vn -0.8099 0.1510 0.5668
vn -0.9404 0.2106 0.2670
vn 0.9204 -0.2398 0.3089
vn 0.7222 -0.2341 0.6509
vn 0.3593 -0.1864 0.9144
vn -0.0781 -0.0919 0.9927
vn -0.4770 0.0238 0.8786
vn -0.7715 0.1294 0.6229
vn -0.9323 0.1982 0.3025
vn 0.8805 -0.2933 0.3725
vn 0.6445 -0.2624 0.7182
vn 0.3141 -0.1898 0.9302
vn -0.0305 -0.0830 0.9961
vn -0.3654 0.0493 0.9295
vn -0.6698 0.1912 0.7175
vn -0.8778 0.3011 0.3726
vn 0.7821 -0.4341 0.4471
vn 0.5272 -0.3367 0.7802
vn 0.2517 -0.2084 0.9451
vn -0.0050 -0.0597 0.9982
vn -0.2625 0.1209 0.9573
vn -0.5281 0.3334 0.7810
vn -0.7400 0.5188 0.4280
vn 0.7071 -0.7071 0.0003
vn 0.6127 -0.6305 0.4765
vn 0.4009 -0.4432 0.8018
vn 0.1908 -0.2314 0.9540
vn -0.1886 0.2749 0.9428
vn -0.3665 0.5731 0.7330
vn -0.4829 0.7911 0.3755
vn -0.5145 0.8575 0.0003
vn 0.1906 -0.8682 0.4581
vn 0.1305 -0.5885 0.7979
vn 0.0569 -0.2841 0.9571
vn -0.0143 -0.0415 0.9990
vn -0.0247 -0.0038 0.9997
vn -0.1108 0.2751 0.9550
vn -0.2054 0.5737 0.7929
vn -0.2457 0.6954 0.6753
vn -0.2829 0.8449 0.4540
vn -0.2224 -0.8659 0.4480
vn -0.7911 -0.5490 0.2696
vn -0.9777 -0.1941 0.0800
vn -0.2402 -0.5873 0.7729
vn -0.7945 -0.3885 0.4667
vn -0.9789 -0.1516 0.1367
vn -0.2740 -0.2842 0.9188
vn -0.8058 -0.2032 0.5563
vn -0.9811 -0.0952 0.1683
vn -0.3188 -0.0447 0.9468
vn -0.8236 -0.0519 0.5648
vn -0.9834 -0.0416 0.1764
vn -0.3308 -0.0070 0.9437
vn -0.8294 -0.0257 0.5580
vn -0.9836 -0.0286 0.1779
vn -0.4158 0.2629 0.8706
vn -0.8651 0.1508 0.4783
vn -0.9834 0.0685 0.1682
vn -0.5137 0.5185 0.6836
vn -0.8991 0.2813 0.3353
vn -0.9785 0.1558 0.1352
vn -0.5362 0.6184 0.5745
vn -0.9034 0.3272 0.2772
vn -0.9770 0.1809 0.1127
vn -0.5886 0.7196 0.3684
vn -0.9171 0.3634 0.1637
vn -0.9678 0.2388 0.0791
vn 0.0018 1.0000 -0.0000
vn 0.0018 1.0000 -0.0004
vn 0.0017 1.0000 -0.0007
vn 0.0015 1.0000 -0.0010
vn 0.0013 1.0000 -0.0013
vn 0.0010 1.0000 -0.0015
vn 0.0007 1.0000 -0.0017
vn 0.0004 1.0000 -0.0018
vn -0.0000 1.0000 -0.0018
vn 0.0056 1.0000 -0.0000
vn 0.0058 1.0000 -0.0012
vn 0.0053 1.0000 -0.0023
vn 0.0047 1.0000 -0.0031
vn 0.0043 1.0000 -0.0043
vn 0.0031 1.0000 -0.0047
vn 0.0023 1.0000 -0.0053
vn 0.0012 1.0000 -0.0058
vn -0.0000 1.0000 -0.0057
vn 0.0118 0.9999 -0.0000
vn 0.0115 0.9999 -0.0023
vn 0.0109 0.9999 -0.0045
vn 0.0098 0.9999 -0.0066
vn 0.0084 0.9999 -0.0084
vn 0.0066 0.9999 -0.0097
vn 0.0045 0.9999 -0.0108
vn 0.0023 0.9999 -0.0115
vn -0.0000 0.9999 -0.0118
vn 0.0205 0.9998 -0.0000
vn 0.0201 0.9998 -0.0040
vn 0.0189 0.9998 -0.0078
vn 0.0170 0.9998 -0.0114
vn 0.0145 0.9998 -0.0145
vn 0.0114 0.9998 -0.0170
vn 0.0078 0.9998 -0.0189
vn 0.0040 0.9998 -0.0201
vn -0.0000 0.9998 -0.0205
vn 0.0338 0.9994 -0.0000
vn 0.0332 0.9994 -0.0066
vn 0.0312 0.9994 -0.0129
vn 0.0281 0.9994 -0.0188
vn 0.0239 0.9994 -0.0239
vn 0.0188 0.9994 -0.0281
vn 0.0129 0.9994 -0.0312
vn 0.0066 0.9994 -0.0332
vn -0.0000 0.9994 -0.0338
vn 0.0566 0.9984 -0.0000
vn 0.0555 0.9984 -0.0110
vn 0.0523 0.9984 -0.0217
vn 0.0470 0.9984 -0.0314
vn 0.0400 0.9984 -0.0400
vn 0.0314 0.9984 -0.0470
vn 0.0217 0.9984 -0.0523
vn 0.0110 0.9984 -0.0555
vn -0.0000 0.9984 -0.0566
vn 0.1039 0.9946 -0.0000
vn 0.1020 0.9946 -0.0203
vn 0.0960 0.9946 -0.0398
vn 0.0864 0.9946 -0.0578
vn 0.0735 0.9946 -0.0735
vn 0.0577 0.9946 -0.0864
vn 0.0398 0.9946 -0.0960
vn 0.0203 0.9946 -0.1020
vn -0.0000 0.9946 -0.1040
vn 0.2577 0.9662 -0.0000
vn 0.2527 0.9662 -0.0503
vn 0.2380 0.9662 -0.0986
vn 0.2142 0.9663 -0.1431
vn 0.1822 0.9662 -0.1822
vn 0.1431 0.9663 -0.2142
vn 0.0986 0.9662 -0.2380
vn 0.0503 0.9662 -0.2527
vn -0.0000 0.9663 -0.2576
vn -0.0004 1.0000 -0.0018
vn -0.0007 1.0000 -0.0017
vn -0.0010 1.0000 -0.0015
vn -0.0013 1.0000 -0.0013
vn -0.0015 1.0000 -0.0010
vn -0.0017 1.0000 -0.0007
vn -0.0018 1.0000 -0.0004
vn -0.0018 1.0000 -0.0000
vn -0.0012 1.0000 -0.0058
vn -0.0023 1.0000 -0.0055
vn -0.0032 1.0000 -0.0047
vn -0.0043 1.0000 -0.0043
vn -0.0047 1.0000 -0.0032
vn -0.0054 1.0000 -0.0023
vn -0.0058 1.0000 -0.0012
vn -0.0057 1.0000 -0.0000
vn -0.0023 0.9999 -0.0115
vn -0.0045 0.9999 -0.0108
vn -0.0066 0.9999 -0.0097
vn -0.0084 0.9999 -0.0084
vn -0.0098 0.9999 -0.0065
vn -0.0108 0.9999 -0.0045
vn -0.0115 0.9999 -0.0023
vn -0.0118 0.9999 -0.0000
vn -0.0040 0.9998 -0.0201
vn -0.0078 0.9998 -0.0189
vn -0.0114 0.9998 -0.0170
vn -0.0145 0.9998 -0.0145
vn -0.0170 0.9998 -0.0114
vn -0.0189 0.9998 -0.0078
vn -0.0201 0.9998 -0.0040
vn -0.0205 0.9998 -0.0000
vn -0.0066 0.9994 -0.0332
vn -0.0129 0.9994 -0.0312
vn -0.0188 0.9994 -0.0281
vn -0.0239 0.9994 -0.0239
vn -0.0281 0.9994 -0.0188
vn -0.0312 0.9994 -0.0129
vn -0.0332 0.9994 -0.0066
vn -0.0338 0.9994 -0.0000
vn -0.0110 0.9984 -0.0555
vn -0.0217 0.9984 -0.0523
vn -0.0314 0.9984 -0.0470
vn -0.0400 0.9984 -0.0400
vn -0.0470 0.9984 -0.0314
vn -0.0523 0.9984 -0.0217
vn -0.0555 0.9984 -0.0110
vn -0.0566 0.9984 -0.0000
vn -0.0203 0.9946 -0.1020
vn -0.0398 0.9946 -0.0960
vn -0.0577 0.9946 -0.0864
vn -0.0735 0.9946 -0.0735
vn -0.0864 0.9946 -0.0578
vn -0.0960 0.9946 -0.0398
vn -0.1020 0.9946 -0.0203
vn -0.1040 0.9946 -0.0000
vn -0.0503 0.9662 -0.2527
vn -0.0986 0.9662 -0.2380
vn -0.1431 0.9663 -0.2142
vn -0.1822 0.9662 -0.1822
vn -0.2142 0.9663 -0.1431
vn -0.2380 0.9662 -0.0986
vn -0.2527 0.9662 -0.0503
vn -0.2577 0.9662 -0.0000
vn -0.0000 1.0000 0.0018
vn -0.0004 1.0000 0.0018
vn -0.0007 1.0000 0.0017
vn -0.0010 1.0000 0.0015
vn -0.0013 1.0000 0.0013
vn -0.0015 1.0000 0.0010
vn -0.0017 1.0000 0.0007
vn -0.0018 1.0000 0.0003
vn -0.0000 1.0000 0.0057
vn -0.0012 1.0000 0.0058
vn -0.0023 1.0000 0.0054
vn -0.0031 1.0000 0.0047
vn -0.0042 1.0000 0.0042
vn -0.0047 1.0000 0.0031
vn -0.0053 1.0000 0.0023
vn -0.0058 1.0000 0.0012
vn -0.0000 0.9999 0.0118
vn -0.0023 0.9999 0.0115
vn -0.0045 0.9999 0.0108
vn -0.0066 0.9999 0.0097
vn -0.0084 0.9999 0.0084
vn -0.0097 0.9999 0.0066
vn -0.0108 0.9999 0.0045
vn -0.0115 0.9999 0.0023
vn -0.0000 0.9998 0.0205
vn -0.0040 0.9998 0.0201
vn -0.0078 0.9998 0.0189
vn -0.0114 0.9998 0.0170
vn -0.0145 0.9998 0.0145
vn -0.0170 0.9998 0.0114
vn -0.0189 0.9998 0.0078
vn -0.0201 0.9998 0.0040
vn -0.0000 0.9994 0.0338
vn -0.0066 0.9994 0.0332
vn -0.0129 0.9994 0.0312
vn -0.0188 0.9994 0.0281
vn -0.0239 0.9994 0.0239
vn -0.0281 0.9994 0.0188
vn -0.0312 0.9994 0.0129
vn -0.0332 0.9994 0.0066
vn -0.0000 0.9984 0.0566
vn -0.0110 0.9984 0.0555
vn -0.0217 0.9984 0.0523
vn -0.0314 0.9984 0.0470
vn -0.0400 0.9984 0.0400
vn -0.0470 0.9984 0.0314
vn -0.0523 0.9984 0.0217
vn -0.0555 0.9984 0.0110
vn -0.0000 0.9946 0.1040
vn -0.0203 0.9946 0.1020
vn -0.0398 0.9946 0.0960
vn -0.0578 0.9946 0.0864
vn -0.0735 0.9946 0.0735
vn -0.0864 0.9946 0.0578
vn -0.0960 0.9946 0.0398
vn -0.1020 0.9946 0.0203
vn -0.0000 0.9663 0.2576
vn -0.0503 0.9662 0.2527
vn -0.0986 0.9662 0.2380
vn -0.1431 0.9663 0.2142
vn -0.1822 0.9662 0.1822
vn -0.2142 0.9663 0.1431
vn -0.2380 0.9662 0.0986
vn -0.2527 0.9662 0.0503
vn 0.0018 1.0000 0.0003
vn 0.0017 1.0000 0.0007
vn 0.0015 1.0000 0.0010
vn 0.0013 1.0000 0.0013
vn 0.0010 1.0000 0.0015
vn 0.0007 1.0000 0.0017
vn 0.0004 1.0000 0.0018
vn 0.0057 1.0000 0.0012
vn 0.0055 1.0000 0.0023
vn 0.0047 1.0000 0.0031
vn 0.0043 1.0000 0.0043
vn 0.0031 1.0000 0.0047
vn 0.0023 1.0000 0.0054
vn 0.0012 1.0000 0.0058
vn 0.0115 0.9999 0.0023
vn 0.0108 0.9999 0.0045
vn 0.0097 0.9999 0.0066
vn 0.0084 0.9999 0.0084
vn 0.0066 0.9999 0.0097
vn 0.0045 0.9999 0.0108
vn 0.0023 0.9999 0.0115
vn 0.0201 0.9998 0.0040
vn 0.0189 0.9998 0.0078
vn 0.0170 0.9998 0.0114
vn 0.0145 0.9998 0.0145
vn 0.0114 0.9998 0.0170
vn 0.0078 0.9998 0.0189
vn 0.0040 0.9998 0.0201
vn 0.0332 0.9994 0.0066
vn 0.0312 0.9994 0.0129
vn 0.0281 0.9994 0.0188
vn 0.0239 0.9994 0.0239
vn 0.0188 0.9994 0.0281
vn 0.0129 0.9994 0.0312
vn 0.0066 0.9994 0.0332
vn 0.0555 0.9984 0.0110
vn 0.0523 0.9984 0.0217
vn 0.0470 0.9984 0.0314
vn 0.0400 0.9984 0.0400
vn 0.0314 0.9984 0.0470
vn 0.0217 0.9984 0.0523
vn 0.0110 0.9984 0.0555
vn 0.1020 0.9946 0.0203
vn 0.0960 0.9946 0.0398
vn 0.0864 0.9946 0.0578
vn 0.0735 0.9946 0.0735
vn 0.0578 0.9946 0.0864
vn 0.0398 0.9946 0.0960
vn 0.0203 0.9946 0.1020
vn 0.2527 0.9662 0.0503
vn 0.2380 0.9662 0.0986
vn 0.2142 0.9663 0.1431
vn 0.1822 0.9662 0.1822
vn 0.1431 0.9663 0.2142
vn 0.0986 0.9662 0.2380
vn 0.0503 0.9662 0.2527
vn 0.4080 0.9130 -0.0000
vn 0.4002 0.9130 -0.0796
vn 0.3769 0.9130 -0.1561
vn 0.3392 0.9130 -0.2266
vn 0.2885 0.9130 -0.2885
vn 0.2266 0.9130 -0.3392
vn 0.1561 0.9130 -0.3769
vn 0.0796 0.9130 -0.4002
vn -0.0000 0.9130 -0.4080
vn 0.5030 0.8643 -0.0000
vn 0.4933 0.8643 -0.0981
vn 0.4647 0.8643 -0.1925
vn 0.4182 0.8643 -0.2794
vn 0.3557 0.8643 -0.3557
vn 0.2794 0.8643 -0.4182
vn 0.1925 0.8643 -0.4647
vn 0.0981 0.8643 -0.4933
vn -0.0000 0.8643 -0.5030
vn 0.6361 0.7716 -0.0000
vn 0.6239 0.7716 -0.1241
vn 0.5877 0.7716 -0.2434
vn 0.5289 0.7716 -0.3534
vn 0.4498 0.7716 -0.4498
vn 0.3534 0.7716 -0.5289
vn 0.2434 0.7716 -0.5877
vn 0.1241 0.7716 -0.6239
vn -0.0000 0.7716 -0.6361
vn 0.7829 0.6221 -0.0000
vn 0.7679 0.6221 -0.1527
vn 0.7233 0.6221 -0.2996
vn 0.6510 0.6221 -0.4350
vn 0.5536 0.6221 -0.5536
vn 0.4350 0.6221 -0.6510
vn 0.2996 0.6221 -0.7233
vn 0.1527 0.6221 -0.7679
vn -0.0000 0.6221 -0.7829
vn 0.9096 0.4154 -0.0000
vn 0.8921 0.4155 -0.1774
vn 0.8404 0.4155 -0.3481
vn 0.7563 0.4155 -0.5053
vn 0.6432 0.4155 -0.6432
vn 0.5053 0.4155 -0.7563
vn 0.3481 0.4155 -0.8404
vn 0.1775 0.4155 -0.8921
vn -0.0000 0.4155 -0.9096
vn 0.9837 0.1800 -0.0000
vn 0.9648 0.1800 -0.1919
vn 0.9088 0.1800 -0.3764
vn 0.8179 0.1800 -0.5465
vn 0.6956 0.1800 -0.6956
vn 0.5465 0.1800 -0.8179
vn 0.3764 0.1800 -0.9088
vn 0.1919 0.1800 -0.9648
vn -0.0000 0.1800 -0.9837
vn 0.9991 -0.0416 -0.0000
vn 0.9799 -0.0415 -0.1949
vn 0.9231 -0.0415 -0.3824
vn 0.8308 -0.0415 -0.5551
vn 0.7065 -0.0416 -0.7065
vn 0.5551 -0.0415 -0.8308
vn 0.3824 -0.0415 -0.9231
vn 0.1949 -0.0415 -0.9799
vn -0.0000 -0.0415 -0.9991
vn 0.9749 -0.2226 -0.0000
vn 0.9562 -0.2225 -0.1902
vn 0.9007 -0.2225 -0.3731
vn 0.8106 -0.2225 -0.5416
vn 0.6894 -0.2225 -0.6894
vn 0.5416 -0.2225 -0.8106
vn 0.3731 -0.2225 -0.9007
vn 0.1902 -0.2225 -0.9562
vn -0.0000 -0.2225 -0.9749
vn -0.0796 0.9130 -0.4002
vn -0.1561 0.9130 -0.3769
vn -0.2266 0.9130 -0.3392
vn -0.2885 0.9130 -0.2885
vn -0.3392 0.9130 -0.2266
vn -0.3769 0.9130 -0.1561
vn -0.4002 0.9130 -0.0796
vn -0.4080 0.9130 -0.0000
vn -0.0981 0.8643 -0.4933
vn -0.1925 0.8643 -0.4647
vn -0.2794 0.8643 -0.4182
vn -0.3557 0.8643 -0.3557
vn -0.4182 0.8643 -0.2794
vn -0.4647 0.8643 -0.1925
vn -0.4933 0.8643 -0.0981
vn -0.5030 0.8643 -0.0000
vn -0.1241 0.7716 -0.6239
vn -0.2434 0.7716 -0.5877
vn -0.3534 0.7716 -0.5289
vn -0.4498 0.7716 -0.4498
vn -0.5289 0.7716 -0.3534
vn -0.5877 0.7716 -0.2434
vn -0.6239 0.7716 -0.1241
vn -0.6361 0.7716 -0.0000
vn -0.1527 0.6221 -0.7679
vn -0.2996 0.6221 -0.7233
vn -0.4350 0.6221 -0.6510
vn -0.5536 0.6221 -0.5536
vn -0.6510 0.6221 -0.4350
vn -0.7233 0.6221 -0.2996
vn -0.7679 0.6221 -0.1527
vn -0.7829 0.6221 -0.0000
vn -0.1775 0.4155 -0.8921
vn -0.3481 0.4155 -0.8404
vn -0.5053 0.4155 -0.7563
vn -0.6432 0.4155 -0.6432
vn -0.7563 0.4155 -0.5053
vn -0.8404 0.4155 -0.3481
vn -0.8921 0.4155 -0.1775
vn -0.9096 0.4155 -0.0000
vn -0.1919 0.1800 -0.9648
vn -0.3764 0.1800 -0.9088
vn -0.5465 0.1800 -0.8179
vn -0.6956 0.1800 -0.6956
vn -0.8179 0.1800 -0.5465
vn -0.9088 0.1800 -0.3764
vn -0.9648 0.1800 -0.1919
vn -0.1949 -0.0415 -0.9799
vn -0.3824 -0.0415 -0.9231
vn -0.5551 -0.0416 -0.8308
vn -0.7065 -0.0416 -0.7065
vn -0.8308 -0.0415 -0.5551
vn -0.9231 -0.0415 -0.3824
vn -0.9799 -0.0415 -0.1949
vn -0.1902 -0.2225 -0.9562
vn -0.3731 -0.2225 -0.9007
vn -0.5416 -0.2225 -0.8106
vn -0.6894 -0.2225 -0.6894
vn -0.8106 -0.2225 -0.5416
vn -0.9007 -0.2225 -0.3731
vn -0.9562 -0.2226 -0.1902
vn -0.9749 -0.2225 -0.0000
vn -0.0000 0.9130 0.4080
vn -0.0796 0.9130 0.4002
vn -0.1561 0.9130 0.3769
vn -0.2267 0.9130 0.3392
vn -0.2885 0.9130 0.2885
vn -0.3392 0.9130 0.2267
vn -0.3769 0.9130 0.1561
vn -0.4002 0.9130 0.0796
vn -0.0000 0.8643 0.5030
vn -0.0981 0.8643 0.4933
vn -0.1925 0.8643 0.4647
vn -0.2795 0.8643 0.4182
vn -0.3557 0.8643 0.3557
vn -0.4182 0.8643 0.2795
vn -0.4647 0.8643 0.1925
vn -0.4933 0.8643 0.0981
vn -0.0000 0.7716 0.6361
vn -0.1241 0.7716 0.6239
vn -0.2434 0.7716 0.5877
vn -0.3534 0.7716 0.5289
vn -0.4498 0.7716 0.4498
vn -0.5289 0.7716 0.3534
vn -0.5877 0.7716 0.2434
vn -0.6239 0.7716 0.1241
vn -0.0000 0.6222 0.7829
vn -0.1528 0.6221 0.7679
vn -0.2996 0.6221 0.7233
vn -0.4350 0.6221 0.6510
vn -0.5536 0.6221 0.5536
vn -0.6510 0.6221 0.4350
vn -0.7233 0.6221 0.2996
vn -0.7679 0.6221 0.1527
vn -0.0000 0.4155 0.9096
vn -0.1775 0.4155 0.8921
vn -0.3481 0.4155 0.8404
vn -0.5054 0.4155 0.7563
vn -0.6432 0.4155 0.6432
vn -0.7563 0.4155 0.5054
vn -0.8404 0.4155 0.3481
vn -0.8921 0.4155 0.1775
vn -0.0000 0.1800 0.9837
vn -0.1919 0.1800 0.9648
vn -0.3764 0.1800 0.9088
vn -0.5465 0.1800 0.8179
vn -0.6956 0.1800 0.6956
vn -0.8179 0.1800 0.5465
vn -0.9088 0.1800 0.3764
vn -0.9648 0.1800 0.1919
vn -0.0000 -0.0415 0.9991
vn -0.1949 -0.0415 0.9799
vn -0.3824 -0.0415 0.9231
vn -0.5551 -0.0415 0.8308
vn -0.7065 -0.0416 0.7065
vn -0.8308 -0.0415 0.5551
vn -0.9231 -0.0415 0.3824
vn -0.9799 -0.0415 0.1949
vn -0.0000 -0.2225 0.9749
vn -0.1902 -0.2225 0.9562
vn -0.3731 -0.2225 0.9007
vn -0.5416 -0.2225 0.8106
vn -0.6894 -0.2225 0.6894
vn -0.8106 -0.2225 0.5416
vn -0.9007 -0.2225 0.3731
vn -0.9562 -0.2226 0.1902
vn 0.4002 0.9130 0.0796
vn 0.3769 0.9130 0.1561
vn 0.3392 0.9130 0.2267
vn 0.2885 0.9130 0.2885
vn 0.2267 0.9130 0.3392
vn 0.1561 0.9130 0.3769
vn 0.0796 0.9130 0.4002
vn 0.4933 0.8643 0.0981
vn 0.4647 0.8643 0.1925
vn 0.4182 0.8643 0.2795
vn 0.3557 0.8643 0.3557
vn 0.2795 0.8643 0.4182
vn 0.1925 0.8643 0.4647
vn 0.0981 0.8643 0.4933
vn 0.6239 0.7716 0.1241
vn 0.5877 0.7716 0.2434
vn 0.5289 0.7716 0.3534
vn 0.4498 0.7716 0.4498
vn 0.3534 0.7716 0.5289
vn 0.2434 0.7716 0.5877
vn 0.1241 0.7716 0.6239
vn 0.7679 0.6221 0.1528
vn 0.7233 0.6221 0.2996
vn 0.6510 0.6221 0.4350
vn 0.5536 0.6221 0.5536
vn 0.4350 0.6221 0.6510
vn 0.2996 0.6221 0.7233
vn 0.1527 0.6221 0.7679
vn 0.8921 0.4155 0.1775
vn 0.8404 0.4155 0.3481
vn 0.7563 0.4155 0.5054
vn 0.6432 0.4155 0.6432
vn 0.5054 0.4155 0.7563
vn 0.3481 0.4155 0.8404
vn 0.1775 0.4155 0.8921
vn 0.9648 0.1800 0.1919
vn 0.9088 0.1800 0.3764
vn 0.8179 0.1800 0.5465
vn 0.6956 0.1800 0.6956
vn 0.5465 0.1800 0.8179
vn 0.3764 0.1800 0.9088
vn 0.1919 0.1800 0.9648
vn 0.9799 -0.0415 0.1949
vn 0.9231 -0.0415 0.3824
vn 0.8308 -0.0415 0.5551
vn 0.7065 -0.0416 0.7065
vn 0.5551 -0.0415 0.8308
vn 0.3824 -0.0415 0.9231
vn 0.1949 -0.0415 0.9799
vn 0.9562 -0.2225 0.1902
vn 0.9007 -0.2225 0.3731
vn 0.8106 -0.2225 0.5416
vn 0.6894 -0.2225 0.6894
vn 0.5416 -0.2225 0.8106
vn 0.3731 -0.2225 0.9007
vn 0.1902 -0.2225 0.9562
vn 0.9608 -0.2771 -0.0000
vn 0.9424 -0.2771 -0.1874
vn 0.8877 -0.2771 -0.3677
vn 0.7989 -0.2771 -0.5338
vn 0.6794 -0.2771 -0.6794
vn 0.5338 -0.2771 -0.7989
vn 0.3677 -0.2771 -0.8877
vn 0.1875 -0.2771 -0.9424
vn -0.0000 -0.2771 -0.9608
vn 0.9343 -0.3564 -0.0000
vn 0.9164 -0.3564 -0.1823
vn 0.8632 -0.3564 -0.3575
vn 0.7769 -0.3564 -0.5191
vn 0.6607 -0.3564 -0.6607
vn 0.5191 -0.3564 -0.7769
vn 0.3576 -0.3564 -0.8632
vn 0.1823 -0.3564 -0.9164
vn -0.0000 -0.3564 -0.9343
vn 0.8797 -0.4755 -0.0000
vn 0.8628 -0.4755 -0.1716
vn 0.8128 -0.4755 -0.3366
vn 0.7315 -0.4755 -0.4887
vn 0.6221 -0.4755 -0.6220
vn 0.4887 -0.4756 -0.7314
vn 0.3367 -0.4755 -0.8127
vn 0.1717 -0.4755 -0.8628
vn -0.0000 -0.4755 -0.8797
vn 0.7597 -0.6503 -0.0000
vn 0.7451 -0.6503 -0.1482
vn 0.7019 -0.6503 -0.2907
vn 0.6317 -0.6502 -0.4221
vn 0.5373 -0.6502 -0.5372
vn 0.4221 -0.6502 -0.6317
vn 0.2908 -0.6502 -0.7019
vn 0.1482 -0.6502 -0.7452
vn -0.0000 -0.6503 -0.7597
vn 0.5256 -0.8507 -0.0000
vn 0.5155 -0.8507 -0.1025
vn 0.4856 -0.8507 -0.2011
vn 0.4370 -0.8508 -0.2920
vn 0.3717 -0.8507 -0.3717
vn 0.2920 -0.8507 -0.4370
vn 0.2012 -0.8507 -0.4856
vn 0.1025 -0.8507 -0.5155
vn -0.0000 -0.8507 -0.5256
vn 0.2963 -0.9551 -0.0000
vn 0.2903 -0.9552 -0.0578
vn 0.2736 -0.9552 -0.1133
vn 0.2467 -0.9550 -0.1649
vn 0.2094 -0.9551 -0.2094
vn 0.1645 -0.9551 -0.2463
vn 0.1133 -0.9552 -0.2736
vn 0.0578 -0.9552 -0.2904
vn -0.0000 -0.9550 -0.2967
vn 0.5658 -0.8245 -0.0000
vn 0.5548 -0.8246 -0.1104
vn 0.5228 -0.8245 -0.2165
vn 0.4705 -0.8245 -0.3144
vn 0.4001 -0.8245 -0.4001
vn 0.3144 -0.8245 -0.4705
vn 0.2165 -0.8245 -0.5228
vn 0.1104 -0.8245 -0.5549
vn -0.0000 -0.8245 -0.5658
vn 0.9889 -0.1484 -0.0000
vn 0.9699 -0.1484 -0.1929
vn 0.9137 -0.1484 -0.3784
vn 0.8223 -0.1484 -0.5494
vn 0.6992 -0.1484 -0.6993
vn 0.5494 -0.1484 -0.8223
vn 0.3785 -0.1484 -0.9136
vn 0.1929 -0.1484 -0.9699
vn -0.0000 -0.1484 -0.9889
vn -0.1874 -0.2771 -0.9424
vn -0.3677 -0.2771 -0.8877
vn -0.5338 -0.2771 -0.7989
vn -0.6794 -0.2771 -0.6794
vn -0.7989 -0.2771 -0.5338
vn -0.8877 -0.2771 -0.3677
vn -0.9424 -0.2771 -0.1875
vn -0.9608 -0.2771 -0.0000
vn -0.1823 -0.3564 -0.9164
vn -0.3575 -0.3564 -0.8632
vn -0.5191 -0.3564 -0.7769
vn -0.6607 -0.3564 -0.6607
vn -0.7769 -0.3563 -0.5191
vn -0.8632 -0.3564 -0.3576
vn -0.9164 -0.3564 -0.1823
vn -0.9343 -0.3564 -0.0000
vn -0.1716 -0.4755 -0.8628
vn -0.3366 -0.4756 -0.8127
vn -0.4887 -0.4756 -0.7314
vn -0.6220 -0.4755 -0.6220
vn -0.7314 -0.4756 -0.4887
vn -0.8127 -0.4755 -0.3367
vn -0.8628 -0.4755 -0.1716
vn -0.8797 -0.4755 -0.0000
vn -0.1482 -0.6502 -0.7452
vn -0.2907 -0.6502 -0.7019
vn -0.4221 -0.6502 -0.6317
vn -0.5372 -0.6502 -0.5373
vn -0.6318 -0.6502 -0.4220
vn -0.7019 -0.6502 -0.2908
vn -0.7452 -0.6502 -0.1483
vn -0.7597 -0.6503 -0.0000
vn -0.1025 -0.8507 -0.5155
vn -0.2011 -0.8507 -0.4856
vn -0.2920 -0.8507 -0.4371
vn -0.3717 -0.8507 -0.3717
vn -0.4370 -0.8507 -0.2920
vn -0.4856 -0.8507 -0.2012
vn -0.5155 -0.8507 -0.1026
vn -0.5256 -0.8507 -0.0000
vn -0.0577 -0.9552 -0.2903
vn -0.1133 -0.9551 -0.2736
vn -0.1649 -0.9550 -0.2467
vn -0.2098 -0.9550 -0.2098
vn -0.2463 -0.9551 -0.1645
vn -0.2736 -0.9551 -0.1133
vn -0.2906 -0.9551 -0.0578
vn -0.2964 -0.9551 -0.0000
vn -0.1104 -0.8246 -0.5548
vn -0.2165 -0.8246 -0.5226
vn -0.3144 -0.8245 -0.4705
vn -0.4001 -0.8245 -0.4001
vn -0.4705 -0.8245 -0.3144
vn -0.5228 -0.8245 -0.2165
vn -0.5549 -0.8245 -0.1104
vn -0.5658 -0.8245 -0.0000
vn -0.1929 -0.1484 -0.9699
vn -0.3784 -0.1484 -0.9137
vn -0.5494 -0.1484 -0.8223
vn -0.6993 -0.1484 -0.6992
vn -0.8223 -0.1484 -0.5494
vn -0.9136 -0.1484 -0.3785
vn -0.9699 -0.1484 -0.1929
vn -0.9889 -0.1484 -0.0000
vn -0.0000 -0.2772 0.9608
vn -0.1874 -0.2771 0.9424
vn -0.3677 -0.2771 0.8877
vn -0.5338 -0.2771 0.7989
vn -0.6794 -0.2771 0.6794
vn -0.7989 -0.2771 0.5338
vn -0.8877 -0.2771 0.3677
vn -0.9424 -0.2771 0.1875
vn -0.0000 -0.3564 0.9343
vn -0.1823 -0.3564 0.9164
vn -0.3576 -0.3564 0.8632
vn -0.5191 -0.3564 0.7769
vn -0.6607 -0.3564 0.6607
vn -0.7769 -0.3564 0.5191
vn -0.8632 -0.3564 0.3576
vn -0.9164 -0.3564 0.1823
vn -0.0000 -0.4755 0.8797
vn -0.1716 -0.4755 0.8628
vn -0.3366 -0.4756 0.8127
vn -0.4887 -0.4756 0.7314
vn -0.6220 -0.4756 0.6220
vn -0.7314 -0.4756 0.4887
vn -0.8127 -0.4756 0.3366
vn -0.8628 -0.4755 0.1716
vn -0.0000 -0.6502 0.7598
vn -0.1482 -0.6502 0.7451
vn -0.2908 -0.6502 0.7019
vn -0.4221 -0.6502 0.6318
vn -0.5372 -0.6503 0.5372
vn -0.6317 -0.6502 0.4221
vn -0.7019 -0.6502 0.2908
vn -0.7451 -0.6503 0.1482
vn -0.0000 -0.8507 0.5256
vn -0.1025 -0.8507 0.5155
vn -0.2011 -0.8507 0.4856
vn -0.2920 -0.8507 0.4370
vn -0.3717 -0.8507 0.3717
vn -0.4370 -0.8507 0.2920
vn -0.4856 -0.8507 0.2011
vn -0.5155 -0.8507 0.1025
vn -0.0000 -0.9552 0.2961
vn -0.0578 -0.9552 0.2903
vn -0.1134 -0.9551 0.2738
vn -0.1645 -0.9552 0.2462
vn -0.2095 -0.9551 0.2095
vn -0.2467 -0.9550 0.1649
vn -0.2736 -0.9551 0.1133
vn -0.2903 -0.9552 0.0578
vn -0.0000 -0.8245 0.5658
vn -0.1104 -0.8246 0.5549
vn -0.2165 -0.8246 0.5227
vn -0.3144 -0.8245 0.4705
vn -0.4001 -0.8245 0.4001
vn -0.4705 -0.8245 0.3144
vn -0.5228 -0.8245 0.2165
vn -0.5550 -0.8245 0.1104
vn -0.0000 -0.1485 0.9889
vn -0.1929 -0.1485 0.9699
vn -0.3784 -0.1484 0.9137
vn -0.5494 -0.1485 0.8223
vn -0.6993 -0.1484 0.6993
vn -0.8223 -0.1484 0.5494
vn -0.9137 -0.1484 0.3784
vn -0.9699 -0.1484 0.1929
vn 0.9424 -0.2771 0.1874
vn 0.8877 -0.2771 0.3677
vn 0.7989 -0.2771 0.5338
vn 0.6794 -0.2771 0.6794
vn 0.5338 -0.2771 0.7989
vn 0.3677 -0.2771 0.8877
vn 0.1875 -0.2771 0.9424
vn 0.9164 -0.3564 0.1823
vn 0.8632 -0.3564 0.3576
vn 0.7769 -0.3564 0.5191
vn 0.6607 -0.3564 0.6607
vn 0.5191 -0.3564 0.7769
vn 0.3576 -0.3564 0.8632
vn 0.1823 -0.3564 0.9164
vn 0.8628 -0.4755 0.1716
vn 0.8127 -0.4756 0.3366
vn 0.7314 -0.4756 0.4887
vn 0.6220 -0.4756 0.6220
vn 0.4887 -0.4756 0.7314
vn 0.3366 -0.4756 0.8127
vn 0.1716 -0.4755 0.8628
vn 0.7451 -0.6502 0.1482
vn 0.7019 -0.6502 0.2908
vn 0.6318 -0.6502 0.4221
vn 0.5372 -0.6503 0.5372
vn 0.4221 -0.6502 0.6317
vn 0.2908 -0.6502 0.7019
vn 0.1482 -0.6502 0.7452
vn 0.5155 -0.8507 0.1026
vn 0.4856 -0.8507 0.2011
vn 0.4370 -0.8508 0.2920
vn 0.3717 -0.8507 0.3717
vn 0.2920 -0.8507 0.4370
vn 0.2012 -0.8507 0.4856
vn 0.1025 -0.8507 0.5155
vn 0.2904 -0.9552 0.0578
vn 0.2736 -0.9551 0.1133
vn 0.2467 -0.9550 0.1649
vn 0.2094 -0.9551 0.2094
vn 0.1649 -0.9550 0.2467
vn 0.1134 -0.9551 0.2739
vn 0.0578 -0.9552 0.2904
vn 0.5549 -0.8246 0.1104
vn 0.5228 -0.8245 0.2165
vn 0.4705 -0.8245 0.3144
vn 0.4001 -0.8245 0.4001
vn 0.3144 -0.8245 0.4705
vn 0.2165 -0.8246 0.5227
vn 0.1104 -0.8245 0.5550
vn 0.9699 -0.1484 0.1929
vn 0.9137 -0.1484 0.3784
vn 0.8223 -0.1485 0.5494
vn 0.6993 -0.1484 0.6993
vn 0.5494 -0.1484 0.8223
vn 0.3785 -0.1484 0.9136
vn 0.1929 -0.1485 0.9699
vn 0.9554 0.2954 -0.0000
vn 0.9370 0.2954 -0.1864
vn 0.8826 0.2954 -0.3656
vn 0.7944 0.2954 -0.5308
vn 0.6755 0.2954 -0.6756
vn 0.5308 0.2954 -0.7944
vn 0.3656 0.2954 -0.8826
vn 0.1864 0.2954 -0.9370
vn -0.0000 0.2954 -0.9554
vn 0.7012 0.7129 -0.0000
vn 0.6877 0.7130 -0.1368
vn 0.6479 0.7129 -0.2684
vn 0.5830 0.7130 -0.3895
vn 0.4958 0.7130 -0.4958
vn 0.3896 0.7129 -0.5831
vn 0.2683 0.7130 -0.6478
vn 0.1368 0.7129 -0.6878
vn -0.0000 0.7130 -0.7012
vn 0.4153 0.9097 -0.0000
vn 0.4073 0.9097 -0.0810
vn 0.3837 0.9097 -0.1589
vn 0.3454 0.9096 -0.2308
vn 0.2937 0.9097 -0.2937
vn 0.2308 0.9097 -0.3454
vn 0.1589 0.9097 -0.3836
vn 0.0810 0.9097 -0.4073
vn -0.0000 0.9097 -0.4153
vn 0.2240 0.9746 -0.0000
vn 0.2197 0.9746 -0.0437
vn 0.2070 0.9746 -0.0857
vn 0.1863 0.9746 -0.1245
vn 0.1584 0.9746 -0.1584
vn 0.1245 0.9746 -0.1863
vn 0.0857 0.9746 -0.2070
vn 0.0437 0.9746 -0.2197
vn -0.0000 0.9746 -0.2240
vn 0.1102 0.9939 -0.0000
vn 0.1081 0.9939 -0.0215
vn 0.1018 0.9939 -0.0422
vn 0.0916 0.9939 -0.0612
vn 0.0779 0.9939 -0.0779
vn 0.0612 0.9939 -0.0916
vn 0.0422 0.9939 -0.1018
vn 0.0215 0.9939 -0.1081
vn -0.0000 0.9939 -0.1102
vn 0.0447 0.9990 -0.0000
vn 0.0438 0.9990 -0.0087
vn 0.0413 0.9990 -0.0171
vn 0.0371 0.9990 -0.0248
vn 0.0316 0.9990 -0.0316
vn 0.0248 0.9990 -0.0371
vn 0.0171 0.9990 -0.0413
vn 0.0087 0.9990 -0.0438
vn -0.0000 0.9990 -0.0447
vn 0.0103 0.9999 -0.0000
vn 0.0101 0.9999 -0.0020
vn 0.0095 0.9999 -0.0039
vn 0.0085 0.9999 -0.0057
vn 0.0073 0.9999 -0.0073
vn 0.0057 0.9999 -0.0085
vn 0.0039 0.9999 -0.0095
vn 0.0020 0.9999 -0.0101
vn -0.0000 0.9999 -0.0103
vn -0.1864 0.2954 -0.9370
vn -0.3656 0.2954 -0.8826
vn -0.5307 0.2954 -0.7944
vn -0.6755 0.2954 -0.6756
vn -0.7944 0.2954 -0.5308
vn -0.8826 0.2954 -0.3656
vn -0.9370 0.2954 -0.1864
vn -0.9554 0.2954 -0.0000
vn -0.1368 0.7130 -0.6877
vn -0.2684 0.7129 -0.6479
vn -0.3896 0.7129 -0.5830
vn -0.4958 0.7130 -0.4958
vn -0.5831 0.7129 -0.3896
vn -0.6478 0.7130 -0.2683
vn -0.6877 0.7130 -0.1368
vn -0.7012 0.7130 -0.0000
vn -0.0810 0.9097 -0.4073
vn -0.1589 0.9097 -0.3836
vn -0.2307 0.9097 -0.3453
vn -0.2937 0.9097 -0.2937
vn -0.3454 0.9096 -0.2308
vn -0.3837 0.9097 -0.1589
vn -0.4073 0.9097 -0.0810
vn -0.4153 0.9097 -0.0000
vn -0.0437 0.9746 -0.2197
vn -0.0857 0.9746 -0.2070
vn -0.1245 0.9746 -0.1863
vn -0.1584 0.9746 -0.1584
vn -0.1863 0.9746 -0.1245
vn -0.2070 0.9746 -0.0857
vn -0.2197 0.9746 -0.0437
vn -0.2240 0.9746 -0.0000
vn -0.0215 0.9939 -0.1081
vn -0.0422 0.9939 -0.1018
vn -0.0612 0.9939 -0.0916
vn -0.0779 0.9939 -0.0779
vn -0.0916 0.9939 -0.0612
vn -0.1018 0.9939 -0.0422
vn -0.1081 0.9939 -0.0215
vn -0.1102 0.9939 -0.0000
vn -0.0087 0.9990 -0.0438
vn -0.0171 0.9990 -0.0413
vn -0.0248 0.9990 -0.0372
vn -0.0316 0.9990 -0.0316
vn -0.0371 0.9990 -0.0248
vn -0.0413 0.9990 -0.0171
vn -0.0438 0.9990 -0.0087
vn -0.0447 0.9990 -0.0000
vn -0.0020 0.9999 -0.0101
vn -0.0039 0.9999 -0.0095
vn -0.0057 0.9999 -0.0085
vn -0.0073 0.9999 -0.0073
vn -0.0085 0.9999 -0.0057
vn -0.0095 0.9999 -0.0039
vn -0.0101 0.9999 -0.0020
vn -0.0103 0.9999 -0.0000
vn -0.0000 0.2954 0.9554
vn -0.1864 0.2954 0.9370
vn -0.3656 0.2955 0.8826
vn -0.5308 0.2954 0.7944
vn -0.6755 0.2954 0.6756
vn -0.7944 0.2954 0.5308
vn -0.8826 0.2954 0.3656
vn -0.9370 0.2954 0.1864
vn -0.0000 0.7130 0.7012
vn -0.1368 0.7130 0.6877
vn -0.2683 0.7130 0.6478
vn -0.3896 0.7129 0.5831
vn -0.4958 0.7130 0.4958
vn -0.5831 0.7129 0.3896
vn -0.6478 0.7130 0.2683
vn -0.6877 0.7130 0.1368
vn -0.0000 0.9097 0.4154
vn -0.0810 0.9097 0.4073
vn -0.1589 0.9097 0.3838
vn -0.2307 0.9097 0.3453
vn -0.2937 0.9097 0.2937
vn -0.3454 0.9096 0.2308
vn -0.3837 0.9097 0.1589
vn -0.4073 0.9097 0.0810
vn -0.0000 0.9746 0.2240
vn -0.0437 0.9746 0.2197
vn -0.0857 0.9746 0.2070
vn -0.1245 0.9746 0.1863
vn -0.1584 0.9746 0.1584
vn -0.1863 0.9746 0.1245
vn -0.2070 0.9746 0.0857
vn -0.2197 0.9746 0.0437
vn -0.0000 0.9939 0.1102
vn -0.0215 0.9939 0.1081
vn -0.0422 0.9939 0.1018
vn -0.0612 0.9939 0.0916
vn -0.0779 0.9939 0.0779
vn -0.0916 0.9939 0.0612
vn -0.1018 0.9939 0.0422
vn -0.1081 0.9939 0.0215
vn -0.0000 0.9990 0.0447
vn -0.0087 0.9990 0.0438
vn -0.0171 0.9990 0.0413
vn -0.0248 0.9990 0.0371
vn -0.0316 0.9990 0.0316
vn -0.0371 0.9990 0.0248
vn -0.0413 0.9990 0.0171
vn -0.0438 0.9990 0.0087
vn -0.0000 0.9999 0.0103
vn -0.0020 0.9999 0.0101
vn -0.0039 0.9999 0.0095
vn -0.0057 0.9999 0.0085
vn -0.0073 0.9999 0.0073
vn -0.0085 0.9999 0.0057
vn -0.0095 0.9999 0.0039
vn -0.0101 0.9999 0.0020
vn 0.9370 0.2954 0.1864
vn 0.8826 0.2954 0.3656
vn 0.7944 0.2954 0.5308
vn 0.6756 0.2954 0.6755
vn 0.5308 0.2954 0.7944
vn 0.3656 0.2955 0.8826
vn 0.1864 0.2954 0.9370
vn 0.6877 0.7130 0.1368
vn 0.6479 0.7129 0.2684
vn 0.5830 0.7130 0.3896
vn 0.4959 0.7129 0.4958
vn 0.3896 0.7129 0.5831
vn 0.2683 0.7130 0.6478
vn 0.1368 0.7130 0.6877
vn 0.4073 0.9097 0.0810
vn 0.3838 0.9097 0.1589
vn 0.3454 0.9096 0.2308
vn 0.2937 0.9097 0.2937
vn 0.2308 0.9097 0.3453
vn 0.1590 0.9097 0.3837
vn 0.0810 0.9097 0.4074
vn 0.2197 0.9746 0.0437
vn 0.2070 0.9746 0.0857
vn 0.1863 0.9746 0.1245
vn 0.1584 0.9746 0.1584
vn 0.1245 0.9746 0.1863
vn 0.0857 0.9746 0.2070
vn 0.0437 0.9746 0.2197
vn 0.1081 0.9939 0.0215
vn 0.1018 0.9939 0.0422
vn 0.0916 0.9939 0.0612
vn 0.0779 0.9939 0.0779
vn 0.0612 0.9939 0.0916
vn 0.0422 0.9939 0.1018
vn 0.0215 0.9939 0.1081
vn 0.0438 0.9990 0.0087
vn 0.0413 0.9990 0.0171
vn 0.0371 0.9990 0.0248
vn 0.0316 0.9990 0.0316
vn 0.0248 0.9990 0.0371
vn 0.0171 0.9990 0.0413
vn 0.0087 0.9990 0.0438
vn 0.0101 0.9999 0.0020
vn 0.0095 0.9999 0.0039
vn 0.0085 0.9999 0.0057
vn 0.0073 0.9999 0.0073
vn 0.0057 0.9999 0.0085
vn 0.0039 0.9999 0.0095
vn 0.0020 0.9999 0.0101
vn -0.0133 -0.9999 -0.0000
vn -0.0130 -0.9999 0.0026
vn -0.0122 -0.9999 0.0051
vn -0.0110 -0.9999 0.0074
vn -0.0091 -0.9999 0.0091
vn -0.0071 -0.9999 0.0106
vn -0.0050 -0.9999 0.0119
vn -0.0025 -0.9999 0.0127
vn -0.0000 -0.9999 0.0133
vn -0.0642 -0.9979 -0.0000
vn -0.0630 -0.9979 0.0125
vn -0.0594 -0.9979 0.0246
vn -0.0534 -0.9979 0.0357
vn -0.0454 -0.9979 0.0454
vn -0.0357 -0.9979 0.0534
vn -0.0246 -0.9979 0.0594
vn -0.0125 -0.9979 0.0630
vn -0.0000 -0.9979 0.0643
vn -0.1823 -0.9832 -0.0000
vn -0.1788 -0.9832 0.0356
vn -0.1685 -0.9832 0.0698
vn -0.1516 -0.9832 0.1013
vn -0.1289 -0.9832 0.1289
vn -0.1013 -0.9832 0.1516
vn -0.0698 -0.9832 0.1685
vn -0.0356 -0.9832 0.1788
vn -0.0000 -0.9832 0.1823
vn -0.3951 -0.9186 -0.0000
vn -0.3875 -0.9186 0.0771
vn -0.3650 -0.9186 0.1512
vn -0.3285 -0.9186 0.2195
vn -0.2794 -0.9186 0.2794
vn -0.2195 -0.9187 0.3285
vn -0.1512 -0.9187 0.3650
vn -0.0771 -0.9186 0.3875
vn -0.0000 -0.9187 0.3951
vn -0.6643 -0.7475 -0.0000
vn -0.6516 -0.7474 0.1296
vn -0.6138 -0.7474 0.2542
vn -0.5524 -0.7474 0.3691
vn -0.4698 -0.7474 0.4698
vn -0.3691 -0.7474 0.5524
vn -0.2542 -0.7474 0.6138
vn -0.1296 -0.7474 0.6516
vn -0.0000 -0.7475 0.6642
vn -0.8606 -0.5092 -0.0000
vn -0.8440 -0.5094 0.1679
vn -0.7951 -0.5093 0.3293
vn -0.7155 -0.5094 0.4781
vn -0.6085 -0.5094 0.6085
vn -0.4781 -0.5093 0.7156
vn -0.3293 -0.5093 0.7951
vn -0.1679 -0.5094 0.8440
vn -0.0000 -0.5092 0.8606
vn -0.9464 -0.3230 -0.0000
vn -0.9282 -0.3231 0.1846
vn -0.8743 -0.3232 0.3621
vn -0.7869 -0.3231 0.5258
vn -0.6692 -0.3231 0.6692
vn -0.5258 -0.3230 0.7869
vn -0.3622 -0.3231 0.8743
vn -0.1846 -0.3231 0.9282
vn -0.0000 -0.3231 0.9464
vn -0.9756 -0.2195 -0.0000
vn -0.9569 -0.2195 0.1903
vn -0.9013 -0.2197 0.3733
vn -0.8112 -0.2196 0.5420
vn -0.6898 -0.2197 0.6899
vn -0.5420 -0.2196 0.8112
vn -0.3733 -0.2197 0.9013
vn -0.1903 -0.2196 0.9569
vn -0.0000 -0.2197 0.9756
vn 0.0025 -0.9999 0.0127
vn 0.0051 -0.9999 0.0122
vn 0.0071 -0.9999 0.0106
vn 0.0094 -0.9999 0.0094
vn 0.0110 -0.9999 0.0074
vn 0.0122 -0.9999 0.0051
vn 0.0130 -0.9999 0.0026
vn 0.0133 -0.9999 -0.0000
vn 0.0125 -0.9979 0.0630
vn 0.0246 -0.9979 0.0594
vn 0.0357 -0.9979 0.0534
vn 0.0454 -0.9979 0.0454
vn 0.0534 -0.9979 0.0357
vn 0.0594 -0.9979 0.0246
vn 0.0630 -0.9979 0.0125
vn 0.0642 -0.9979 -0.0000
vn 0.0356 -0.9832 0.1788
vn 0.0698 -0.9832 0.1685
vn 0.1013 -0.9832 0.1516
vn 0.1289 -0.9832 0.1289
vn 0.1516 -0.9832 0.1013
vn 0.1685 -0.9832 0.0698
vn 0.1788 -0.9832 0.0356
vn 0.1823 -0.9832 -0.0000
vn 0.0771 -0.9186 0.3875
vn 0.1512 -0.9187 0.3650
vn 0.2195 -0.9186 0.3285
vn 0.2794 -0.9186 0.2794
vn 0.3285 -0.9186 0.2195
vn 0.3650 -0.9186 0.1512
vn 0.3875 -0.9186 0.0771
vn 0.3951 -0.9186 -0.0000
vn 0.1296 -0.7474 0.6516
vn 0.2542 -0.7474 0.6138
vn 0.3691 -0.7474 0.5524
vn 0.4698 -0.7474 0.4698
vn 0.5524 -0.7474 0.3691
vn 0.6138 -0.7474 0.2542
vn 0.6516 -0.7474 0.1296
vn 0.6643 -0.7475 -0.0000
vn 0.1679 -0.5094 0.8440
vn 0.3293 -0.5093 0.7951
vn 0.4781 -0.5094 0.7155
vn 0.6085 -0.5094 0.6085
vn 0.7155 -0.5093 0.4781
vn 0.7950 -0.5093 0.3293
vn 0.8441 -0.5092 0.1679
vn 0.8606 -0.5092 -0.0000
vn 0.1846 -0.3231 0.9282
vn 0.3621 -0.3231 0.8743
vn 0.5258 -0.3231 0.7869
vn 0.6692 -0.3231 0.6692
vn 0.7869 -0.3230 0.5258
vn 0.8743 -0.3231 0.3621
vn 0.9282 -0.3231 0.1846
vn 0.9464 -0.3231 -0.0000
vn 0.1903 -0.2195 0.9569
vn 0.3733 -0.2197 0.9013
vn 0.5420 -0.2196 0.8112
vn 0.6898 -0.2198 0.6898
vn 0.8112 -0.2196 0.5420
vn 0.9013 -0.2197 0.3733
vn 0.9568 -0.2196 0.1903
vn 0.9756 -0.2196 -0.0000
vn -0.0000 -0.9999 -0.0129
vn 0.0025 -0.9999 -0.0127
vn 0.0050 -0.9999 -0.0119
vn 0.0071 -0.9999 -0.0106
vn 0.0094 -0.9999 -0.0094
vn 0.0110 -0.9999 -0.0074
vn 0.0122 -0.9999 -0.0051
vn 0.0130 -0.9999 -0.0026
vn -0.0000 -0.9979 -0.0643
vn 0.0125 -0.9979 -0.0630
vn 0.0246 -0.9979 -0.0594
vn 0.0357 -0.9979 -0.0534
vn 0.0454 -0.9979 -0.0454
vn 0.0534 -0.9979 -0.0357
vn 0.0594 -0.9979 -0.0246
vn 0.0630 -0.9979 -0.0125
vn -0.0000 -0.9832 -0.1823
vn 0.0356 -0.9832 -0.1788
vn 0.0698 -0.9832 -0.1685
vn 0.1013 -0.9832 -0.1516
vn 0.1289 -0.9832 -0.1289
vn 0.1516 -0.9832 -0.1013
vn 0.1685 -0.9832 -0.0698
vn 0.1788 -0.9832 -0.0356
vn -0.0000 -0.9186 -0.3951
vn 0.0771 -0.9187 -0.3875
vn 0.1512 -0.9187 -0.3650
vn 0.2195 -0.9186 -0.3285
vn 0.2794 -0.9186 -0.2794
vn 0.3285 -0.9186 -0.2195
vn 0.3649 -0.9187 -0.1512
vn 0.3875 -0.9186 -0.0771
vn -0.0000 -0.7475 -0.6643
vn 0.1296 -0.7474 -0.6516
vn 0.2542 -0.7474 -0.6138
vn 0.3691 -0.7474 -0.5524
vn 0.4698 -0.7474 -0.4698
vn 0.5524 -0.7474 -0.3691
vn 0.6138 -0.7474 -0.2542
vn 0.6516 -0.7474 -0.1296
vn -0.0000 -0.5093 -0.8606
vn 0.1679 -0.5093 -0.8440
vn 0.3293 -0.5093 -0.7951
vn 0.4781 -0.5093 -0.7156
vn 0.6085 -0.5093 -0.6086
vn 0.7155 -0.5093 -0.4781
vn 0.7951 -0.5093 -0.3293
vn 0.8441 -0.5092 -0.1679
vn -0.0000 -0.3231 -0.9464
vn 0.1846 -0.3231 -0.9282
vn 0.3622 -0.3231 -0.8743
vn 0.5258 -0.3231 -0.7869
vn 0.6692 -0.3231 -0.6692
vn 0.7869 -0.3230 -0.5258
vn 0.8743 -0.3231 -0.3622
vn 0.9282 -0.3231 -0.1846
vn -0.0000 -0.2196 -0.9756
vn 0.1903 -0.2197 -0.9568
vn 0.3733 -0.2197 -0.9013
vn 0.5420 -0.2196 -0.8112
vn 0.6899 -0.2197 -0.6898
vn 0.8112 -0.2196 -0.5420
vn 0.9013 -0.2198 -0.3733
vn 0.9568 -0.2196 -0.1903
vn -0.0130 -0.9999 -0.0026
vn -0.0122 -0.9999 -0.0051
vn -0.0110 -0.9999 -0.0074
vn -0.0094 -0.9999 -0.0094
vn -0.0074 -0.9999 -0.0110
vn -0.0050 -0.9999 -0.0119
vn -0.0025 -0.9999 -0.0127
vn -0.0630 -0.9979 -0.0125
vn -0.0594 -0.9979 -0.0246
vn -0.0534 -0.9979 -0.0357
vn -0.0454 -0.9979 -0.0454
vn -0.0357 -0.9979 -0.0534
vn -0.0246 -0.9979 -0.0594
vn -0.0125 -0.9979 -0.0630
vn -0.1788 -0.9832 -0.0356
vn -0.1685 -0.9832 -0.0698
vn -0.1516 -0.9832 -0.1013
vn -0.1289 -0.9832 -0.1289
vn -0.1013 -0.9832 -0.1516
vn -0.0698 -0.9832 -0.1685
vn -0.0356 -0.9832 -0.1788
vn -0.3875 -0.9186 -0.0771
vn -0.3650 -0.9187 -0.1512
vn -0.3285 -0.9186 -0.2195
vn -0.2794 -0.9186 -0.2794
vn -0.2195 -0.9186 -0.3285
vn -0.1512 -0.9187 -0.3650
vn -0.0771 -0.9186 -0.3875
vn -0.6516 -0.7474 -0.1296
vn -0.6138 -0.7474 -0.2542
vn -0.5524 -0.7474 -0.3691
vn -0.4698 -0.7474 -0.4698
vn -0.3691 -0.7474 -0.5524
vn -0.2542 -0.7474 -0.6138
vn -0.1296 -0.7474 -0.6516
vn -0.8440 -0.5094 -0.1679
vn -0.7951 -0.5093 -0.3293
vn -0.7156 -0.5093 -0.4781
vn -0.6086 -0.5093 -0.6085
vn -0.4781 -0.5093 -0.7156
vn -0.3293 -0.5093 -0.7951
vn -0.1679 -0.5092 -0.8441
vn -0.9282 -0.3231 -0.1846
vn -0.8743 -0.3232 -0.3622
vn -0.7869 -0.3231 -0.5258
vn -0.6692 -0.3231 -0.6692
vn -0.5258 -0.3230 -0.7869
vn -0.3622 -0.3231 -0.8743
vn -0.1846 -0.3231 -0.9282
vn -0.9569 -0.2195 -0.1903
vn -0.9013 -0.2197 -0.3733
vn -0.8112 -0.2196 -0.5420
vn -0.6898 -0.2197 -0.6898
vn -0.5420 -0.2197 -0.8112
vn -0.3733 -0.2197 -0.9013
vn -0.1903 -0.2197 -0.9568
vn -0.8350 -0.5503 -0.0000
vn -0.8189 -0.5503 0.1629
vn -0.7713 -0.5504 0.3195
vn -0.6942 -0.5503 0.4639
vn -0.5904 -0.5503 0.5904
vn -0.4639 -0.5504 0.6942
vn -0.3195 -0.5504 0.7714
vn -0.1629 -0.5503 0.8189
vn -0.0000 -0.5503 0.8350
vn -0.2402 -0.9707 -0.0000
vn -0.2356 -0.9707 0.0469
vn -0.2219 -0.9707 0.0919
vn -0.1997 -0.9707 0.1334
vn -0.1698 -0.9707 0.1698
vn -0.1334 -0.9707 0.1997
vn -0.0919 -0.9707 0.2219
vn -0.0469 -0.9707 0.2356
vn -0.0000 -0.9707 0.2402
vn 0.4126 -0.9109 -0.0000
vn 0.4047 -0.9109 -0.0805
vn 0.3811 -0.9110 -0.1579
vn 0.3431 -0.9109 -0.2291
vn 0.2918 -0.9109 -0.2918
vn 0.2292 -0.9110 -0.3430
vn 0.1579 -0.9110 -0.3811
vn 0.0805 -0.9109 -0.4047
vn -0.0000 -0.9109 -0.4126
vn 0.4698 -0.7474 -0.4697
vn 0.2543 -0.7474 -0.6138
vn 0.7625 -0.6470 -0.0000
vn 0.7478 -0.6470 -0.1487
vn 0.7044 -0.6471 -0.2917
vn 0.6340 -0.6470 -0.4236
vn 0.5391 -0.6471 -0.5391
vn 0.4236 -0.6470 -0.6340
vn 0.2919 -0.6470 -0.7044
vn 0.1488 -0.6470 -0.7478
vn -0.0000 -0.6470 -0.7625
vn 0.8091 -0.5877 -0.0000
vn 0.7935 -0.5878 -0.1578
vn 0.7475 -0.5877 -0.3096
vn 0.6728 -0.5877 -0.4494
vn 0.5722 -0.5877 -0.5721
vn 0.4495 -0.5878 -0.6727
vn 0.3096 -0.5877 -0.7475
vn 0.1579 -0.5877 -0.7935
vn 0.0001 -0.5877 -0.8091
vn 0.8341 -0.5516 -0.0000
vn 0.8181 -0.5516 -0.1627
vn 0.7706 -0.5517 -0.3192
vn 0.6935 -0.5516 -0.4634
vn 0.5898 -0.5516 -0.5898
vn 0.4634 -0.5517 -0.6935
vn 0.3192 -0.5516 -0.7706
vn 0.1627 -0.5516 -0.8181
vn -0.0000 -0.5516 -0.8341
vn 0.8480 -0.5300 -0.0000
vn 0.8316 -0.5302 -0.1653
vn 0.7833 -0.5301 -0.3246
vn 0.7051 -0.5300 -0.4711
vn 0.5997 -0.5301 -0.5994
vn 0.4711 -0.5301 -0.7050
vn 0.3245 -0.5301 -0.7834
vn 0.1655 -0.5300 -0.8317
vn 0.0001 -0.5301 -0.8479
vn 0.1629 -0.5503 0.8189
vn 0.3195 -0.5504 0.7714
vn 0.4639 -0.5503 0.6942
vn 0.5904 -0.5503 0.5904
vn 0.6942 -0.5503 0.4639
vn 0.7713 -0.5504 0.3195
vn 0.8189 -0.5503 0.1629
vn 0.8350 -0.5503 -0.0000
vn 0.0469 -0.9707 0.2356
vn 0.0919 -0.9707 0.2219
vn 0.1334 -0.9707 0.1997
vn 0.1698 -0.9707 0.1698
vn 0.1997 -0.9707 0.1334
vn 0.2219 -0.9707 0.0919
vn 0.2356 -0.9707 0.0469
vn 0.2402 -0.9707 -0.0000
vn -0.0805 -0.9109 -0.4047
vn -0.1579 -0.9110 -0.3811
vn -0.2292 -0.9109 -0.3431
vn -0.2917 -0.9109 -0.2918
vn -0.3431 -0.9109 -0.2293
vn -0.3812 -0.9109 -0.1579
vn -0.4047 -0.9109 -0.0805
vn -0.4126 -0.9109 -0.0000
vn -0.3690 -0.7474 -0.5524
vn -0.4697 -0.7474 -0.4698
vn -0.6137 -0.7475 -0.2543
vn -0.6642 -0.7475 -0.0000
vn -0.1487 -0.6471 -0.7478
vn -0.2918 -0.6470 -0.7044
vn -0.4236 -0.6470 -0.6340
vn -0.5391 -0.6471 -0.5391
vn -0.6340 -0.6470 -0.4236
vn -0.7044 -0.6470 -0.2918
vn -0.7478 -0.6470 -0.1488
vn -0.7625 -0.6470 -0.0000
vn -0.1578 -0.5877 -0.7935
vn -0.3096 -0.5877 -0.7475
vn -0.4495 -0.5878 -0.6727
vn -0.5721 -0.5877 -0.5721
vn -0.6727 -0.5877 -0.4495
vn -0.7475 -0.5877 -0.3096
vn -0.7935 -0.5877 -0.1579
vn -0.8091 -0.5877 0.0001
vn -0.1627 -0.5516 -0.8181
vn -0.3192 -0.5516 -0.7706
vn -0.4634 -0.5516 -0.6935
vn -0.5898 -0.5516 -0.5898
vn -0.6935 -0.5516 -0.4634
vn -0.7706 -0.5517 -0.3192
vn -0.8181 -0.5516 -0.1627
vn -0.8341 -0.5516 -0.0000
vn -0.1654 -0.5300 -0.8317
vn -0.3245 -0.5301 -0.7834
vn -0.4711 -0.5300 -0.7051
vn -0.5996 -0.5300 -0.5996
vn -0.7049 -0.5301 -0.4712
vn -0.7834 -0.5301 -0.3245
vn -0.8315 -0.5302 -0.1656
vn -0.8480 -0.5300 -0.0000
vn -0.0000 -0.5504 -0.8349
vn 0.1629 -0.5503 -0.8189
vn 0.3195 -0.5504 -0.7714
vn 0.4639 -0.5503 -0.6942
vn 0.5904 -0.5504 -0.5904
vn 0.6942 -0.5504 -0.4639
vn 0.7714 -0.5503 -0.3195
vn 0.8189 -0.5503 -0.1629
vn -0.0000 -0.9707 -0.2402
vn 0.0469 -0.9707 -0.2356
vn 0.0919 -0.9707 -0.2219
vn 0.1334 -0.9707 -0.1997
vn 0.1698 -0.9707 -0.1698
vn 0.1997 -0.9707 -0.1334
vn 0.2219 -0.9707 -0.0919
vn 0.2356 -0.9707 -0.0469
vn -0.0000 -0.9109 0.4127
vn -0.0805 -0.9109 0.4047
vn -0.1579 -0.9109 0.3812
vn -0.2292 -0.9109 0.3431
vn -0.2918 -0.9109 0.2918
vn -0.3431 -0.9109 0.2293
vn -0.3812 -0.9109 0.1579
vn -0.4047 -0.9109 0.0805
vn -0.0000 -0.7475 0.6643
vn -0.4696 -0.7475 0.4698
vn -0.0000 -0.6470 0.7625
vn -0.1488 -0.6470 0.7478
vn -0.2918 -0.6470 0.7044
vn -0.4236 -0.6470 0.6340
vn -0.5391 -0.6471 0.5391
vn -0.6340 -0.6470 0.4236
vn -0.7044 -0.6471 0.2918
vn -0.7478 -0.6470 0.1487
vn 0.0001 -0.5877 0.8091
vn -0.1578 -0.5877 0.7935
vn -0.3096 -0.5877 0.7475
vn -0.4495 -0.5878 0.6727
vn -0.5721 -0.5877 0.5721
vn -0.6727 -0.5878 0.4495
vn -0.7475 -0.5877 0.3096
vn -0.7935 -0.5878 0.1578
vn -0.0000 -0.5516 0.8341
vn -0.1627 -0.5516 0.8181
vn -0.3192 -0.5516 0.7706
vn -0.4634 -0.5517 0.6935
vn -0.5898 -0.5516 0.5898
vn -0.6935 -0.5516 0.4634
vn -0.7706 -0.5517 0.3192
vn -0.8181 -0.5516 0.1627
vn -0.0000 -0.5302 0.8479
vn -0.1653 -0.5301 0.8317
vn -0.3245 -0.5301 0.7834
vn -0.4711 -0.5300 0.7051
vn -0.5996 -0.5301 0.5996
vn -0.7051 -0.5300 0.4711
vn -0.7834 -0.5301 0.3245
vn -0.8317 -0.5300 0.1654
vn -0.8189 -0.5503 -0.1629
vn -0.7714 -0.5503 -0.3195
vn -0.6943 -0.5503 -0.4639
vn -0.5904 -0.5504 -0.5904
vn -0.4639 -0.5504 -0.6942
vn -0.3195 -0.5503 -0.7714
vn -0.1629 -0.5503 -0.8189
vn -0.2356 -0.9707 -0.0469
vn -0.2219 -0.9707 -0.0919
vn -0.1997 -0.9707 -0.1334
vn -0.1698 -0.9707 -0.1698
vn -0.1334 -0.9707 -0.1997
vn -0.0919 -0.9707 -0.2219
vn -0.0469 -0.9707 -0.2356
vn 0.4047 -0.9109 0.0805
vn 0.3812 -0.9109 0.1579
vn 0.3431 -0.9109 0.2293
vn 0.2918 -0.9109 0.2918
vn 0.2293 -0.9109 0.3430
vn 0.1579 -0.9109 0.3812
vn 0.0805 -0.9109 0.4047
vn 0.4698 -0.7475 0.4696
vn 0.7478 -0.6470 0.1488
vn 0.7044 -0.6471 0.2918
vn 0.6340 -0.6470 0.4236
vn 0.5391 -0.6471 0.5391
vn 0.4236 -0.6470 0.6340
vn 0.2918 -0.6470 0.7044
vn 0.1487 -0.6470 0.7478
vn 0.7935 -0.5878 0.1578
vn 0.7475 -0.5877 0.3096
vn 0.6727 -0.5878 0.4495
vn 0.5721 -0.5877 0.5721
vn 0.4495 -0.5878 0.6727
vn 0.3096 -0.5877 0.7475
vn 0.1578 -0.5877 0.7936
vn 0.8181 -0.5516 0.1627
vn 0.7706 -0.5516 0.3192
vn 0.6935 -0.5517 0.4634
vn 0.5898 -0.5516 0.5898
vn 0.4634 -0.5517 0.6935
vn 0.3192 -0.5517 0.7705
vn 0.1627 -0.5516 0.8181
vn 0.8316 -0.5302 0.1653
vn 0.7834 -0.5301 0.3245
vn 0.7051 -0.5300 0.4711
vn 0.5996 -0.5301 0.5996
vn 0.4711 -0.5300 0.7051
vn 0.3245 -0.5301 0.7834
vn 0.1654 -0.5300 0.8317
vn 0.4336 -0.9011 -0.0000
vn 0.4253 -0.9011 -0.0846
vn 0.4006 -0.9011 -0.1659
vn 0.3605 -0.9011 -0.2409
vn 0.3066 -0.9011 -0.3066
vn 0.2409 -0.9011 -0.3605
vn 0.1659 -0.9011 -0.4006
vn 0.0846 -0.9011 -0.4252
vn -0.0000 -0.9011 -0.4336
vn 0.2922 -0.9564 -0.0000
vn 0.2866 -0.9564 -0.0570
vn 0.2700 -0.9564 -0.1118
vn 0.2430 -0.9563 -0.1624
vn 0.2067 -0.9563 -0.2067
vn 0.1624 -0.9563 -0.2430
vn 0.1118 -0.9564 -0.2700
vn 0.0570 -0.9564 -0.2866
vn -0.0000 -0.9563 -0.2923
vn 0.2219 -0.9751 -0.0000
vn 0.2176 -0.9751 -0.0433
vn 0.2050 -0.9751 -0.0849
vn 0.1845 -0.9751 -0.1233
vn 0.1569 -0.9751 -0.1569
vn 0.1233 -0.9751 -0.1845
vn 0.0849 -0.9751 -0.2050
vn 0.0433 -0.9751 -0.2176
vn -0.0000 -0.9751 -0.2219
vn 0.1750 -0.9846 -0.0000
vn 0.1717 -0.9846 -0.0341
vn 0.1617 -0.9846 -0.0670
vn 0.1455 -0.9846 -0.0972
vn 0.1238 -0.9846 -0.1238
vn 0.0972 -0.9846 -0.1455
vn 0.0670 -0.9846 -0.1617
vn 0.0341 -0.9846 -0.1717
vn -0.0000 -0.9846 -0.1750
vn 0.1365 -0.9906 -0.0000
vn 0.1339 -0.9906 -0.0266
vn 0.1261 -0.9906 -0.0522
vn 0.1135 -0.9906 -0.0758
vn 0.0965 -0.9906 -0.0965
vn 0.0758 -0.9906 -0.1135
vn 0.0522 -0.9906 -0.1261
vn 0.0266 -0.9906 -0.1339
vn -0.0000 -0.9906 -0.1365
vn 0.0988 -0.9951 -0.0000
vn 0.0969 -0.9951 -0.0193
vn 0.0913 -0.9951 -0.0378
vn 0.0822 -0.9951 -0.0549
vn 0.0699 -0.9951 -0.0699
vn 0.0549 -0.9951 -0.0822
vn 0.0378 -0.9951 -0.0913
vn 0.0193 -0.9951 -0.0969
vn -0.0000 -0.9951 -0.0988
vn 0.0560 -0.9984 -0.0000
vn 0.0549 -0.9984 -0.0109
vn 0.0517 -0.9984 -0.0214
vn 0.0466 -0.9984 -0.0311
vn 0.0396 -0.9984 -0.0396
vn 0.0311 -0.9984 -0.0465
vn 0.0214 -0.9984 -0.0517
vn 0.0109 -0.9984 -0.0549
vn -0.0000 -0.9984 -0.0560
vn -0.0846 -0.9011 -0.4253
vn -0.1659 -0.9011 -0.4006
vn -0.2409 -0.9011 -0.3605
vn -0.3066 -0.9011 -0.3066
vn -0.3605 -0.9011 -0.2409
vn -0.4006 -0.9011 -0.1659
vn -0.4252 -0.9011 -0.0846
vn -0.4336 -0.9011 -0.0000
vn -0.0570 -0.9564 -0.2866
vn -0.1118 -0.9564 -0.2700
vn -0.1624 -0.9563 -0.2430
vn -0.2066 -0.9563 -0.2067
vn -0.2430 -0.9563 -0.1624
vn -0.2700 -0.9564 -0.1118
vn -0.2866 -0.9564 -0.0570
vn -0.2923 -0.9563 -0.0000
vn -0.0433 -0.9751 -0.2176
vn -0.0849 -0.9751 -0.2050
vn -0.1233 -0.9751 -0.1845
vn -0.1569 -0.9751 -0.1569
vn -0.1845 -0.9751 -0.1233
vn -0.2050 -0.9751 -0.0849
vn -0.2176 -0.9751 -0.0433
vn -0.2219 -0.9751 -0.0000
vn -0.0341 -0.9846 -0.1717
vn -0.0670 -0.9846 -0.1617
vn -0.0972 -0.9846 -0.1455
vn -0.1238 -0.9846 -0.1238
vn -0.1455 -0.9846 -0.0972
vn -0.1617 -0.9846 -0.0670
vn -0.1717 -0.9846 -0.0341
vn -0.1750 -0.9846 -0.0000
vn -0.0266 -0.9906 -0.1339
vn -0.0522 -0.9906 -0.1261
vn -0.0758 -0.9906 -0.1135
vn -0.0965 -0.9906 -0.0965
vn -0.1135 -0.9906 -0.0758
vn -0.1261 -0.9906 -0.0522
vn -0.1339 -0.9906 -0.0266
vn -0.1365 -0.9906 -0.0000
vn -0.0193 -0.9951 -0.0969
vn -0.0378 -0.9951 -0.0913
vn -0.0549 -0.9951 -0.0822
vn -0.0699 -0.9951 -0.0699
vn -0.0822 -0.9951 -0.0549
vn -0.0913 -0.9951 -0.0378
vn -0.0969 -0.9951 -0.0193
vn -0.0988 -0.9951 -0.0000
vn -0.0109 -0.9984 -0.0549
vn -0.0214 -0.9984 -0.0517
vn -0.0311 -0.9984 -0.0465
vn -0.0396 -0.9984 -0.0396
vn -0.0465 -0.9984 -0.0311
vn -0.0517 -0.9984 -0.0214
vn -0.0549 -0.9984 -0.0109
vn -0.0560 -0.9984 -0.0000
vn -0.0000 -0.9011 0.4336
vn -0.0846 -0.9011 0.4252
vn -0.1659 -0.9011 0.4006
vn -0.2409 -0.9011 0.3605
vn -0.3066 -0.9011 0.3066
vn -0.3605 -0.9011 0.2409
vn -0.4006 -0.9011 0.1659
vn -0.4252 -0.9011 0.0846
vn -0.0000 -0.9563 0.2923
vn -0.0570 -0.9564 0.2866
vn -0.1118 -0.9564 0.2700
vn -0.1624 -0.9563 0.2430
vn -0.2067 -0.9563 0.2067
vn -0.2430 -0.9563 0.1624
vn -0.2700 -0.9564 0.1118
vn -0.2866 -0.9564 0.0570
vn -0.0000 -0.9751 0.2219
vn -0.0433 -0.9751 0.2176
vn -0.0849 -0.9751 0.2050
vn -0.1233 -0.9751 0.1845
vn -0.1569 -0.9751 0.1569
vn -0.1845 -0.9751 0.1233
vn -0.2050 -0.9751 0.0849
vn -0.2176 -0.9751 0.0433
vn -0.0000 -0.9846 0.1750
vn -0.0341 -0.9846 0.1717
vn -0.0670 -0.9846 0.1617
vn -0.0972 -0.9846 0.1455
vn -0.1238 -0.9846 0.1238
vn -0.1455 -0.9846 0.0972
vn -0.1617 -0.9846 0.0670
vn -0.1717 -0.9846 0.0341
vn -0.0000 -0.9906 0.1365
vn -0.0266 -0.9906 0.1339
vn -0.0522 -0.9906 0.1261
vn -0.0758 -0.9906 0.1135
vn -0.0965 -0.9906 0.0965
vn -0.1135 -0.9906 0.0758
vn -0.1261 -0.9906 0.0522
vn -0.1339 -0.9906 0.0266
vn -0.0000 -0.9951 0.0988
vn -0.0193 -0.9951 0.0969
vn -0.0378 -0.9951 0.0913
vn -0.0549 -0.9951 0.0822
vn -0.0699 -0.9951 0.0699
vn -0.0822 -0.9951 0.0549
vn -0.0913 -0.9951 0.0378
vn -0.0969 -0.9951 0.0193
vn -0.0000 -0.9984 0.0560
vn -0.0109 -0.9984 0.0549
vn -0.0214 -0.9984 0.0517
vn -0.0311 -0.9984 0.0465
vn -0.0396 -0.9984 0.0396
vn -0.0465 -0.9984 0.0311
vn -0.0517 -0.9984 0.0214
vn -0.0549 -0.9984 0.0109
vn 0.4252 -0.9011 0.0846
vn 0.4006 -0.9011 0.1659
vn 0.3605 -0.9011 0.2409
vn 0.3066 -0.9011 0.3066
vn 0.2409 -0.9011 0.3605
vn 0.1659 -0.9011 0.4006
vn 0.0846 -0.9011 0.4252
vn 0.2866 -0.9564 0.0570
vn 0.2700 -0.9564 0.1118
vn 0.2430 -0.9563 0.1624
vn 0.2067 -0.9563 0.2067
vn 0.1624 -0.9563 0.2430
vn 0.1118 -0.9564 0.2700
vn 0.0570 -0.9564 0.2866
vn 0.2176 -0.9751 0.0433
vn 0.2050 -0.9751 0.0849
vn 0.1845 -0.9751 0.1233
vn 0.1569 -0.9751 0.1569
vn 0.1233 -0.9751 0.1845
vn 0.0849 -0.9751 0.2050
vn 0.0433 -0.9751 0.2176
vn 0.1717 -0.9846 0.0341
vn 0.1617 -0.9846 0.0670
vn 0.1455 -0.9846 0.0972
vn 0.1238 -0.9846 0.1238
vn 0.0972 -0.9846 0.1455
vn 0.0670 -0.9846 0.1617
vn 0.0341 -0.9846 0.1717
vn 0.1339 -0.9906 0.0266
vn 0.1261 -0.9906 0.0522
vn 0.1135 -0.9906 0.0758
vn 0.0965 -0.9906 0.0965
vn 0.0758 -0.9906 0.1135
vn 0.0522 -0.9906 0.1261
vn 0.0266 -0.9906 0.1339
vn 0.0969 -0.9951 0.0193
vn 0.0913 -0.9951 0.0378
vn 0.0822 -0.9951 0.0549
vn 0.0699 -0.9951 0.0699
vn 0.0549 -0.9951 0.0822
vn 0.0378 -0.9951 0.0913
vn 0.0193 -0.9951 0.0969
vn 0.0549 -0.9984 0.0109
vn 0.0517 -0.9984 0.0214
vn 0.0465 -0.9984 0.0311
vn 0.0396 -0.9984 0.0396
vn 0.0311 -0.9984 0.0465
vn 0.0214 -0.9984 0.0517
vn 0.0109 -0.9984 0.0549
vt 0.139648 0.728968
vt 0.125000 0.729004
vt 0.125000 0.710379
vt 0.139648 0.710307
vt 0.154297 0.728870
vt 0.154297 0.710104
vt 0.168945 0.728716
vt 0.168945 0.709787
vt 0.183594 0.728516
vt 0.183594 0.709375
vt 0.198242 0.728283
vt 0.198242 0.708897
vt 0.212891 0.728049
vt 0.212891 0.708414
vt 0.227539 0.727860
vt 0.227539 0.708027
vt 0.242188 0.727783
vt 0.242188 0.707868
vt 0.125000 0.693708
vt 0.139648 0.693602
vt 0.154297 0.693306
vt 0.168945 0.692845
vt 0.183594 0.692243
vt 0.198242 0.691547
vt 0.212891 0.690842
vt 0.227539 0.690277
vt 0.242188 0.690046
vt 0.125000 0.678572
vt 0.139648 0.678442
vt 0.154297 0.678081
vt 0.168945 0.677519
vt 0.183594 0.676786
vt 0.198242 0.675937
vt 0.212891 0.675078
vt 0.227539 0.674389
vt 0.242188 0.674107
vt 0.125000 0.664551
vt 0.139648 0.664414
vt 0.154297 0.664033
vt 0.168945 0.663441
vt 0.183594 0.662667
vt 0.198242 0.661772
vt 0.212891 0.660866
vt 0.227539 0.660139
vt 0.242188 0.659842
vt 0.125000 0.651228
vt 0.139648 0.651106
vt 0.154297 0.650768
vt 0.168945 0.650241
vt 0.183594 0.649553
vt 0.198242 0.648758
vt 0.212891 0.647952
vt 0.227539 0.647307
vt 0.242188 0.647042
vt 0.125000 0.638184
vt 0.139648 0.638106
vt 0.154297 0.637888
vt 0.168945 0.637550
vt 0.183594 0.637109
vt 0.198242 0.636599
vt 0.212891 0.636082
vt 0.227539 0.635668
vt 0.242188 0.635498
vt 0.125000 0.625000
vt 0.139648 0.625000
vt 0.154297 0.625000
vt 0.168945 0.625000
vt 0.183594 0.625000
vt 0.198242 0.625000
vt 0.212891 0.625000
vt 0.227539 0.625000
vt 0.242188 0.625000
vt 0.125000 0.743883
vt 0.139648 0.744390
vt 0.154297 0.744416
vt 0.164005 0.744047
vt 0.168945 0.743849
vt 0.183594 0.742708
vt 0.198242 0.741082
vt 0.211935 0.739392
vt 0.212891 0.739289
vt 0.227539 0.737665
vt 0.242188 0.736338
vt 0.139648 0.745386
vt 0.125000 0.744879
vt 0.139648 0.746381
vt 0.125000 0.745874
vt 0.139648 0.747377
vt 0.125000 0.746870
vt 0.154297 0.745411
vt 0.154297 0.746407
vt 0.154297 0.747402
vt 0.164005 0.745042
vt 0.164005 0.746037
vt 0.164005 0.747033
vt 0.168945 0.744844
vt 0.168945 0.745840
vt 0.168945 0.746835
vt 0.183594 0.743704
vt 0.183594 0.744699
vt 0.183594 0.745694
vt 0.198242 0.742077
vt 0.198242 0.743072
vt 0.198242 0.744068
vt 0.211935 0.740388
vt 0.211935 0.741383
vt 0.211935 0.742378
vt 0.212891 0.740284
vt 0.212891 0.741279
vt 0.212891 0.742275
vt 0.227539 0.738660
vt 0.227539 0.739655
vt 0.227539 0.740651
vt 0.242188 0.737333
vt 0.242188 0.738328
vt 0.242188 0.739324
vt 0.110352 0.728968
vt 0.110352 0.710307
vt 0.095703 0.728870
vt 0.095703 0.710104
vt 0.081055 0.728716
vt 0.081055 0.709787
vt 0.066406 0.728516
vt 0.066406 0.709375
vt 0.051758 0.728283
vt 0.051758 0.708897
vt 0.037109 0.728049
vt 0.037109 0.708414
vt 0.022461 0.727860
vt 0.022461 0.708027
vt 0.007812 0.727783
vt 0.007812 0.707868
vt 0.110352 0.693602
vt 0.095703 0.693306
vt 0.081055 0.692845
vt 0.066406 0.692243
vt 0.051758 0.691547
vt 0.037109 0.690842
vt 0.022461 0.690277
vt 0.007812 0.690046
vt 0.110352 0.678442
vt 0.095703 0.678081
vt 0.081055 0.677519
vt 0.066406 0.676786
vt 0.051758 0.675937
vt 0.037109 0.675078
vt 0.022461 0.674389
vt 0.007812 0.674107
vt 0.110352 0.664414
vt 0.095703 0.664033
vt 0.081055 0.663441
vt 0.066406 0.662667
vt 0.051758 0.661772
vt 0.037109 0.660866
vt 0.022461 0.660139
vt 0.007812 0.659842
vt 0.110352 0.651106
vt 0.095703 0.650768
vt 0.081055 0.650241
vt 0.066406 0.649553
vt 0.051758 0.648758
vt 0.037109 0.647952
vt 0.022461 0.647307
vt 0.007812 0.647042
vt 0.110352 0.638106
vt 0.095703 0.637888
vt 0.081055 0.637550
vt 0.066406 0.637109
vt 0.051758 0.636599
vt 0.037109 0.636082
vt 0.022461 0.635668
vt 0.007812 0.635498
vt 0.110352 0.625000
vt 0.095703 0.625000
vt 0.081055 0.625000
vt 0.066406 0.625000
vt 0.051758 0.625000
vt 0.037109 0.625000
vt 0.022461 0.625000
vt 0.007812 0.625000
vt 0.110352 0.744390
vt 0.095703 0.744416
vt 0.085996 0.744047
vt 0.081055 0.743849
vt 0.066406 0.742708
vt 0.051758 0.741082
vt 0.038065 0.739392
vt 0.037109 0.739289
vt 0.022461 0.737665
vt 0.007812 0.736338
vt 0.110352 0.745386
vt 0.110352 0.746381
vt 0.110352 0.747377
vt 0.095703 0.745411
vt 0.095703 0.746407
vt 0.095703 0.747402
vt 0.085996 0.745042
vt 0.085996 0.746037
vt 0.085996 0.747033
vt 0.081055 0.744844
vt 0.081055 0.745840
vt 0.081055 0.746835
vt 0.066406 0.743704
vt 0.066406 0.744699
vt 0.066406 0.745694
vt 0.051758 0.742077
vt 0.051758 0.743072
vt 0.051758 0.744068
vt 0.038065 0.740388
vt 0.038065 0.741383
vt 0.038065 0.742378
vt 0.037109 0.740284
vt 0.037109 0.741279
vt 0.037109 0.742275
vt 0.022461 0.738660
vt 0.022461 0.739655
vt 0.022461 0.740651
vt 0.007812 0.737333
vt 0.007812 0.738328
vt 0.007812 0.739324
vt 0.125000 0.612549
vt 0.139648 0.612629
vt 0.154297 0.612853
vt 0.168945 0.613200
vt 0.183594 0.613649
vt 0.198242 0.614162
vt 0.212891 0.614671
vt 0.227539 0.615071
vt 0.242188 0.615233
vt 0.125000 0.599722
vt 0.139648 0.599834
vt 0.154297 0.600145
vt 0.168945 0.600626
vt 0.183594 0.601245
vt 0.198242 0.601951
vt 0.212891 0.602649
vt 0.227539 0.603197
vt 0.242188 0.603418
vt 0.125000 0.586411
vt 0.139648 0.586518
vt 0.154297 0.586816
vt 0.168945 0.587274
vt 0.183594 0.587861
vt 0.198242 0.588526
vt 0.212891 0.589181
vt 0.227539 0.589692
vt 0.242188 0.589898
vt 0.125000 0.572505
vt 0.139648 0.572585
vt 0.154297 0.572805
vt 0.168945 0.573142
vt 0.183594 0.573569
vt 0.198242 0.574046
vt 0.212891 0.574512
vt 0.227539 0.574873
vt 0.242188 0.575018
vt 0.125000 0.557895
vt 0.139648 0.557938
vt 0.154297 0.558054
vt 0.168945 0.558226
vt 0.183594 0.558439
vt 0.198242 0.558670
vt 0.212891 0.558888
vt 0.227539 0.559054
vt 0.242188 0.559120
vt 0.125000 0.542473
vt 0.139648 0.542481
vt 0.154297 0.542501
vt 0.168945 0.542525
vt 0.183594 0.542545
vt 0.198242 0.542556
vt 0.212891 0.542557
vt 0.227539 0.542551
vt 0.242188 0.542547
vt 0.125000 0.526127
vt 0.139648 0.526117
vt 0.154297 0.526086
vt 0.168945 0.526033
vt 0.183594 0.525958
vt 0.198242 0.525863
vt 0.212891 0.525762
vt 0.227539 0.525678
vt 0.242188 0.525643
vt 0.242188 0.515890
vt 0.227539 0.516648
vt 0.212891 0.516293
vt 0.207329 0.516232
vt 0.198242 0.515491
vt 0.183594 0.514371
vt 0.174702 0.513945
vt 0.168945 0.513021
vt 0.154297 0.511633
vt 0.139648 0.511237
vt 0.139498 0.511240
vt 0.125000 0.511367
vt 0.227539 0.515615
vt 0.242188 0.514857
vt 0.227539 0.514583
vt 0.242188 0.513825
vt 0.227539 0.513550
vt 0.242188 0.512792
vt 0.212891 0.515260
vt 0.212891 0.514227
vt 0.212891 0.513195
vt 0.207329 0.515200
vt 0.207329 0.514167
vt 0.207329 0.513134
vt 0.198242 0.514458
vt 0.198242 0.513426
vt 0.198242 0.512393
vt 0.183594 0.513338
vt 0.183594 0.512306
vt 0.183594 0.511273
vt 0.174702 0.512912
vt 0.174702 0.511880
vt 0.174702 0.510847
vt 0.168945 0.511989
vt 0.168945 0.510956
vt 0.168945 0.509923
vt 0.154297 0.510600
vt 0.154297 0.509567
vt 0.154297 0.508535
vt 0.139648 0.510204
vt 0.139648 0.509171
vt 0.139648 0.508139
vt 0.139498 0.510208
vt 0.139498 0.509175
vt 0.139498 0.508142
vt 0.125000 0.510334
vt 0.125000 0.509302
vt 0.125000 0.508269
vt 0.110352 0.612629
vt 0.095703 0.612853
vt 0.081055 0.613200
vt 0.066406 0.613649
vt 0.051758 0.614162
vt 0.037109 0.614671
vt 0.022461 0.615071
vt 0.007812 0.615233
vt 0.110352 0.599834
vt 0.095703 0.600145
vt 0.081055 0.600626
vt 0.066406 0.601245
vt 0.051758 0.601951
vt 0.037109 0.602649
vt 0.022461 0.603197
vt 0.007812 0.603418
vt 0.110352 0.586518
vt 0.095703 0.586816
vt 0.081055 0.587274
vt 0.066406 0.587861
vt 0.051758 0.588526
vt 0.037109 0.589181
vt 0.022461 0.589692
vt 0.007812 0.589898
vt 0.110352 0.572585
vt 0.095703 0.572805
vt 0.081055 0.573142
vt 0.066406 0.573569
vt 0.051758 0.574046
vt 0.037109 0.574512
vt 0.022461 0.574873
vt 0.007812 0.575018
vt 0.110352 0.557938
vt 0.095703 0.558054
vt 0.081055 0.558226
vt 0.066406 0.558439
vt 0.051758 0.558670
vt 0.037109 0.558888
vt 0.022461 0.559054
vt 0.007812 0.559120
vt 0.110352 0.542481
vt 0.095703 0.542501
vt 0.081055 0.542525
vt 0.066406 0.542545
vt 0.051758 0.542556
vt 0.037109 0.542557
vt 0.022461 0.542551
vt 0.007812 0.542547
vt 0.110352 0.526117
vt 0.095703 0.526086
vt 0.081055 0.526033
vt 0.066406 0.525958
vt 0.051758 0.525863
vt 0.037109 0.525762
vt 0.022461 0.525678
vt 0.007812 0.525643
vt 0.007812 0.515890
vt 0.022461 0.516648
vt 0.037109 0.516293
vt 0.042671 0.516232
vt 0.051758 0.515491
vt 0.066406 0.514371
vt 0.075298 0.513945
vt 0.081055 0.513021
vt 0.095703 0.511633
vt 0.110352 0.511237
vt 0.110502 0.511240
vt 0.022461 0.515615
vt 0.007812 0.514857
vt 0.022461 0.514583
vt 0.007812 0.513825
vt 0.022461 0.513550
vt 0.007812 0.512792
vt 0.037109 0.515260
vt 0.037109 0.514227
vt 0.037109 0.513195
vt 0.042671 0.515200
vt 0.042671 0.514167
vt 0.042671 0.513134
vt 0.051758 0.514458
vt 0.051758 0.513426
vt 0.051758 0.512393
vt 0.066406 0.513338
vt 0.066406 0.512306
vt 0.066406 0.511273
vt 0.075298 0.512912
vt 0.075298 0.511880
vt 0.075298 0.510847
vt 0.081055 0.511989
vt 0.081055 0.510956
vt 0.081055 0.509923
vt 0.095703 0.510600
vt 0.095703 0.509567
vt 0.095703 0.508535
vt 0.110352 0.510204
vt 0.110352 0.509171
vt 0.110352 0.508139
vt 0.110502 0.510208
vt 0.110502 0.509175
vt 0.110502 0.508142
vt 0.765625 0.750000
vt 0.750000 0.750000
vt 0.750000 0.744980
vt 0.765625 0.744907
vt 0.781250 0.750000
vt 0.781250 0.744717
vt 0.796875 0.750000
vt 0.796875 0.744484
vt 0.812500 0.750000
vt 0.812500 0.744282
vt 0.828125 0.750000
vt 0.828125 0.744148
vt 0.843750 0.750000
vt 0.843750 0.744076
vt 0.859375 0.750000
vt 0.859375 0.744037
vt 0.875000 0.750000
vt 0.875000 0.744021
vt 0.750000 0.740245
vt 0.765625 0.740148
vt 0.781250 0.739898
vt 0.796875 0.739591
vt 0.812500 0.739322
vt 0.828125 0.739139
vt 0.843750 0.739037
vt 0.859375 0.738981
vt 0.875000 0.738957
vt 0.750000 0.735700
vt 0.765625 0.735614
vt 0.781250 0.735395
vt 0.796875 0.735128
vt 0.812500 0.734889
vt 0.828125 0.734719
vt 0.843750 0.734617
vt 0.859375 0.734559
vt 0.875000 0.734537
vt 0.750000 0.731250
vt 0.765625 0.731195
vt 0.781250 0.731063
vt 0.796875 0.730901
vt 0.812500 0.730750
vt 0.828125 0.730631
vt 0.843750 0.730550
vt 0.859375 0.730502
vt 0.875000 0.730485
vt 0.750000 0.726800
vt 0.765625 0.726784
vt 0.781250 0.726754
vt 0.796875 0.726718
vt 0.812500 0.726674
vt 0.828125 0.726621
vt 0.843750 0.726572
vt 0.859375 0.726539
vt 0.875000 0.726529
vt 0.750000 0.722255
vt 0.765625 0.722271
vt 0.781250 0.722322
vt 0.796875 0.722386
vt 0.812500 0.722428
vt 0.828125 0.722433
vt 0.843750 0.722414
vt 0.859375 0.722398
vt 0.875000 0.722395
vt 0.750000 0.717520
vt 0.765625 0.717546
vt 0.781250 0.717619
vt 0.796875 0.717711
vt 0.812500 0.717781
vt 0.828125 0.717811
vt 0.843750 0.717812
vt 0.859375 0.717808
vt 0.875000 0.717810
vt 0.750000 0.712500
vt 0.765625 0.712500
vt 0.781250 0.712500
vt 0.796875 0.712500
vt 0.812500 0.712500
vt 0.828125 0.712500
vt 0.843750 0.712500
vt 0.859375 0.712500
vt 0.875000 0.712500
vt 1.000000 0.744980
vt 1.000000 0.750000
vt 0.984375 0.750000
vt 0.984375 0.744907
vt 0.968750 0.750000
vt 0.968750 0.744717
vt 0.953125 0.750000
vt 0.953125 0.744484
vt 0.937500 0.750000
vt 0.937500 0.744282
vt 0.921875 0.750000
vt 0.921875 0.744148
vt 0.906250 0.750000
vt 0.906250 0.744076
vt 0.890625 0.750000
vt 0.890625 0.744037
vt 1.000000 0.740245
vt 0.984375 0.740148
vt 0.968750 0.739898
vt 0.953125 0.739591
vt 0.937500 0.739322
vt 0.921875 0.739139
vt 0.906250 0.739037
vt 0.890625 0.738981
vt 1.000000 0.735700
vt 0.984375 0.735614
vt 0.968750 0.735395
vt 0.953125 0.735128
vt 0.937500 0.734889
vt 0.921875 0.734719
vt 0.906250 0.734617
vt 0.890625 0.734559
vt 1.000000 0.731250
vt 0.984375 0.731195
vt 0.968750 0.731063
vt 0.953125 0.730901
vt 0.937500 0.730750
vt 0.921875 0.730631
vt 0.906250 0.730550
vt 0.890625 0.730502
vt 1.000000 0.726800
vt 0.984375 0.726784
vt 0.968750 0.726754
vt 0.953125 0.726718
vt 0.937500 0.726674
vt 0.921875 0.726621
vt 0.906250 0.726572
vt 0.890625 0.726539
vt 1.000000 0.722255
vt 0.984375 0.722271
vt 0.968750 0.722322
vt 0.953125 0.722386
vt 0.937500 0.722428
vt 0.921875 0.722433
vt 0.906250 0.722414
vt 0.890625 0.722398
vt 1.000000 0.717520
vt 0.984375 0.717546
vt 0.968750 0.717619
vt 0.953125 0.717711
vt 0.937500 0.717781
vt 0.921875 0.717811
vt 0.906250 0.717812
vt 0.890625 0.717808
vt 1.000000 0.712500
vt 0.984375 0.712500
vt 0.968750 0.712500
vt 0.953125 0.712500
vt 0.937500 0.712500
vt 0.921875 0.712500
vt 0.906250 0.712500
vt 0.890625 0.712500
vt 0.750000 0.692954
vt 0.765625 0.692948
vt 0.781250 0.692888
vt 0.796875 0.692751
vt 0.812500 0.692568
vt 0.828125 0.692380
vt 0.843750 0.692220
vt 0.859375 0.692109
vt 0.875000 0.692066
vt 0.750000 0.670778
vt 0.765625 0.670707
vt 0.781250 0.670492
vt 0.796875 0.670167
vt 0.812500 0.669802
vt 0.828125 0.669462
vt 0.843750 0.669188
vt 0.859375 0.669004
vt 0.875000 0.668935
vt 0.750000 0.646402
vt 0.765625 0.646238
vt 0.781250 0.645830
vt 0.796875 0.645311
vt 0.812500 0.644792
vt 0.828125 0.644344
vt 0.843750 0.644000
vt 0.859375 0.643779
vt 0.875000 0.643699
vt 0.750000 0.620260
vt 0.765625 0.620004
vt 0.781250 0.619420
vt 0.796875 0.618746
vt 0.812500 0.618125
vt 0.828125 0.617621
vt 0.843750 0.617254
vt 0.859375 0.617028
vt 0.875000 0.616950
vt 0.750000 0.592781
vt 0.765625 0.592465
vt 0.781250 0.591778
vt 0.796875 0.591034
vt 0.812500 0.590389
vt 0.828125 0.589892
vt 0.843750 0.589548
vt 0.859375 0.589345
vt 0.875000 0.589278
vt 0.750000 0.564397
vt 0.765625 0.564083
vt 0.781250 0.563423
vt 0.796875 0.562737
vt 0.812500 0.562171
vt 0.828125 0.561755
vt 0.843750 0.561478
vt 0.859375 0.561323
vt 0.875000 0.561274
vt 0.750000 0.535540
vt 0.765625 0.535321
vt 0.781250 0.534871
vt 0.796875 0.534419
vt 0.812500 0.534059
vt 0.828125 0.533805
vt 0.843750 0.533643
vt 0.859375 0.533557
vt 0.875000 0.533532
vt 0.750000 0.532169
vt 0.765625 0.530242
vt 0.768323 0.530160
vt 0.779714 0.529356
vt 0.781250 0.528957
vt 0.793321 0.527643
vt 0.796875 0.527026
vt 0.812009 0.526253
vt 0.812500 0.526188
vt 0.828125 0.525659
vt 0.830110 0.525780
vt 0.843750 0.525042
vt 0.844334 0.525092
vt 0.851286 0.524716
vt 0.859375 0.523377
vt 0.875000 0.523569
vt 0.750000 0.529887
vt 0.765625 0.527960
vt 0.750000 0.527605
vt 0.765625 0.525678
vt 0.750000 0.525323
vt 0.765625 0.523395
vt 0.768323 0.527878
vt 0.768323 0.525595
vt 0.768323 0.523313
vt 0.779714 0.527073
vt 0.779714 0.524791
vt 0.779714 0.522509
vt 0.781250 0.526674
vt 0.781250 0.524392
vt 0.781250 0.522110
vt 0.793321 0.525361
vt 0.793321 0.523078
vt 0.793321 0.520796
vt 0.796875 0.524744
vt 0.796875 0.522462
vt 0.796875 0.520180
vt 0.812009 0.523971
vt 0.812009 0.521689
vt 0.812009 0.519406
vt 0.812500 0.523906
vt 0.812500 0.521624
vt 0.812500 0.519342
vt 0.828125 0.523377
vt 0.828125 0.521095
vt 0.828125 0.518813
vt 0.830110 0.523498
vt 0.830110 0.521215
vt 0.830110 0.518933
vt 0.843750 0.522760
vt 0.843750 0.520478
vt 0.843750 0.518196
vt 0.844334 0.522810
vt 0.844334 0.520527
vt 0.844334 0.518245
vt 0.851286 0.522434
vt 0.851286 0.520151
vt 0.851286 0.517869
vt 0.859375 0.521095
vt 0.859375 0.518812
vt 0.859375 0.516530
vt 0.875000 0.521286
vt 0.875000 0.519004
vt 0.875000 0.516722
vt 1.000000 0.692954
vt 0.984375 0.692948
vt 0.968750 0.692888
vt 0.953125 0.692751
vt 0.937500 0.692568
vt 0.921875 0.692380
vt 0.906250 0.692220
vt 0.890625 0.692109
vt 1.000000 0.670778
vt 0.984375 0.670707
vt 0.968750 0.670492
vt 0.953125 0.670167
vt 0.937500 0.669802
vt 0.921875 0.669462
vt 0.906250 0.669188
vt 0.890625 0.669004
vt 1.000000 0.646402
vt 0.984375 0.646238
vt 0.968750 0.645830
vt 0.953125 0.645311
vt 0.937500 0.644792
vt 0.921875 0.644344
vt 0.906250 0.644000
vt 0.890625 0.643779
vt 1.000000 0.620260
vt 0.984375 0.620004
vt 0.968750 0.619420
vt 0.953125 0.618746
vt 0.937500 0.618125
vt 0.921875 0.617621
vt 0.906250 0.617254
vt 0.890625 0.617028
vt 1.000000 0.592781
vt 0.984375 0.592465
vt 0.968750 0.591778
vt 0.953125 0.591034
vt 0.937500 0.590389
vt 0.921875 0.589892
vt 0.906250 0.589548
vt 0.890625 0.589345
vt 1.000000 0.564397
vt 0.984375 0.564083
vt 0.968750 0.563423
vt 0.953125 0.562737
vt 0.937500 0.562171
vt 0.921875 0.561755
vt 0.906250 0.561478
vt 0.890625 0.561323
vt 1.000000 0.535540
vt 0.984375 0.535321
vt 0.968750 0.534871
vt 0.953125 0.534419
vt 0.937500 0.534059
vt 0.921875 0.533805
vt 0.906250 0.533643
vt 0.890625 0.533557
vt 0.984375 0.530242
vt 1.000000 0.532169
vt 0.981677 0.530160
vt 0.970286 0.529356
vt 0.968750 0.528957
vt 0.956679 0.527643
vt 0.953125 0.527026
vt 0.937991 0.526253
vt 0.937500 0.526188
vt 0.921875 0.525659
vt 0.919890 0.525780
vt 0.906250 0.525042
vt 0.905666 0.525092
vt 0.898714 0.524716
vt 0.890625 0.523377
vt 1.000000 0.529887
vt 0.984375 0.527960
vt 1.000000 0.527605
vt 0.984375 0.525678
vt 1.000000 0.525323
vt 0.984375 0.523395
vt 0.981677 0.527878
vt 0.981677 0.525595
vt 0.981677 0.523313
vt 0.970286 0.527073
vt 0.970286 0.524791
vt 0.970286 0.522509
vt 0.968750 0.526674
vt 0.968750 0.524392
vt 0.968750 0.522110
vt 0.956679 0.525361
vt 0.956679 0.523078
vt 0.956679 0.520796
vt 0.953125 0.524744
vt 0.953125 0.522462
vt 0.953125 0.520180
vt 0.937991 0.523971
vt 0.937991 0.521689
vt 0.937991 0.519406
vt 0.937500 0.523906
vt 0.937500 0.521624
vt 0.937500 0.519342
vt 0.921875 0.523377
vt 0.921875 0.521095
vt 0.921875 0.518813
vt 0.919890 0.523498
vt 0.919890 0.521215
vt 0.919890 0.518933
vt 0.906250 0.522760
vt 0.906250 0.520478
vt 0.906250 0.518196
vt 0.905666 0.522810
vt 0.905666 0.520527
vt 0.905666 0.518245
vt 0.898714 0.522434
vt 0.898714 0.520151
vt 0.898714 0.517869
vt 0.890625 0.521095
vt 0.890625 0.518812
vt 0.890625 0.516530
vt 0.375000 0.625000
vt 0.375000 0.607039
vt 0.378504 0.607384
vt 0.381873 0.608406
vt 0.384979 0.610066
vt 0.387700 0.612300
vt 0.389934 0.615022
vt 0.391594 0.618127
vt 0.392616 0.621496
vt 0.392961 0.625000
vt 0.375000 0.589044
vt 0.382015 0.589735
vt 0.388760 0.591781
vt 0.394976 0.595104
vt 0.400425 0.599575
vt 0.404896 0.605024
vt 0.408219 0.611240
vt 0.410265 0.617985
vt 0.410956 0.625000
vt 0.375000 0.571505
vt 0.385436 0.572533
vt 0.395472 0.575577
vt 0.404720 0.580521
vt 0.412827 0.587173
vt 0.419479 0.595280
vt 0.424423 0.604528
vt 0.427467 0.614564
vt 0.428495 0.625000
vt 0.375000 0.554912
vt 0.388673 0.556259
vt 0.401821 0.560247
vt 0.413939 0.566724
vt 0.424560 0.575441
vt 0.433276 0.586061
vt 0.439753 0.598179
vt 0.443741 0.611327
vt 0.445088 0.625000
vt 0.375000 0.539756
vt 0.391630 0.541394
vt 0.407621 0.546245
vt 0.422359 0.554123
vt 0.435276 0.564724
vt 0.445877 0.577641
vt 0.453755 0.592379
vt 0.458606 0.608370
vt 0.460244 0.625000
vt 0.375000 0.526528
vt 0.394211 0.528420
vt 0.412684 0.534023
vt 0.429708 0.543123
vt 0.444631 0.555369
vt 0.456877 0.570292
vt 0.465977 0.587316
vt 0.471580 0.605789
vt 0.473473 0.625000
vt 0.375000 0.515716
vt 0.396320 0.517816
vt 0.416821 0.524035
vt 0.435715 0.534134
vt 0.452275 0.547725
vt 0.465866 0.564285
vt 0.475965 0.583179
vt 0.482184 0.603680
vt 0.484284 0.625000
vt 0.375000 0.507812
vt 0.397862 0.510064
vt 0.419846 0.516733
vt 0.440106 0.527562
vt 0.457864 0.542136
vt 0.472438 0.559894
vt 0.483267 0.580154
vt 0.489936 0.602138
vt 0.492188 0.625000
vt 0.392616 0.628504
vt 0.391594 0.631873
vt 0.389934 0.634978
vt 0.387700 0.637700
vt 0.384979 0.639934
vt 0.381873 0.641594
vt 0.378504 0.642616
vt 0.375000 0.642961
vt 0.410265 0.632015
vt 0.408219 0.638760
vt 0.404896 0.644976
vt 0.400425 0.650425
vt 0.394976 0.654896
vt 0.388760 0.658219
vt 0.382015 0.660265
vt 0.375000 0.660956
vt 0.427467 0.635436
vt 0.424423 0.645472
vt 0.419479 0.654720
vt 0.412827 0.662827
vt 0.404720 0.669479
vt 0.395472 0.674423
vt 0.385436 0.677467
vt 0.375000 0.678495
vt 0.443741 0.638673
vt 0.439753 0.651821
vt 0.433276 0.663939
vt 0.424560 0.674559
vt 0.413939 0.683276
vt 0.401821 0.689753
vt 0.388673 0.693741
vt 0.375000 0.695088
vt 0.458606 0.641630
vt 0.453755 0.657621
vt 0.445877 0.672359
vt 0.435276 0.685276
vt 0.422359 0.695878
vt 0.407621 0.703755
vt 0.391630 0.708606
vt 0.375000 0.710244
vt 0.471580 0.644211
vt 0.465977 0.662684
vt 0.456877 0.679708
vt 0.444631 0.694631
vt 0.429708 0.706877
vt 0.412684 0.715977
vt 0.394211 0.721580
vt 0.375000 0.723472
vt 0.482184 0.646320
vt 0.475965 0.666821
vt 0.465866 0.685715
vt 0.452275 0.702275
vt 0.435715 0.715866
vt 0.416821 0.725965
vt 0.396320 0.732184
vt 0.375000 0.734284
vt 0.489936 0.647862
vt 0.483267 0.669846
vt 0.472438 0.690106
vt 0.457864 0.707864
vt 0.440106 0.722438
vt 0.419846 0.733267
vt 0.397862 0.739936
vt 0.375000 0.742188
vt 0.357039 0.625000
vt 0.357384 0.628504
vt 0.358406 0.631873
vt 0.360066 0.634978
vt 0.362300 0.637700
vt 0.365021 0.639934
vt 0.368127 0.641594
vt 0.371496 0.642616
vt 0.339044 0.625000
vt 0.339735 0.632015
vt 0.341781 0.638760
vt 0.345104 0.644976
vt 0.349575 0.650425
vt 0.355024 0.654896
vt 0.361240 0.658219
vt 0.367985 0.660265
vt 0.321505 0.625000
vt 0.322533 0.635436
vt 0.325577 0.645472
vt 0.330521 0.654720
vt 0.337173 0.662827
vt 0.345280 0.669479
vt 0.354528 0.674423
vt 0.364564 0.677467
vt 0.304912 0.625000
vt 0.306259 0.638673
vt 0.310247 0.651821
vt 0.316724 0.663939
vt 0.325440 0.674559
vt 0.336061 0.683276
vt 0.348179 0.689753
vt 0.361327 0.693741
vt 0.289756 0.625000
vt 0.291394 0.641630
vt 0.296245 0.657621
vt 0.304123 0.672359
vt 0.314724 0.685276
vt 0.327641 0.695878
vt 0.342379 0.703755
vt 0.358370 0.708606
vt 0.276527 0.625000
vt 0.278420 0.644211
vt 0.284023 0.662684
vt 0.293123 0.679708
vt 0.305369 0.694631
vt 0.320292 0.706877
vt 0.337316 0.715977
vt 0.355789 0.721580
vt 0.265716 0.625000
vt 0.267816 0.646320
vt 0.274035 0.666821
vt 0.284134 0.685715
vt 0.297725 0.702275
vt 0.314285 0.715866
vt 0.333179 0.725965
vt 0.353680 0.732184
vt 0.257812 0.625000
vt 0.260064 0.647862
vt 0.266733 0.669846
vt 0.277562 0.690106
vt 0.292136 0.707864
vt 0.309894 0.722438
vt 0.330154 0.733267
vt 0.352138 0.739936
vt 0.371496 0.607384
vt 0.368127 0.608406
vt 0.365021 0.610066
vt 0.362300 0.612300
vt 0.360066 0.615022
vt 0.358406 0.618127
vt 0.357384 0.621496
vt 0.367985 0.589735
vt 0.361240 0.591781
vt 0.355024 0.595104
vt 0.349575 0.599575
vt 0.345104 0.605024
vt 0.341781 0.611240
vt 0.339735 0.617985
vt 0.364564 0.572533
vt 0.354528 0.575577
vt 0.345280 0.580521
vt 0.337173 0.587173
vt 0.330521 0.595280
vt 0.325577 0.604528
vt 0.322533 0.614564
vt 0.361327 0.556259
vt 0.348179 0.560247
vt 0.336061 0.566724
vt 0.325440 0.575441
vt 0.316724 0.586061
vt 0.310247 0.598179
vt 0.306259 0.611327
vt 0.358370 0.541394
vt 0.342379 0.546245
vt 0.327641 0.554123
vt 0.314724 0.564724
vt 0.304123 0.577641
vt 0.296245 0.592379
vt 0.291394 0.608370
vt 0.355789 0.528420
vt 0.337316 0.534023
vt 0.320292 0.543123
vt 0.305369 0.555369
vt 0.293123 0.570292
vt 0.284023 0.587316
vt 0.278420 0.605789
vt 0.353680 0.517816
vt 0.333179 0.524035
vt 0.314285 0.534134
vt 0.297725 0.547725
vt 0.284134 0.564285
vt 0.274035 0.583179
vt 0.267816 0.603680
vt 0.352138 0.510064
vt 0.330154 0.516733
vt 0.309894 0.527562
vt 0.292136 0.542136
vt 0.277562 0.559894
vt 0.266733 0.580154
vt 0.260064 0.602138
vt 0.628517 0.607318
vt 0.625000 0.606971
vt 0.625000 0.597476
vt 0.630370 0.598005
vt 0.631899 0.608343
vt 0.635533 0.599571
vt 0.635016 0.610010
vt 0.640292 0.602114
vt 0.637748 0.612252
vt 0.644463 0.605537
vt 0.639990 0.614984
vt 0.647886 0.609708
vt 0.641657 0.618101
vt 0.650429 0.614467
vt 0.642682 0.621483
vt 0.651995 0.619630
vt 0.643029 0.625000
vt 0.652524 0.625000
vt 0.625000 0.584938
vt 0.632816 0.585708
vt 0.640331 0.587987
vt 0.647257 0.591690
vt 0.653328 0.596672
vt 0.658310 0.602743
vt 0.662012 0.609669
vt 0.664292 0.617184
vt 0.665062 0.625000
vt 0.625000 0.570465
vt 0.635639 0.571513
vt 0.645870 0.574617
vt 0.655298 0.579656
vt 0.663562 0.586438
vt 0.670344 0.594702
vt 0.675384 0.604131
vt 0.678487 0.614361
vt 0.679535 0.625000
vt 0.625000 0.555164
vt 0.638624 0.556506
vt 0.651725 0.560480
vt 0.663799 0.566934
vt 0.674381 0.575619
vt 0.683066 0.586201
vt 0.689520 0.598275
vt 0.693494 0.611376
vt 0.694836 0.625000
vt 0.625000 0.540142
vt 0.641555 0.541772
vt 0.657474 0.546601
vt 0.672145 0.554443
vt 0.685004 0.564996
vt 0.695557 0.577855
vt 0.703399 0.592526
vt 0.708228 0.608445
vt 0.709858 0.625000
vt 0.625000 0.526504
vt 0.644216 0.528397
vt 0.662693 0.534002
vt 0.679721 0.543104
vt 0.694647 0.555353
vt 0.706896 0.570279
vt 0.715998 0.587307
vt 0.721603 0.605784
vt 0.723496 0.625000
vt 0.625000 0.515359
vt 0.646390 0.517466
vt 0.666958 0.523705
vt 0.685913 0.533837
vt 0.702528 0.547472
vt 0.716163 0.564087
vt 0.726295 0.583042
vt 0.732534 0.603610
vt 0.734641 0.625000
vt 0.625000 0.507812
vt 0.647862 0.510064
vt 0.669846 0.516733
vt 0.690106 0.527562
vt 0.707864 0.542136
vt 0.722438 0.559894
vt 0.733267 0.580154
vt 0.739936 0.602138
vt 0.742188 0.625000
vt 0.642682 0.628517
vt 0.651995 0.630370
vt 0.641657 0.631899
vt 0.650429 0.635533
vt 0.639990 0.635016
vt 0.647886 0.640292
vt 0.637748 0.637748
vt 0.644463 0.644463
vt 0.635016 0.639990
vt 0.640292 0.647886
vt 0.631899 0.641657
vt 0.635533 0.650429
vt 0.628517 0.642682
vt 0.630370 0.651995
vt 0.625000 0.643029
vt 0.625000 0.652524
vt 0.664292 0.632816
vt 0.662012 0.640331
vt 0.658310 0.647257
vt 0.653328 0.653328
vt 0.647257 0.658310
vt 0.640331 0.662013
vt 0.632816 0.664292
vt 0.625000 0.665062
vt 0.678487 0.635639
vt 0.675384 0.645869
vt 0.670344 0.655298
vt 0.663562 0.663562
vt 0.655298 0.670344
vt 0.645869 0.675384
vt 0.635639 0.678487
vt 0.625000 0.679535
vt 0.693494 0.638624
vt 0.689520 0.651725
vt 0.683066 0.663799
vt 0.674381 0.674381
vt 0.663799 0.683066
vt 0.651725 0.689520
vt 0.638624 0.693494
vt 0.625000 0.694836
vt 0.708228 0.641555
vt 0.703399 0.657474
vt 0.695557 0.672145
vt 0.685004 0.685004
vt 0.672145 0.695557
vt 0.657474 0.703399
vt 0.641555 0.708228
vt 0.625000 0.709858
vt 0.721603 0.644216
vt 0.715998 0.662693
vt 0.706896 0.679721
vt 0.694647 0.694647
vt 0.679721 0.706896
vt 0.662693 0.715998
vt 0.644216 0.721603
vt 0.625000 0.723496
vt 0.732534 0.646390
vt 0.726295 0.666958
vt 0.716163 0.685913
vt 0.702528 0.702528
vt 0.685913 0.716163
vt 0.666958 0.726295
vt 0.646390 0.732534
vt 0.625000 0.734641
vt 0.739936 0.647862
vt 0.733267 0.669846
vt 0.722438 0.690106
vt 0.707864 0.707864
vt 0.690106 0.722438
vt 0.669846 0.733267
vt 0.647862 0.739936
vt 0.625000 0.742188
vt 0.597476 0.625000
vt 0.606971 0.625000
vt 0.607318 0.628517
vt 0.598005 0.630370
vt 0.608343 0.631899
vt 0.599571 0.635533
vt 0.610010 0.635016
vt 0.602114 0.640292
vt 0.612252 0.637748
vt 0.605537 0.644463
vt 0.614984 0.639990
vt 0.609708 0.647886
vt 0.618101 0.641657
vt 0.614467 0.650429
vt 0.621483 0.642682
vt 0.619630 0.651995
vt 0.584938 0.625000
vt 0.585708 0.632816
vt 0.587988 0.640331
vt 0.591690 0.647257
vt 0.596672 0.653328
vt 0.602743 0.658310
vt 0.609669 0.662013
vt 0.617184 0.664292
vt 0.570465 0.625000
vt 0.571513 0.635639
vt 0.574616 0.645869
vt 0.579656 0.655298
vt 0.586438 0.663562
vt 0.594702 0.670344
vt 0.604131 0.675384
vt 0.614361 0.678487
vt 0.555164 0.625000
vt 0.556506 0.638624
vt 0.560480 0.651725
vt 0.566934 0.663799
vt 0.575619 0.674381
vt 0.586201 0.683066
vt 0.598275 0.689520
vt 0.611376 0.693494
vt 0.540142 0.625000
vt 0.541772 0.641555
vt 0.546601 0.657474
vt 0.554443 0.672145
vt 0.564996 0.685004
vt 0.577855 0.695557
vt 0.592526 0.703399
vt 0.608445 0.708228
vt 0.526504 0.625000
vt 0.528397 0.644216
vt 0.534002 0.662693
vt 0.543104 0.679721
vt 0.555353 0.694647
vt 0.570279 0.706896
vt 0.587307 0.715998
vt 0.605784 0.721603
vt 0.515359 0.625000
vt 0.517466 0.646390
vt 0.523705 0.666958
vt 0.533837 0.685913
vt 0.547472 0.702528
vt 0.564087 0.716163
vt 0.583042 0.726295
vt 0.603610 0.732534
vt 0.507812 0.625000
vt 0.510064 0.647862
vt 0.516733 0.669846
vt 0.527562 0.690106
vt 0.542136 0.707864
vt 0.559894 0.722438
vt 0.580154 0.733267
vt 0.602138 0.739936
vt 0.621483 0.607318
vt 0.619630 0.598005
vt 0.618101 0.608343
vt 0.614467 0.599571
vt 0.614984 0.610010
vt 0.609708 0.602114
vt 0.612252 0.612252
vt 0.605537 0.605537
vt 0.610010 0.614984
vt 0.602114 0.609708
vt 0.608343 0.618101
vt 0.599571 0.614467
vt 0.607318 0.621483
vt 0.598005 0.619630
vt 0.617184 0.585708
vt 0.609669 0.587987
vt 0.602743 0.591690
vt 0.596672 0.596672
vt 0.591690 0.602743
vt 0.587988 0.609669
vt 0.585708 0.617184
vt 0.614361 0.571513
vt 0.604130 0.574617
vt 0.594702 0.579656
vt 0.586438 0.586438
vt 0.579656 0.594702
vt 0.574616 0.604131
vt 0.571513 0.614361
vt 0.611376 0.556506
vt 0.598275 0.560480
vt 0.586201 0.566934
vt 0.575619 0.575619
vt 0.566934 0.586201
vt 0.560480 0.598275
vt 0.556506 0.611376
vt 0.608445 0.541772
vt 0.592526 0.546601
vt 0.577855 0.554443
vt 0.564996 0.564996
vt 0.554443 0.577855
vt 0.546601 0.592526
vt 0.541772 0.608445
vt 0.605784 0.528397
vt 0.587307 0.534002
vt 0.570279 0.543104
vt 0.555353 0.555353
vt 0.543104 0.570279
vt 0.534002 0.587307
vt 0.528397 0.605784
vt 0.603610 0.517466
vt 0.583042 0.523705
vt 0.564087 0.533837
vt 0.547472 0.547472
vt 0.533837 0.564087
vt 0.523705 0.583042
vt 0.517466 0.603610
vt 0.602138 0.510064
vt 0.580154 0.516733
vt 0.559894 0.527562
vt 0.542136 0.542136
vt 0.527562 0.559894
vt 0.516733 0.580154
vt 0.510064 0.602138
vt 0.031250 0.250000
vt 0.000000 0.250000
vt 0.000000 0.245802
vt 0.031250 0.245802
vt 0.062500 0.250000
vt 0.062500 0.245802
vt 0.093750 0.250000
vt 0.093750 0.245802
vt 0.125000 0.250000
vt 0.125000 0.245802
vt 0.156250 0.250000
vt 0.156250 0.245802
vt 0.187500 0.250000
vt 0.187500 0.245802
vt 0.218750 0.250000
vt 0.218750 0.245802
vt 0.250000 0.250000
vt 0.250000 0.245802
vt 0.000000 0.241988
vt 0.031250 0.241988
vt 0.062500 0.241988
vt 0.093750 0.241988
vt 0.125000 0.241988
vt 0.156250 0.241988
vt 0.187500 0.241988
vt 0.218750 0.241988
vt 0.250000 0.241988
vt 0.000000 0.238430
vt 0.031250 0.238430
vt 0.062500 0.238430
vt 0.093750 0.238430
vt 0.125000 0.238430
vt 0.156250 0.238430
vt 0.187500 0.238430
vt 0.218750 0.238430
vt 0.250000 0.238430
vt 0.000000 0.235000
vt 0.031250 0.235000
vt 0.062500 0.235000
vt 0.093750 0.235000
vt 0.125000 0.235000
vt 0.156250 0.235000
vt 0.187500 0.235000
vt 0.218750 0.235000
vt 0.250000 0.235000
vt 0.000000 0.231570
vt 0.031250 0.231570
vt 0.062500 0.231570
vt 0.093750 0.231570
vt 0.125000 0.231570
vt 0.156250 0.231570
vt 0.187500 0.231570
vt 0.218750 0.231570
vt 0.250000 0.231570
vt 0.000000 0.228012
vt 0.031250 0.228012
vt 0.062500 0.228012
vt 0.093750 0.228012
vt 0.125000 0.228012
vt 0.156250 0.228012
vt 0.187500 0.228012
vt 0.218750 0.228012
vt 0.250000 0.228012
vt 0.000000 0.224198
vt 0.031250 0.224198
vt 0.062500 0.224198
vt 0.093750 0.224198
vt 0.125000 0.224198
vt 0.156250 0.224198
vt 0.187500 0.224198
vt 0.218750 0.224198
vt 0.250000 0.224198
vt 0.000000 0.220000
vt 0.031250 0.220000
vt 0.062500 0.220000
vt 0.093750 0.220000
vt 0.125000 0.220000
vt 0.156250 0.220000
vt 0.187500 0.220000
vt 0.218750 0.220000
vt 0.250000 0.220000
vt 0.281250 0.250000
vt 0.281250 0.245802
vt 0.312500 0.250000
vt 0.312500 0.245802
vt 0.343750 0.250000
vt 0.343750 0.245802
vt 0.375000 0.250000
vt 0.375000 0.245802
vt 0.406250 0.250000
vt 0.406250 0.245802
vt 0.437500 0.250000
vt 0.437500 0.245802
vt 0.468750 0.250000
vt 0.468750 0.245802
vt 0.500000 0.250000
vt 0.500000 0.245802
vt 0.281250 0.241988
vt 0.312500 0.241988
vt 0.343750 0.241988
vt 0.375000 0.241988
vt 0.406250 0.241988
vt 0.437500 0.241988
vt 0.468750 0.241988
vt 0.500000 0.241988
vt 0.281250 0.238430
vt 0.312500 0.238430
vt 0.343750 0.238430
vt 0.375000 0.238430
vt 0.406250 0.238430
vt 0.437500 0.238430
vt 0.468750 0.238430
vt 0.500000 0.238430
vt 0.281250 0.235000
vt 0.312500 0.235000
vt 0.343750 0.235000
vt 0.375000 0.235000
vt 0.406250 0.235000
vt 0.437500 0.235000
vt 0.468750 0.235000
vt 0.500000 0.235000
vt 0.281250 0.231570
vt 0.312500 0.231570
vt 0.343750 0.231570
vt 0.375000 0.231570
vt 0.406250 0.231570
vt 0.437500 0.231570
vt 0.468750 0.231570
vt 0.500000 0.231570
vt 0.281250 0.228012
vt 0.312500 0.228012
vt 0.343750 0.228012
vt 0.375000 0.228012
vt 0.406250 0.228012
vt 0.437500 0.228012
vt 0.468750 0.228012
vt 0.500000 0.228012
vt 0.281250 0.224198
vt 0.312500 0.224198
vt 0.343750 0.224198
vt 0.375000 0.224198
vt 0.406250 0.224198
vt 0.437500 0.224198
vt 0.468750 0.224198
vt 0.500000 0.224198
vt 0.281250 0.220000
vt 0.312500 0.220000
vt 0.343750 0.220000
vt 0.375000 0.220000
vt 0.406250 0.220000
vt 0.437500 0.220000
vt 0.468750 0.220000
vt 0.500000 0.220000
vt 0.750000 0.245802
vt 0.750000 0.250000
vt 0.718750 0.250000
vt 0.718750 0.245802
vt 0.687500 0.250000
vt 0.687500 0.245802
vt 0.656250 0.250000
vt 0.656250 0.245802
vt 0.625000 0.250000
vt 0.625000 0.245802
vt 0.593750 0.250000
vt 0.593750 0.245802
vt 0.562500 0.250000
vt 0.562500 0.245802
vt 0.531250 0.250000
vt 0.531250 0.245802
vt 0.750000 0.241988
vt 0.718750 0.241988
vt 0.687500 0.241988
vt 0.656250 0.241988
vt 0.625000 0.241988
vt 0.593750 0.241988
vt 0.562500 0.241988
vt 0.531250 0.241988
vt 0.750000 0.238430
vt 0.718750 0.238430
vt 0.687500 0.238430
vt 0.656250 0.238430
vt 0.625000 0.238430
vt 0.593750 0.238430
vt 0.562500 0.238430
vt 0.531250 0.238430
vt 0.750000 0.235000
vt 0.718750 0.235000
vt 0.687500 0.235000
vt 0.656250 0.235000
vt 0.625000 0.235000
vt 0.593750 0.235000
vt 0.562500 0.235000
vt 0.531250 0.235000
vt 0.750000 0.231570
vt 0.718750 0.231570
vt 0.687500 0.231570
vt 0.656250 0.231570
vt 0.625000 0.231570
vt 0.593750 0.231570
vt 0.562500 0.231570
vt 0.531250 0.231570
vt 0.750000 0.228012
vt 0.718750 0.228012
vt 0.687500 0.228012
vt 0.656250 0.228012
vt 0.625000 0.228012
vt 0.593750 0.228012
vt 0.562500 0.228012
vt 0.531250 0.228012
vt 0.750000 0.224198
vt 0.718750 0.224198
vt 0.687500 0.224198
vt 0.656250 0.224198
vt 0.625000 0.224198
vt 0.593750 0.224198
vt 0.562500 0.224198
vt 0.531250 0.224198
vt 0.750000 0.220000
vt 0.718750 0.220000
vt 0.687500 0.220000
vt 0.656250 0.220000
vt 0.625000 0.220000
vt 0.593750 0.220000
vt 0.562500 0.220000
vt 0.531250 0.220000
vt 1.000000 0.245802
vt 1.000000 0.250000
vt 0.968750 0.250000
vt 0.968750 0.245802
vt 0.937500 0.250000
vt 0.937500 0.245802
vt 0.906250 0.250000
vt 0.906250 0.245802
vt 0.875000 0.250000
vt 0.875000 0.245802
vt 0.843750 0.250000
vt 0.843750 0.245802
vt 0.812500 0.250000
vt 0.812500 0.245802
vt 0.781250 0.250000
vt 0.781250 0.245802
vt 1.000000 0.241988
vt 0.968750 0.241988
vt 0.937500 0.241988
vt 0.906250 0.241988
vt 0.875000 0.241988
vt 0.843750 0.241988
vt 0.812500 0.241988
vt 0.781250 0.241988
vt 1.000000 0.238430
vt 0.968750 0.238430
vt 0.937500 0.238430
vt 0.906250 0.238430
vt 0.875000 0.238430
vt 0.843750 0.238430
vt 0.812500 0.238430
vt 0.781250 0.238430
vt 1.000000 0.235000
vt 0.968750 0.235000
vt 0.937500 0.235000
vt 0.906250 0.235000
vt 0.875000 0.235000
vt 0.843750 0.235000
vt 0.812500 0.235000
vt 0.781250 0.235000
vt 1.000000 0.231570
vt 0.968750 0.231570
vt 0.937500 0.231570
vt 0.906250 0.231570
vt 0.875000 0.231570
vt 0.843750 0.231570
vt 0.812500 0.231570
vt 0.781250 0.231570
vt 1.000000 0.228012
vt 0.968750 0.228012
vt 0.937500 0.228012
vt 0.906250 0.228012
vt 0.875000 0.228012
vt 0.843750 0.228012
vt 0.812500 0.228012
vt 0.781250 0.228012
vt 1.000000 0.224198
vt 0.968750 0.224198
vt 0.937500 0.224198
vt 0.906250 0.224198
vt 0.875000 0.224198
vt 0.843750 0.224198
vt 0.812500 0.224198
vt 0.781250 0.224198
vt 1.000000 0.220000
vt 0.968750 0.220000
vt 0.937500 0.220000
vt 0.906250 0.220000
vt 0.875000 0.220000
vt 0.843750 0.220000
vt 0.812500 0.220000
vt 0.781250 0.220000
vt 0.031250 0.201984
vt 0.062500 0.201984
vt 0.093750 0.201984
vt 0.125000 0.201984
vt 0.156250 0.201984
vt 0.187500 0.201984
vt 0.218750 0.201984
vt 0.250000 0.201984
vt 0.031250 0.184077
vt 0.062500 0.184077
vt 0.093750 0.184077
vt 0.125000 0.184077
vt 0.156250 0.184077
vt 0.187500 0.184077
vt 0.218750 0.184077
vt 0.250000 0.184077
vt 0.031250 0.166387
vt 0.062500 0.166387
vt 0.093750 0.166387
vt 0.125000 0.166387
vt 0.156250 0.166387
vt 0.187500 0.166387
vt 0.218750 0.166387
vt 0.250000 0.166387
vt 0.000000 0.166387
vt 0.000000 0.149023
vt 0.031250 0.149023
vt 0.062500 0.149023
vt 0.093750 0.149023
vt 0.125000 0.149023
vt 0.156250 0.149023
vt 0.187500 0.149023
vt 0.218750 0.149023
vt 0.250000 0.149023
vt 0.000000 0.132094
vt 0.031250 0.132094
vt 0.062500 0.132094
vt 0.093750 0.132094
vt 0.125000 0.132094
vt 0.156250 0.132094
vt 0.187500 0.132094
vt 0.218750 0.132094
vt 0.250000 0.132094
vt 0.000000 0.115708
vt 0.031250 0.115708
vt 0.062500 0.115708
vt 0.093750 0.115708
vt 0.125000 0.115708
vt 0.156250 0.115708
vt 0.187500 0.115708
vt 0.218750 0.115708
vt 0.250000 0.115708
vt 0.000000 0.099974
vt 0.031250 0.099974
vt 0.062500 0.099974
vt 0.093750 0.099974
vt 0.125000 0.099974
vt 0.156250 0.099974
vt 0.187500 0.099974
vt 0.218750 0.099974
vt 0.250000 0.099974
vt 0.031250 0.085000
vt 0.062500 0.085000
vt 0.093750 0.085000
vt 0.125000 0.085000
vt 0.156250 0.085000
vt 0.187500 0.085000
vt 0.218750 0.085000
vt 0.250000 0.085000
vt 0.011130 0.208225
vt 0.000000 0.209290
vt 0.019485 0.205165
vt 0.023056 0.201984
vt 0.024750 0.200376
vt 0.026181 0.194465
vt 0.023919 0.188551
vt 0.018732 0.184077
vt 0.018395 0.183769
vt 0.010408 0.180734
vt 0.000000 0.179680
vt 0.008715 0.090291
vt 0.000000 0.091822
vt 0.015419 0.086914
vt 0.017104 0.085000
vt 0.281250 0.201984
vt 0.312500 0.201984
vt 0.343750 0.201984
vt 0.375000 0.201984
vt 0.406250 0.201984
vt 0.437500 0.201984
vt 0.468750 0.201984
vt 0.500000 0.201984
vt 0.281250 0.184077
vt 0.312500 0.184077
vt 0.343750 0.184077
vt 0.375000 0.184077
vt 0.406250 0.184077
vt 0.437500 0.184077
vt 0.468750 0.184077
vt 0.500000 0.184077
vt 0.281250 0.166387
vt 0.312500 0.166387
vt 0.343750 0.166387
vt 0.375000 0.166387
vt 0.406250 0.166387
vt 0.437500 0.166387
vt 0.468750 0.166387
vt 0.500000 0.166387
vt 0.281250 0.149023
vt 0.312500 0.149023
vt 0.343750 0.149023
vt 0.375000 0.149023
vt 0.406250 0.149023
vt 0.437500 0.149023
vt 0.468750 0.149023
vt 0.500000 0.149023
vt 0.281250 0.132094
vt 0.312500 0.132094
vt 0.343750 0.132094
vt 0.375000 0.132094
vt 0.406250 0.132094
vt 0.437500 0.132094
vt 0.468750 0.132094
vt 0.281250 0.115708
vt 0.312500 0.115708
vt 0.343750 0.115708
vt 0.375000 0.115708
vt 0.406250 0.115708
vt 0.437500 0.115708
vt 0.281250 0.099974
vt 0.312500 0.099974
vt 0.343750 0.099974
vt 0.375000 0.099974
vt 0.406250 0.099974
vt 0.437500 0.099974
vt 0.281250 0.085000
vt 0.312500 0.085000
vt 0.343750 0.085000
vt 0.375000 0.085000
vt 0.406250 0.085000
vt 0.437500 0.085000
vt 0.480975 0.133564
vt 0.500000 0.136889
vt 0.478578 0.132094
vt 0.468750 0.125904
vt 0.467407 0.125039
vt 0.461305 0.115708
vt 0.459509 0.112975
vt 0.457332 0.099974
vt 0.457250 0.099553
vt 0.460198 0.086413
vt 0.461274 0.085000
vt 0.750000 0.201984
vt 0.718750 0.201984
vt 0.687500 0.201984
vt 0.656250 0.201984
vt 0.625000 0.201984
vt 0.593750 0.201984
vt 0.562500 0.201984
vt 0.531250 0.201984
vt 0.750000 0.184077
vt 0.718750 0.184077
vt 0.687500 0.184077
vt 0.656250 0.184077
vt 0.625000 0.184077
vt 0.593750 0.184077
vt 0.562500 0.184077
vt 0.531250 0.184077
vt 0.750000 0.166387
vt 0.718750 0.166387
vt 0.687500 0.166387
vt 0.656250 0.166387
vt 0.625000 0.166387
vt 0.593750 0.166387
vt 0.562500 0.166387
vt 0.531250 0.166387
vt 0.750000 0.149023
vt 0.718750 0.149023
vt 0.687500 0.149023
vt 0.656250 0.149023
vt 0.625000 0.149023
vt 0.593750 0.149023
vt 0.562500 0.149023
vt 0.531250 0.149023
vt 0.750000 0.132094
vt 0.718750 0.132094
vt 0.687500 0.132094
vt 0.656250 0.132094
vt 0.625000 0.132094
vt 0.593750 0.132094
vt 0.562500 0.132094
vt 0.531250 0.132094
vt 0.750000 0.115708
vt 0.718750 0.115708
vt 0.687500 0.115708
vt 0.656250 0.115708
vt 0.625000 0.115708
vt 0.593750 0.115708
vt 0.562500 0.115708
vt 0.750000 0.099974
vt 0.718750 0.099974
vt 0.687500 0.099974
vt 0.656250 0.099974
vt 0.625000 0.099974
vt 0.593750 0.099974
vt 0.562500 0.099974
vt 0.750000 0.085000
vt 0.718750 0.085000
vt 0.687500 0.085000
vt 0.656250 0.085000
vt 0.625000 0.085000
vt 0.593750 0.085000
vt 0.562500 0.085000
vt 0.519025 0.133564
vt 0.521422 0.132094
vt 0.531250 0.125904
vt 0.532593 0.125039
vt 0.538695 0.115708
vt 0.540491 0.112975
vt 0.542668 0.099974
vt 0.542750 0.099553
vt 0.539802 0.086413
vt 0.538726 0.085000
vt 0.968750 0.201984
vt 0.937500 0.201984
vt 0.906250 0.201984
vt 0.875000 0.201984
vt 0.843750 0.201984
vt 0.812500 0.201984
vt 0.781250 0.201984
vt 0.968750 0.184077
vt 0.937500 0.184077
vt 0.906250 0.184077
vt 0.875000 0.184077
vt 0.843750 0.184077
vt 0.812500 0.184077
vt 0.781250 0.184077
vt 0.968750 0.166387
vt 0.937500 0.166387
vt 0.906250 0.166387
vt 0.875000 0.166387
vt 0.843750 0.166387
vt 0.812500 0.166387
vt 0.781250 0.166387
vt 1.000000 0.149023
vt 1.000000 0.166387
vt 0.968750 0.149023
vt 0.937500 0.149023
vt 0.906250 0.149023
vt 0.875000 0.149023
vt 0.843750 0.149023
vt 0.812500 0.149023
vt 0.781250 0.149023
vt 1.000000 0.132094
vt 0.968750 0.132094
vt 0.937500 0.132094
vt 0.906250 0.132094
vt 0.875000 0.132094
vt 0.843750 0.132094
vt 0.812500 0.132094
vt 0.781250 0.132094
vt 1.000000 0.115708
vt 0.968750 0.115708
vt 0.937500 0.115708
vt 0.906250 0.115708
vt 0.875000 0.115708
vt 0.843750 0.115708
vt 0.812500 0.115708
vt 0.781250 0.115708
vt 1.000000 0.099974
vt 0.968750 0.099974
vt 0.937500 0.099974
vt 0.906250 0.099974
vt 0.875000 0.099974
vt 0.843750 0.099974
vt 0.812500 0.099974
vt 0.781250 0.099974
vt 0.968750 0.085000
vt 0.937500 0.085000
vt 0.906250 0.085000
vt 0.875000 0.085000
vt 0.843750 0.085000
vt 0.812500 0.085000
vt 0.781250 0.085000
vt 0.988870 0.208225
vt 1.000000 0.209290
vt 0.980515 0.205165
vt 0.976943 0.201984
vt 0.975250 0.200376
vt 0.973819 0.194465
vt 0.976081 0.188551
vt 0.981268 0.184077
vt 0.981605 0.183769
vt 0.989592 0.180734
vt 1.000000 0.179680
vt 0.991285 0.090291
vt 1.000000 0.091822
vt 0.984581 0.086914
vt 0.982896 0.085000
vt 0.031250 0.070207
vt 0.062500 0.070207
vt 0.093750 0.070207
vt 0.125000 0.070207
vt 0.156250 0.070207
vt 0.187500 0.070207
vt 0.218750 0.070207
vt 0.250000 0.070207
vt 0.031250 0.055882
vt 0.062500 0.055882
vt 0.093750 0.055882
vt 0.125000 0.055882
vt 0.156250 0.055882
vt 0.187500 0.055882
vt 0.218750 0.055882
vt 0.250000 0.055882
vt 0.031250 0.042385
vt 0.062500 0.042385
vt 0.093750 0.042385
vt 0.125000 0.042385
vt 0.156250 0.042385
vt 0.187500 0.042385
vt 0.218750 0.042385
vt 0.250000 0.042385
vt 0.000000 0.042385
vt 0.000000 0.030079
vt 0.031250 0.030079
vt 0.062500 0.030079
vt 0.093750 0.030079
vt 0.125000 0.030079
vt 0.156250 0.030079
vt 0.187500 0.030079
vt 0.218750 0.030079
vt 0.250000 0.030079
vt 0.000000 0.019325
vt 0.031250 0.019325
vt 0.062500 0.019325
vt 0.093750 0.019325
vt 0.125000 0.019325
vt 0.156250 0.019325
vt 0.187500 0.019325
vt 0.218750 0.019325
vt 0.250000 0.019325
vt 0.000000 0.010486
vt 0.031250 0.010486
vt 0.062500 0.010486
vt 0.093750 0.010486
vt 0.125000 0.010486
vt 0.156250 0.010486
vt 0.187500 0.010486
vt 0.218750 0.010486
vt 0.250000 0.010486
vt 0.000000 0.003924
vt 0.031250 0.003924
vt 0.062500 0.003924
vt 0.093750 0.003924
vt 0.125000 0.003924
vt 0.156250 0.003924
vt 0.187500 0.003924
vt 0.218750 0.003924
vt 0.250000 0.003924
vt 0.000000 0.000000
vt 0.031250 0.000000
vt 0.062500 0.000000
vt 0.093750 0.000000
vt 0.125000 0.000000
vt 0.156250 0.000000
vt 0.187500 0.000000
vt 0.218750 0.000000
vt 0.250000 0.000000
vt 0.019955 0.081389
vt 0.021672 0.074345
vt 0.020759 0.070207
vt 0.020271 0.066777
vt 0.015994 0.059971
vt 0.009202 0.055909
vt 0.009110 0.055882
vt 0.000000 0.054650
vt 0.281250 0.070207
vt 0.312500 0.070207
vt 0.343750 0.070207
vt 0.375000 0.070207
vt 0.406250 0.070207
vt 0.437500 0.070207
vt 0.281250 0.055882
vt 0.312500 0.055882
vt 0.343750 0.055882
vt 0.375000 0.055882
vt 0.406250 0.055882
vt 0.437500 0.055882
vt 0.468750 0.070207
vt 0.468750 0.055882
vt 0.281250 0.042385
vt 0.312500 0.042385
vt 0.343750 0.042385
vt 0.375000 0.042385
vt 0.406250 0.042385
vt 0.437500 0.042385
vt 0.468750 0.042385
vt 0.500000 0.055882
vt 0.500000 0.042385
vt 0.281250 0.030079
vt 0.312500 0.030079
vt 0.343750 0.030079
vt 0.375000 0.030079
vt 0.406250 0.030079
vt 0.437500 0.030079
vt 0.468750 0.030079
vt 0.500000 0.030079
vt 0.281250 0.019325
vt 0.312500 0.019325
vt 0.343750 0.019325
vt 0.375000 0.019325
vt 0.406250 0.019325
vt 0.437500 0.019325
vt 0.468750 0.019325
vt 0.500000 0.019325
vt 0.281250 0.010486
vt 0.312500 0.010486
vt 0.343750 0.010486
vt 0.375000 0.010486
vt 0.406250 0.010486
vt 0.437500 0.010486
vt 0.468750 0.010486
vt 0.500000 0.010486
vt 0.281250 0.003924
vt 0.312500 0.003924
vt 0.343750 0.003924
vt 0.375000 0.003924
vt 0.406250 0.003924
vt 0.437500 0.003924
vt 0.468750 0.003924
vt 0.500000 0.003924
vt 0.281250 0.000000
vt 0.312500 0.000000
vt 0.343750 0.000000
vt 0.375000 0.000000
vt 0.406250 0.000000
vt 0.437500 0.000000
vt 0.468750 0.000000
vt 0.500000 0.000000
vt 0.468243 0.074400
vt 0.468750 0.074097
vt 0.474625 0.070207
vt 0.481472 0.064766
vt 0.500000 0.061339
vt 0.750000 0.070207
vt 0.718750 0.070207
vt 0.687500 0.070207
vt 0.656250 0.070207
vt 0.625000 0.070207
vt 0.593750 0.070207
vt 0.562500 0.070207
vt 0.750000 0.055882
vt 0.718750 0.055882
vt 0.687500 0.055882
vt 0.656250 0.055882
vt 0.625000 0.055882
vt 0.593750 0.055882
vt 0.562500 0.055882
vt 0.531250 0.070207
vt 0.531250 0.055882
vt 0.750000 0.042385
vt 0.718750 0.042385
vt 0.687500 0.042385
vt 0.656250 0.042385
vt 0.625000 0.042385
vt 0.593750 0.042385
vt 0.562500 0.042385
vt 0.531250 0.042385
vt 0.750000 0.030079
vt 0.718750 0.030079
vt 0.687500 0.030079
vt 0.656250 0.030079
vt 0.625000 0.030079
vt 0.593750 0.030079
vt 0.562500 0.030079
vt 0.531250 0.030079
vt 0.750000 0.019325
vt 0.718750 0.019325
vt 0.687500 0.019325
vt 0.656250 0.019325
vt 0.625000 0.019325
vt 0.593750 0.019325
vt 0.562500 0.019325
vt 0.531250 0.019325
vt 0.750000 0.010486
vt 0.718750 0.010486
vt 0.687500 0.010486
vt 0.656250 0.010486
vt 0.625000 0.010486
vt 0.593750 0.010486
vt 0.562500 0.010486
vt 0.531250 0.010486
vt 0.750000 0.003924
vt 0.718750 0.003924
vt 0.687500 0.003924
vt 0.656250 0.003924
vt 0.625000 0.003924
vt 0.593750 0.003924
vt 0.562500 0.003924
vt 0.531250 0.003924
vt 0.750000 0.000000
vt 0.718750 0.000000
vt 0.687500 0.000000
vt 0.656250 0.000000
vt 0.625000 0.000000
vt 0.593750 0.000000
vt 0.562500 0.000000
vt 0.531250 0.000000
vt 0.531757 0.074400
vt 0.531250 0.074097
vt 0.525375 0.070207
vt 0.518528 0.064766
vt 0.968750 0.070207
vt 0.937500 0.070207
vt 0.906250 0.070207
vt 0.875000 0.070207
vt 0.843750 0.070207
vt 0.812500 0.070207
vt 0.781250 0.070207
vt 0.968750 0.055882
vt 0.937500 0.055882
vt 0.906250 0.055882
vt 0.875000 0.055882
vt 0.843750 0.055882
vt 0.812500 0.055882
vt 0.781250 0.055882
vt 0.968750 0.042385
vt 0.937500 0.042385
vt 0.906250 0.042385
vt 0.875000 0.042385
vt 0.843750 0.042385
vt 0.812500 0.042385
vt 0.781250 0.042385
vt 1.000000 0.030079
vt 1.000000 0.042385
vt 0.968750 0.030079
vt 0.937500 0.030079
vt 0.906250 0.030079
vt 0.875000 0.030079
vt 0.843750 0.030079
vt 0.812500 0.030079
vt 0.781250 0.030079
vt 1.000000 0.019325
vt 0.968750 0.019325
vt 0.937500 0.019325
vt 0.906250 0.019325
vt 0.875000 0.019325
vt 0.843750 0.019325
vt 0.812500 0.019325
vt 0.781250 0.019325
vt 1.000000 0.010486
vt 0.968750 0.010486
vt 0.937500 0.010486
vt 0.906250 0.010486
vt 0.875000 0.010486
vt 0.843750 0.010486
vt 0.812500 0.010486
vt 0.781250 0.010486
vt 1.000000 0.003924
vt 0.968750 0.003924
vt 0.937500 0.003924
vt 0.906250 0.003924
vt 0.875000 0.003924
vt 0.843750 0.003924
vt 0.812500 0.003924
vt 0.781250 0.003924
vt 1.000000 0.000000
vt 0.968750 0.000000
vt 0.937500 0.000000
vt 0.906250 0.000000
vt 0.875000 0.000000
vt 0.843750 0.000000
vt 0.812500 0.000000
vt 0.781250 0.000000
vt 0.980045 0.081389
vt 0.978328 0.074345
vt 0.979241 0.070207
vt 0.979729 0.066777
vt 0.984006 0.059971
vt 0.990798 0.055909
vt 0.990890 0.055882
vt 1.000000 0.054650
vt 0.147862 0.989936
vt 0.125000 0.992188
vt 0.125000 0.989264
vt 0.147292 0.987068
vt 0.169846 0.983267
vt 0.168727 0.980566
vt 0.190106 0.972438
vt 0.188482 0.970007
vt 0.207864 0.957864
vt 0.205797 0.955797
vt 0.222438 0.940106
vt 0.220007 0.938482
vt 0.233267 0.919846
vt 0.230566 0.918727
vt 0.239936 0.897862
vt 0.237069 0.897292
vt 0.242188 0.875000
vt 0.239264 0.875000
vt 0.125000 0.985113
vt 0.146482 0.982997
vt 0.167138 0.976731
vt 0.186175 0.966556
vt 0.202862 0.952862
vt 0.216556 0.936176
vt 0.226731 0.917138
vt 0.232997 0.896482
vt 0.235113 0.875000
vt 0.125000 0.978673
vt 0.145226 0.976681
vt 0.164674 0.970781
vt 0.182598 0.961201
vt 0.198308 0.948308
vt 0.211201 0.932598
vt 0.220781 0.914674
vt 0.226681 0.895226
vt 0.228673 0.875000
vt 0.125000 0.968883
vt 0.143316 0.967079
vt 0.160928 0.961737
vt 0.177159 0.953061
vt 0.191385 0.941385
vt 0.203061 0.927159
vt 0.211737 0.910927
vt 0.217079 0.893316
vt 0.218883 0.875000
vt 0.125000 0.954682
vt 0.140545 0.953151
vt 0.155493 0.948617
vt 0.169269 0.941253
vt 0.181344 0.931344
vt 0.191253 0.919269
vt 0.198617 0.905493
vt 0.203151 0.890545
vt 0.204682 0.875000
vt 0.125000 0.935009
vt 0.136707 0.933856
vt 0.147964 0.930441
vt 0.158339 0.924895
vt 0.167433 0.917432
vt 0.174895 0.908339
vt 0.180441 0.897964
vt 0.183856 0.886707
vt 0.185009 0.875000
vt 0.125000 0.908802
vt 0.131594 0.908152
vt 0.137935 0.906229
vt 0.143779 0.903105
vt 0.148901 0.898901
vt 0.153105 0.893779
vt 0.156229 0.887935
vt 0.158152 0.881594
vt 0.158802 0.875000
vt 0.125000 0.875000
vt 0.239936 0.852138
vt 0.237069 0.852708
vt 0.233267 0.830154
vt 0.230566 0.831273
vt 0.222438 0.809894
vt 0.220007 0.811518
vt 0.207864 0.792136
vt 0.205797 0.794203
vt 0.190106 0.777562
vt 0.188482 0.779993
vt 0.169846 0.766733
vt 0.168727 0.769434
vt 0.147862 0.760064
vt 0.147292 0.762932
vt 0.125000 0.757812
vt 0.125000 0.760736
vt 0.232997 0.853518
vt 0.226731 0.832862
vt 0.216556 0.813824
vt 0.202862 0.797138
vt 0.186175 0.783444
vt 0.167138 0.773269
vt 0.146482 0.767003
vt 0.125000 0.764887
vt 0.226681 0.854774
vt 0.220781 0.835326
vt 0.211201 0.817402
vt 0.198308 0.801692
vt 0.182598 0.788799
vt 0.164674 0.779219
vt 0.145226 0.773319
vt 0.125000 0.771327
vt 0.217079 0.856684
vt 0.211737 0.839073
vt 0.203061 0.822841
vt 0.191385 0.808615
vt 0.177159 0.796939
vt 0.160928 0.788263
vt 0.143316 0.782921
vt 0.125000 0.781117
vt 0.203151 0.859455
vt 0.198617 0.844507
vt 0.191253 0.830731
vt 0.181344 0.818656
vt 0.169269 0.808747
vt 0.155493 0.801383
vt 0.140545 0.796849
vt 0.125000 0.795318
vt 0.183856 0.863293
vt 0.180441 0.852036
vt 0.174895 0.841661
vt 0.167433 0.832568
vt 0.158339 0.825105
vt 0.147964 0.819559
vt 0.136707 0.816144
vt 0.125000 0.814991
vt 0.158152 0.868406
vt 0.156229 0.862065
vt 0.153105 0.856221
vt 0.148901 0.851099
vt 0.143779 0.846895
vt 0.137935 0.843771
vt 0.131594 0.841848
vt 0.125000 0.841198
vt 0.010736 0.875000
vt 0.007812 0.875000
vt 0.010064 0.852138
vt 0.012931 0.852708
vt 0.016733 0.830154
vt 0.019434 0.831273
vt 0.027562 0.809894
vt 0.029993 0.811518
vt 0.042136 0.792136
vt 0.044203 0.794203
vt 0.059894 0.777562
vt 0.061518 0.779993
vt 0.080154 0.766733
vt 0.081273 0.769434
vt 0.102138 0.760064
vt 0.102708 0.762932
vt 0.014887 0.875000
vt 0.017003 0.853518
vt 0.023269 0.832862
vt 0.033444 0.813824
vt 0.047138 0.797138
vt 0.063825 0.783444
vt 0.082862 0.773269
vt 0.103518 0.767003
vt 0.021327 0.875000
vt 0.023319 0.854774
vt 0.029219 0.835326
vt 0.038799 0.817402
vt 0.051692 0.801692
vt 0.067402 0.788799
vt 0.085326 0.779219
vt 0.104774 0.773319
vt 0.031117 0.875000
vt 0.032921 0.856684
vt 0.038263 0.839073
vt 0.046939 0.822841
vt 0.058615 0.808615
vt 0.072841 0.796939
vt 0.089073 0.788263
vt 0.106684 0.782921
vt 0.045318 0.875000
vt 0.046849 0.859455
vt 0.051383 0.844507
vt 0.058747 0.830731
vt 0.068656 0.818656
vt 0.080731 0.808747
vt 0.094507 0.801383
vt 0.109455 0.796849
vt 0.064991 0.875000
vt 0.066144 0.863293
vt 0.069559 0.852036
vt 0.075105 0.841661
vt 0.082567 0.832568
vt 0.091661 0.825105
vt 0.102036 0.819559
vt 0.113293 0.816144
vt 0.091198 0.875000
vt 0.091848 0.868406
vt 0.093771 0.862065
vt 0.096895 0.856221
vt 0.101099 0.851099
vt 0.106221 0.846895
vt 0.112065 0.843771
vt 0.118406 0.841848
vt 0.102138 0.989936
vt 0.102708 0.987068
vt 0.080154 0.983267
vt 0.081273 0.980566
vt 0.059894 0.972438
vt 0.061518 0.970007
vt 0.042136 0.957864
vt 0.044203 0.955797
vt 0.027562 0.940106
vt 0.029993 0.938482
vt 0.016733 0.919846
vt 0.019434 0.918727
vt 0.010064 0.897862
vt 0.012931 0.897292
vt 0.103518 0.982997
vt 0.082862 0.976731
vt 0.063824 0.966556
vt 0.047138 0.952862
vt 0.033444 0.936176
vt 0.023269 0.917138
vt 0.017003 0.896482
vt 0.104774 0.976681
vt 0.085326 0.970781
vt 0.067402 0.961201
vt 0.051692 0.948308
vt 0.038799 0.932598
vt 0.029219 0.914674
vt 0.023319 0.895226
vt 0.106684 0.967079
vt 0.089072 0.961737
vt 0.072841 0.953061
vt 0.058615 0.941385
vt 0.046939 0.927159
vt 0.038263 0.910927
vt 0.032921 0.893316
vt 0.109455 0.953151
vt 0.094507 0.948617
vt 0.080731 0.941253
vt 0.068656 0.931344
vt 0.058747 0.919269
vt 0.051383 0.905493
vt 0.046849 0.890545
vt 0.113293 0.933856
vt 0.102036 0.930441
vt 0.091661 0.924895
vt 0.082567 0.917432
vt 0.075105 0.908339
vt 0.069559 0.897964
vt 0.066144 0.886707
vt 0.118406 0.908152
vt 0.112065 0.906229
vt 0.106221 0.903105
vt 0.101099 0.898901
vt 0.096895 0.893779
vt 0.093771 0.887935
vt 0.091848 0.881594
vt 0.765625 0.965675
vt 0.750000 0.965560
vt 0.750000 0.931227
vt 0.765625 0.931373
vt 0.781250 0.965939
vt 0.781250 0.931710
vt 0.796875 0.966247
vt 0.796875 0.932113
vt 0.812500 0.966536
vt 0.812500 0.932499
vt 0.828125 0.966775
vt 0.828125 0.932827
vt 0.843750 0.966951
vt 0.843750 0.933073
vt 0.859375 0.967059
vt 0.859375 0.933227
vt 0.875000 0.967095
vt 0.875000 0.933280
vt 0.750000 0.897404
vt 0.765625 0.897521
vt 0.781250 0.897800
vt 0.796875 0.898145
vt 0.812500 0.898492
vt 0.828125 0.898799
vt 0.843750 0.899038
vt 0.859375 0.899192
vt 0.875000 0.899247
vt 0.750000 0.864493
vt 0.765625 0.864549
vt 0.781250 0.864693
vt 0.796875 0.864893
vt 0.812500 0.865117
vt 0.828125 0.865335
vt 0.843750 0.865517
vt 0.859375 0.865641
vt 0.875000 0.865686
vt 0.750000 0.832895
vt 0.765625 0.832883
vt 0.781250 0.832874
vt 0.796875 0.832904
vt 0.812500 0.832978
vt 0.828125 0.833079
vt 0.843750 0.833181
vt 0.859375 0.833259
vt 0.875000 0.833289
vt 0.750000 0.803012
vt 0.765625 0.802951
vt 0.781250 0.802829
vt 0.796875 0.802726
vt 0.812500 0.802676
vt 0.828125 0.802675
vt 0.843750 0.802702
vt 0.859375 0.802733
vt 0.875000 0.802748
vt 0.750000 0.775246
vt 0.765625 0.775181
vt 0.781250 0.775043
vt 0.796875 0.774909
vt 0.812500 0.774816
vt 0.828125 0.774768
vt 0.843750 0.774751
vt 0.859375 0.774752
vt 0.875000 0.774755
vt 0.750000 0.980616
vt 0.765625 0.982019
vt 0.781250 0.982689
vt 0.796875 0.982759
vt 0.810413 0.982481
vt 0.812500 0.982777
vt 0.828125 0.984569
vt 0.843750 0.985712
vt 0.849879 0.985846
vt 0.859375 0.987165
vt 0.875000 0.987103
vt 0.765625 0.983722
vt 0.750000 0.982319
vt 0.765625 0.985425
vt 0.750000 0.984022
vt 0.765625 0.987128
vt 0.750000 0.985725
vt 0.781250 0.984392
vt 0.781250 0.986095
vt 0.781250 0.987798
vt 0.796875 0.984461
vt 0.796875 0.986165
vt 0.796875 0.987867
vt 0.810413 0.984184
vt 0.810413 0.985887
vt 0.810413 0.987590
vt 0.812500 0.984479
vt 0.812500 0.986183
vt 0.812500 0.987885
vt 0.828125 0.986273
vt 0.828125 0.987975
vt 0.828125 0.989678
vt 0.843750 0.987414
vt 0.843750 0.989117
vt 0.843750 0.990820
vt 0.849879 0.987549
vt 0.849879 0.989252
vt 0.849879 0.990955
vt 0.859375 0.988868
vt 0.859375 0.990571
vt 0.859375 0.992274
vt 0.875000 0.988806
vt 0.875000 0.990509
vt 0.875000 0.992212
vt 1.000000 0.931227
vt 1.000000 0.965560
vt 0.984375 0.965675
vt 0.984375 0.931373
vt 0.968750 0.965939
vt 0.968750 0.931710
vt 0.953125 0.966247
vt 0.953125 0.932113
vt 0.937500 0.966536
vt 0.937500 0.932499
vt 0.921875 0.966775
vt 0.921875 0.932827
vt 0.906250 0.966951
vt 0.906250 0.933073
vt 0.890625 0.967059
vt 0.890625 0.933227
vt 1.000000 0.897404
vt 0.984375 0.897521
vt 0.968750 0.897800
vt 0.953125 0.898145
vt 0.937500 0.898492
vt 0.921875 0.898799
vt 0.906250 0.899038
vt 0.890625 0.899192
vt 1.000000 0.864493
vt 0.984375 0.864549
vt 0.968750 0.864693
vt 0.953125 0.864893
vt 0.937500 0.865117
vt 0.921875 0.865335
vt 0.906250 0.865517
vt 0.890625 0.865641
vt 1.000000 0.832895
vt 0.984375 0.832883
vt 0.968750 0.832874
vt 0.953125 0.832904
vt 0.937500 0.832978
vt 0.921875 0.833079
vt 0.906250 0.833181
vt 0.890625 0.833259
vt 1.000000 0.803012
vt 0.984375 0.802951
vt 0.968750 0.802829
vt 0.953125 0.802726
vt 0.937500 0.802676
vt 0.921875 0.802675
vt 0.906250 0.802702
vt 0.890625 0.802733
vt 1.000000 0.775246
vt 0.984375 0.775181
vt 0.968750 0.775043
vt 0.953125 0.774909
vt 0.937500 0.774816
vt 0.921875 0.774768
vt 0.906250 0.774751
vt 0.890625 0.774752
vt 1.000000 0.980616
vt 0.984375 0.982019
vt 0.968750 0.982689
vt 0.953125 0.982759
vt 0.939587 0.982481
vt 0.937500 0.982777
vt 0.921875 0.984569
vt 0.906250 0.985712
vt 0.900121 0.985846
vt 0.890625 0.987165
vt 0.984375 0.983722
vt 1.000000 0.982319
vt 0.984375 0.985425
vt 1.000000 0.984022
vt 0.984375 0.987128
vt 1.000000 0.985725
vt 0.968750 0.984392
vt 0.968750 0.986095
vt 0.968750 0.987798
vt 0.953125 0.984461
vt 0.953125 0.986165
vt 0.953125 0.987867
vt 0.939587 0.984184
vt 0.939587 0.985887
vt 0.939587 0.987590
vt 0.937500 0.984479
vt 0.937500 0.986183
vt 0.937500 0.987885
vt 0.921875 0.986273
vt 0.921875 0.987975
vt 0.921875 0.989678
vt 0.906250 0.987414
vt 0.906250 0.989117
vt 0.906250 0.990820
vt 0.900121 0.987549
vt 0.900121 0.989252
vt 0.900121 0.990955
vt 0.890625 0.988868
vt 0.890625 0.990571
vt 0.890625 0.992274
vt 0.375000 0.875000
vt 0.375000 0.864786
vt 0.376993 0.864982
vt 0.378909 0.865563
vt 0.380675 0.866507
vt 0.382223 0.867777
vt 0.383493 0.869325
vt 0.384437 0.871091
vt 0.385018 0.873007
vt 0.385214 0.875000
vt 0.375000 0.850345
vt 0.379810 0.850819
vt 0.384435 0.852222
vt 0.388698 0.854500
vt 0.392434 0.857566
vt 0.395500 0.861302
vt 0.397778 0.865565
vt 0.399181 0.870190
vt 0.399655 0.875000
vt 0.375000 0.833158
vt 0.383163 0.833962
vt 0.391012 0.836343
vt 0.398246 0.840209
vt 0.404587 0.845413
vt 0.409790 0.851754
vt 0.413657 0.858988
vt 0.416038 0.866837
vt 0.416842 0.875000
vt 0.375000 0.814704
vt 0.386763 0.815862
vt 0.398074 0.819293
vt 0.408499 0.824865
vt 0.417636 0.832364
vt 0.425135 0.841501
vt 0.430707 0.851926
vt 0.434138 0.863237
vt 0.435296 0.875000
vt 0.375000 0.796462
vt 0.390322 0.797971
vt 0.405055 0.802441
vt 0.418633 0.809698
vt 0.430535 0.819466
vt 0.440302 0.831367
vt 0.447559 0.844945
vt 0.452029 0.859678
vt 0.453538 0.875000
vt 0.375000 0.779914
vt 0.393550 0.781741
vt 0.411388 0.787152
vt 0.427827 0.795939
vt 0.442236 0.807764
vt 0.454061 0.822173
vt 0.462848 0.838612
vt 0.468259 0.856450
vt 0.470086 0.875000
vt 0.375000 0.766537
vt 0.396160 0.768621
vt 0.416507 0.774793
vt 0.435259 0.784816
vt 0.451695 0.798305
vt 0.465184 0.814741
vt 0.475207 0.833493
vt 0.481379 0.853840
vt 0.483463 0.875000
vt 0.375000 0.757812
vt 0.397862 0.760064
vt 0.419846 0.766733
vt 0.440106 0.777562
vt 0.457864 0.792136
vt 0.472438 0.809894
vt 0.483267 0.830154
vt 0.489936 0.852138
vt 0.492188 0.875000
vt 0.385018 0.876993
vt 0.384437 0.878909
vt 0.383493 0.880675
vt 0.382223 0.882223
vt 0.380675 0.883493
vt 0.378909 0.884437
vt 0.376993 0.885018
vt 0.375000 0.885214
vt 0.399181 0.879810
vt 0.397778 0.884435
vt 0.395500 0.888698
vt 0.392434 0.892434
vt 0.388698 0.895500
vt 0.384435 0.897778
vt 0.379810 0.899181
vt 0.375000 0.899655
vt 0.416038 0.883163
vt 0.413657 0.891012
vt 0.409790 0.898246
vt 0.404587 0.904587
vt 0.398246 0.909791
vt 0.391012 0.913657
vt 0.383163 0.916038
vt 0.375000 0.916842
vt 0.434138 0.886763
vt 0.430707 0.898074
vt 0.425135 0.908499
vt 0.417636 0.917636
vt 0.408499 0.925135
vt 0.398074 0.930707
vt 0.386763 0.934138
vt 0.375000 0.935296
vt 0.452029 0.890322
vt 0.447559 0.905055
vt 0.440302 0.918633
vt 0.430535 0.930534
vt 0.418633 0.940302
vt 0.405055 0.947559
vt 0.390322 0.952029
vt 0.375000 0.953538
vt 0.468259 0.893551
vt 0.462848 0.911388
vt 0.454061 0.927827
vt 0.442236 0.942236
vt 0.427827 0.954061
vt 0.411388 0.962848
vt 0.393550 0.968259
vt 0.375000 0.970086
vt 0.481379 0.896160
vt 0.475207 0.916507
vt 0.465184 0.935259
vt 0.451695 0.951695
vt 0.435259 0.965184
vt 0.416507 0.975207
vt 0.396160 0.981379
vt 0.375000 0.983463
vt 0.489936 0.897862
vt 0.483267 0.919846
vt 0.472438 0.940106
vt 0.457864 0.957864
vt 0.440106 0.972438
vt 0.419846 0.983267
vt 0.397862 0.989936
vt 0.375000 0.992188
vt 0.364786 0.875000
vt 0.364982 0.876993
vt 0.365563 0.878909
vt 0.366507 0.880675
vt 0.367777 0.882223
vt 0.369325 0.883493
vt 0.371091 0.884437
vt 0.373007 0.885018
vt 0.350345 0.875000
vt 0.350819 0.879810
vt 0.352222 0.884435
vt 0.354500 0.888698
vt 0.357566 0.892434
vt 0.361302 0.895500
vt 0.365565 0.897778
vt 0.370190 0.899181
vt 0.333158 0.875000
vt 0.333962 0.883163
vt 0.336343 0.891012
vt 0.340210 0.898246
vt 0.345413 0.904587
vt 0.351754 0.909791
vt 0.358988 0.913657
vt 0.366837 0.916038
vt 0.314704 0.875000
vt 0.315862 0.886763
vt 0.319293 0.898074
vt 0.324865 0.908499
vt 0.332364 0.917636
vt 0.341501 0.925135
vt 0.351926 0.930707
vt 0.363237 0.934138
vt 0.296462 0.875000
vt 0.297971 0.890322
vt 0.302441 0.905055
vt 0.309698 0.918633
vt 0.319465 0.930534
vt 0.331367 0.940302
vt 0.344945 0.947559
vt 0.359678 0.952029
vt 0.279914 0.875000
vt 0.281741 0.893551
vt 0.287152 0.911388
vt 0.295939 0.927827
vt 0.307764 0.942236
vt 0.322173 0.954061
vt 0.338612 0.962848
vt 0.356450 0.968259
vt 0.266537 0.875000
vt 0.268621 0.896160
vt 0.274793 0.916507
vt 0.284816 0.935259
vt 0.298305 0.951695
vt 0.314741 0.965184
vt 0.333493 0.975207
vt 0.353840 0.981379
vt 0.257812 0.875000
vt 0.260064 0.897862
vt 0.266733 0.919846
vt 0.277562 0.940106
vt 0.292136 0.957864
vt 0.309894 0.972438
vt 0.330154 0.983267
vt 0.352138 0.989936
vt 0.373007 0.864982
vt 0.371091 0.865563
vt 0.369325 0.866507
vt 0.367777 0.867777
vt 0.366507 0.869325
vt 0.365563 0.871091
vt 0.364982 0.873007
vt 0.370190 0.850819
vt 0.365565 0.852222
vt 0.361302 0.854500
vt 0.357566 0.857566
vt 0.354500 0.861302
vt 0.352222 0.865565
vt 0.350819 0.870190
vt 0.366837 0.833962
vt 0.358988 0.836343
vt 0.351754 0.840209
vt 0.345413 0.845413
vt 0.340210 0.851754
vt 0.336343 0.858988
vt 0.333962 0.866837
vt 0.363237 0.815862
vt 0.351926 0.819293
vt 0.341501 0.824865
vt 0.332364 0.832364
vt 0.324865 0.841501
vt 0.319293 0.851926
vt 0.315862 0.863237
vt 0.359678 0.797971
vt 0.344945 0.802441
vt 0.331367 0.809698
vt 0.319465 0.819466
vt 0.309698 0.831367
vt 0.302441 0.844945
vt 0.297971 0.859678
vt 0.356450 0.781741
vt 0.338612 0.787152
vt 0.322173 0.795939
vt 0.307764 0.807764
vt 0.295939 0.822173
vt 0.287152 0.838612
vt 0.281741 0.856450
vt 0.353840 0.768621
vt 0.333493 0.774793
vt 0.314741 0.784816
vt 0.298305 0.798305
vt 0.284816 0.814741
vt 0.274793 0.833493
vt 0.268621 0.853840
vt 0.352138 0.760064
vt 0.330154 0.766733
vt 0.309894 0.777562
vt 0.292136 0.792136
vt 0.277562 0.809894
vt 0.266733 0.830154
vt 0.260064 0.852138
vt 0.031250 0.500000
vt 0.000000 0.500000
vt 0.000000 0.494853
vt 0.031250 0.494853
vt 0.062500 0.500000
vt 0.062500 0.494853
vt 0.093750 0.500000
vt 0.093750 0.494853
vt 0.125000 0.500000
vt 0.125000 0.494853
vt 0.156250 0.500000
vt 0.156250 0.494853
vt 0.187500 0.500000
vt 0.187500 0.494853
vt 0.218750 0.500000
vt 0.218750 0.494853
vt 0.250000 0.500000
vt 0.250000 0.494853
vt 0.000000 0.486404
vt 0.031250 0.486404
vt 0.062500 0.486404
vt 0.093750 0.486404
vt 0.125000 0.486404
vt 0.156250 0.486404
vt 0.187500 0.486404
vt 0.218750 0.486404
vt 0.250000 0.486404
vt 0.000000 0.474796
vt 0.031250 0.474796
vt 0.062500 0.474796
vt 0.093750 0.474796
vt 0.125000 0.474796
vt 0.156250 0.474796
vt 0.187500 0.474796
vt 0.218750 0.474796
vt 0.250000 0.474796
vt 0.000000 0.460171
vt 0.031250 0.460171
vt 0.062500 0.460171
vt 0.093750 0.460171
vt 0.125000 0.460171
vt 0.156250 0.460171
vt 0.187500 0.460171
vt 0.218750 0.460171
vt 0.250000 0.460171
vt 0.000000 0.442674
vt 0.031250 0.442674
vt 0.062500 0.442674
vt 0.093750 0.442674
vt 0.125000 0.442674
vt 0.156250 0.442674
vt 0.187500 0.442674
vt 0.218750 0.442674
vt 0.250000 0.442674
vt 0.000000 0.422447
vt 0.031250 0.422447
vt 0.062500 0.422447
vt 0.093750 0.422447
vt 0.125000 0.422447
vt 0.156250 0.422447
vt 0.187500 0.422447
vt 0.218750 0.422447
vt 0.250000 0.422447
vt 0.000000 0.399633
vt 0.031250 0.399633
vt 0.062500 0.399633
vt 0.093750 0.399633
vt 0.125000 0.399633
vt 0.156250 0.399633
vt 0.187500 0.399633
vt 0.218750 0.399633
vt 0.250000 0.399633
vt 0.000000 0.374375
vt 0.031250 0.374375
vt 0.062500 0.374375
vt 0.093750 0.374375
vt 0.125000 0.374375
vt 0.156250 0.374375
vt 0.187500 0.374375
vt 0.218750 0.374375
vt 0.250000 0.374375
vt 0.281250 0.500000
vt 0.281250 0.494853
vt 0.312500 0.500000
vt 0.312500 0.494853
vt 0.343750 0.500000
vt 0.343750 0.494853
vt 0.375000 0.500000
vt 0.375000 0.494853
vt 0.406250 0.500000
vt 0.406250 0.494853
vt 0.437500 0.500000
vt 0.437500 0.494853
vt 0.468750 0.500000
vt 0.468750 0.494853
vt 0.500000 0.500000
vt 0.500000 0.494853
vt 0.281250 0.486404
vt 0.312500 0.486404
vt 0.343750 0.486404
vt 0.375000 0.486404
vt 0.406250 0.486404
vt 0.437500 0.486404
vt 0.468750 0.486404
vt 0.500000 0.486404
vt 0.281250 0.474796
vt 0.312500 0.474796
vt 0.343750 0.474796
vt 0.375000 0.474796
vt 0.406250 0.474796
vt 0.437500 0.474796
vt 0.468750 0.474796
vt 0.500000 0.474796
vt 0.281250 0.460171
vt 0.312500 0.460171
vt 0.343750 0.460171
vt 0.375000 0.460171
vt 0.406250 0.460171
vt 0.437500 0.460171
vt 0.468750 0.460171
vt 0.500000 0.460171
vt 0.281250 0.442674
vt 0.312500 0.442674
vt 0.343750 0.442674
vt 0.375000 0.442674
vt 0.406250 0.442674
vt 0.437500 0.442674
vt 0.468750 0.442674
vt 0.500000 0.442674
vt 0.281250 0.422447
vt 0.312500 0.422447
vt 0.343750 0.422447
vt 0.375000 0.422447
vt 0.406250 0.422447
vt 0.437500 0.422447
vt 0.468750 0.422447
vt 0.281250 0.399633
vt 0.312500 0.399633
vt 0.343750 0.399633
vt 0.375000 0.399633
vt 0.406250 0.399633
vt 0.437500 0.399633
vt 0.468750 0.399633
vt 0.281250 0.374375
vt 0.312500 0.374375
vt 0.343750 0.374375
vt 0.375000 0.374375
vt 0.406250 0.374375
vt 0.437500 0.374375
vt 0.468750 0.374375
vt 0.487057 0.378526
vt 0.500000 0.374375
vt 0.500000 0.376129
vt 0.478014 0.384454
vt 0.473031 0.392255
vt 0.471775 0.399633
vt 0.471528 0.400964
vt 0.473064 0.410908
vt 0.478177 0.419864
vt 0.481725 0.422447
vt 0.487251 0.427297
vt 0.500000 0.430078
vt 0.750000 0.494853
vt 0.750000 0.500000
vt 0.718750 0.500000
vt 0.718750 0.494853
vt 0.687500 0.500000
vt 0.687500 0.494853
vt 0.656250 0.500000
vt 0.656250 0.494853
vt 0.625000 0.500000
vt 0.625000 0.494853
vt 0.593750 0.500000
vt 0.593750 0.494853
vt 0.562500 0.500000
vt 0.562500 0.494853
vt 0.531250 0.500000
vt 0.531250 0.494853
vt 0.750000 0.486404
vt 0.718750 0.486404
vt 0.687500 0.486404
vt 0.656250 0.486404
vt 0.625000 0.486404
vt 0.593750 0.486404
vt 0.562500 0.486404
vt 0.531250 0.486404
vt 0.750000 0.474796
vt 0.718750 0.474796
vt 0.687500 0.474796
vt 0.656250 0.474796
vt 0.625000 0.474796
vt 0.593750 0.474796
vt 0.562500 0.474796
vt 0.531250 0.474796
vt 0.750000 0.460171
vt 0.718750 0.460171
vt 0.687500 0.460171
vt 0.656250 0.460171
vt 0.625000 0.460171
vt 0.593750 0.460171
vt 0.562500 0.460171
vt 0.531250 0.460171
vt 0.750000 0.442674
vt 0.718750 0.442674
vt 0.687500 0.442674
vt 0.656250 0.442674
vt 0.625000 0.442674
vt 0.593750 0.442674
vt 0.562500 0.442674
vt 0.531250 0.442674
vt 0.750000 0.422447
vt 0.718750 0.422447
vt 0.687500 0.422447
vt 0.656250 0.422447
vt 0.625000 0.422447
vt 0.593750 0.422447
vt 0.562500 0.422447
vt 0.531250 0.422447
vt 0.750000 0.399633
vt 0.718750 0.399633
vt 0.687500 0.399633
vt 0.656250 0.399633
vt 0.625000 0.399633
vt 0.593750 0.399633
vt 0.562500 0.399633
vt 0.531250 0.399633
vt 0.750000 0.374375
vt 0.718750 0.374375
vt 0.687500 0.374375
vt 0.656250 0.374375
vt 0.625000 0.374375
vt 0.593750 0.374375
vt 0.562500 0.374375
vt 0.531250 0.374375
vt 0.512943 0.378526
vt 0.521986 0.384454
vt 0.526969 0.392255
vt 0.528225 0.399633
vt 0.528472 0.400964
vt 0.526936 0.410908
vt 0.521823 0.419864
vt 0.518275 0.422447
vt 0.512749 0.427297
vt 1.000000 0.494853
vt 1.000000 0.500000
vt 0.968750 0.500000
vt 0.968750 0.494853
vt 0.937500 0.500000
vt 0.937500 0.494853
vt 0.906250 0.500000
vt 0.906250 0.494853
vt 0.875000 0.500000
vt 0.875000 0.494853
vt 0.843750 0.500000
vt 0.843750 0.494853
vt 0.812500 0.500000
vt 0.812500 0.494853
vt 0.781250 0.500000
vt 0.781250 0.494853
vt 1.000000 0.486404
vt 0.968750 0.486404
vt 0.937500 0.486404
vt 0.906250 0.486404
vt 0.875000 0.486404
vt 0.843750 0.486404
vt 0.812500 0.486404
vt 0.781250 0.486404
vt 1.000000 0.474796
vt 0.968750 0.474796
vt 0.937500 0.474796
vt 0.906250 0.474796
vt 0.875000 0.474796
vt 0.843750 0.474796
vt 0.812500 0.474796
vt 0.781250 0.474796
vt 1.000000 0.460171
vt 0.968750 0.460171
vt 0.937500 0.460171
vt 0.906250 0.460171
vt 0.875000 0.460171
vt 0.843750 0.460171
vt 0.812500 0.460171
vt 0.781250 0.460171
vt 1.000000 0.442674
vt 0.968750 0.442674
vt 0.937500 0.442674
vt 0.906250 0.442674
vt 0.875000 0.442674
vt 0.843750 0.442674
vt 0.812500 0.442674
vt 0.781250 0.442674
vt 1.000000 0.422447
vt 0.968750 0.422447
vt 0.937500 0.422447
vt 0.906250 0.422447
vt 0.875000 0.422447
vt 0.843750 0.422447
vt 0.812500 0.422447
vt 0.781250 0.422447
vt 1.000000 0.399633
vt 0.968750 0.399633
vt 0.937500 0.399633
vt 0.906250 0.399633
vt 0.875000 0.399633
vt 0.843750 0.399633
vt 0.812500 0.399633
vt 0.781250 0.399633
vt 1.000000 0.374375
vt 0.968750 0.374375
vt 0.937500 0.374375
vt 0.906250 0.374375
vt 0.875000 0.374375
vt 0.843750 0.374375
vt 0.812500 0.374375
vt 0.781250 0.374375
vt 0.000000 0.347120
vt 0.031250 0.347120
vt 0.062500 0.347120
vt 0.093750 0.347120
vt 0.125000 0.347120
vt 0.156250 0.347120
vt 0.187500 0.347120
vt 0.218750 0.347120
vt 0.250000 0.347120
vt 0.000000 0.324822
vt 0.031250 0.324822
vt 0.062500 0.324822
vt 0.093750 0.324822
vt 0.125000 0.324822
vt 0.156250 0.324822
vt 0.187500 0.324822
vt 0.218750 0.324822
vt 0.250000 0.324822
vt 0.000000 0.306969
vt 0.031250 0.306969
vt 0.062500 0.306969
vt 0.093750 0.306969
vt 0.125000 0.306969
vt 0.156250 0.306969
vt 0.187500 0.306969
vt 0.218750 0.306969
vt 0.250000 0.306969
vt 0.000000 0.293046
vt 0.031250 0.293046
vt 0.062500 0.293046
vt 0.093750 0.293046
vt 0.125000 0.293046
vt 0.156250 0.293046
vt 0.187500 0.293046
vt 0.218750 0.293046
vt 0.250000 0.293046
vt 0.000000 0.282541
vt 0.031250 0.282541
vt 0.062500 0.282541
vt 0.093750 0.282541
vt 0.125000 0.282541
vt 0.156250 0.282541
vt 0.187500 0.282541
vt 0.218750 0.282541
vt 0.250000 0.282541
vt 0.000000 0.274941
vt 0.031250 0.274941
vt 0.062500 0.274941
vt 0.093750 0.274941
vt 0.125000 0.274941
vt 0.156250 0.274941
vt 0.187500 0.274941
vt 0.218750 0.274941
vt 0.250000 0.274941
vt 0.000000 0.269731
vt 0.031250 0.269731
vt 0.062500 0.269731
vt 0.093750 0.269731
vt 0.125000 0.269731
vt 0.156250 0.269731
vt 0.187500 0.269731
vt 0.218750 0.269731
vt 0.250000 0.269731
vt 0.000000 0.266400
vt 0.031250 0.266400
vt 0.062500 0.266400
vt 0.093750 0.266400
vt 0.125000 0.266400
vt 0.156250 0.266400
vt 0.187500 0.266400
vt 0.218750 0.266400
vt 0.250000 0.266400
vt 0.281250 0.347120
vt 0.312500 0.347120
vt 0.343750 0.347120
vt 0.375000 0.347120
vt 0.406250 0.347120
vt 0.437500 0.347120
vt 0.468750 0.347120
vt 0.500000 0.347120
vt 0.281250 0.324822
vt 0.312500 0.324822
vt 0.343750 0.324822
vt 0.375000 0.324822
vt 0.406250 0.324822
vt 0.437500 0.324822
vt 0.468750 0.324822
vt 0.500000 0.324822
vt 0.281250 0.306969
vt 0.312500 0.306969
vt 0.343750 0.306969
vt 0.375000 0.306969
vt 0.406250 0.306969
vt 0.437500 0.306969
vt 0.468750 0.306969
vt 0.500000 0.306969
vt 0.281250 0.293046
vt 0.312500 0.293046
vt 0.343750 0.293046
vt 0.375000 0.293046
vt 0.406250 0.293046
vt 0.437500 0.293046
vt 0.468750 0.293046
vt 0.500000 0.293046
vt 0.281250 0.282541
vt 0.312500 0.282541
vt 0.343750 0.282541
vt 0.375000 0.282541
vt 0.406250 0.282541
vt 0.437500 0.282541
vt 0.468750 0.282541
vt 0.500000 0.282541
vt 0.281250 0.274941
vt 0.312500 0.274941
vt 0.343750 0.274941
vt 0.375000 0.274941
vt 0.406250 0.274941
vt 0.437500 0.274941
vt 0.468750 0.274941
vt 0.500000 0.274941
vt 0.281250 0.269731
vt 0.312500 0.269731
vt 0.343750 0.269731
vt 0.375000 0.269731
vt 0.406250 0.269731
vt 0.437500 0.269731
vt 0.468750 0.269731
vt 0.500000 0.269731
vt 0.281250 0.266400
vt 0.312500 0.266400
vt 0.343750 0.266400
vt 0.375000 0.266400
vt 0.406250 0.266400
vt 0.437500 0.266400
vt 0.468750 0.266400
vt 0.500000 0.266400
vt 0.750000 0.347120
vt 0.718750 0.347120
vt 0.687500 0.347120
vt 0.656250 0.347120
vt 0.625000 0.347120
vt 0.593750 0.347120
vt 0.562500 0.347120
vt 0.531250 0.347120
vt 0.750000 0.324822
vt 0.718750 0.324822
vt 0.687500 0.324822
vt 0.656250 0.324822
vt 0.625000 0.324822
vt 0.593750 0.324822
vt 0.562500 0.324822
vt 0.531250 0.324822
vt 0.750000 0.306969
vt 0.718750 0.306969
vt 0.687500 0.306969
vt 0.656250 0.306969
vt 0.625000 0.306969
vt 0.593750 0.306969
vt 0.562500 0.306969
vt 0.531250 0.306969
vt 0.750000 0.293046
vt 0.718750 0.293046
vt 0.687500 0.293046
vt 0.656250 0.293046
vt 0.625000 0.293046
vt 0.593750 0.293046
vt 0.562500 0.293046
vt 0.531250 0.293046
vt 0.750000 0.282541
vt 0.718750 0.282541
vt 0.687500 0.282541
vt 0.656250 0.282541
vt 0.625000 0.282541
vt 0.593750 0.282541
vt 0.562500 0.282541
vt 0.531250 0.282541
vt 0.750000 0.274941
vt 0.718750 0.274941
vt 0.687500 0.274941
vt 0.656250 0.274941
vt 0.625000 0.274941
vt 0.593750 0.274941
vt 0.562500 0.274941
vt 0.531250 0.274941
vt 0.750000 0.269731
vt 0.718750 0.269731
vt 0.687500 0.269731
vt 0.656250 0.269731
vt 0.625000 0.269731
vt 0.593750 0.269731
vt 0.562500 0.269731
vt 0.531250 0.269731
vt 0.750000 0.266400
vt 0.718750 0.266400
vt 0.687500 0.266400
vt 0.656250 0.266400
vt 0.625000 0.266400
vt 0.593750 0.266400
vt 0.562500 0.266400
vt 0.531250 0.266400
vt 1.000000 0.347120
vt 0.968750 0.347120
vt 0.937500 0.347120
vt 0.906250 0.347120
vt 0.875000 0.347120
vt 0.843750 0.347120
vt 0.812500 0.347120
vt 0.781250 0.347120
vt 1.000000 0.324822
vt 0.968750 0.324822
vt 0.937500 0.324822
vt 0.906250 0.324822
vt 0.875000 0.324822
vt 0.843750 0.324822
vt 0.812500 0.324822
vt 0.781250 0.324822
vt 1.000000 0.306969
vt 0.968750 0.306969
vt 0.937500 0.306969
vt 0.906250 0.306969
vt 0.875000 0.306969
vt 0.843750 0.306969
vt 0.812500 0.306969
vt 0.781250 0.306969
vt 1.000000 0.293046
vt 0.968750 0.293046
vt 0.937500 0.293046
vt 0.906250 0.293046
vt 0.875000 0.293046
vt 0.843750 0.293046
vt 0.812500 0.293046
vt 0.781250 0.293046
vt 1.000000 0.282541
vt 0.968750 0.282541
vt 0.937500 0.282541
vt 0.906250 0.282541
vt 0.875000 0.282541
vt 0.843750 0.282541
vt 0.812500 0.282541
vt 0.781250 0.282541
vt 1.000000 0.274941
vt 0.968750 0.274941
vt 0.937500 0.274941
vt 0.906250 0.274941
vt 0.875000 0.274941
vt 0.843750 0.274941
vt 0.812500 0.274941
vt 0.781250 0.274941
vt 1.000000 0.269731
vt 0.968750 0.269731
vt 0.937500 0.269731
vt 0.906250 0.269731
vt 0.875000 0.269731
vt 0.843750 0.269731
vt 0.812500 0.269731
vt 0.781250 0.269731
vt 1.000000 0.266400
vt 0.968750 0.266400
vt 0.937500 0.266400
vt 0.906250 0.266400
vt 0.875000 0.266400
vt 0.843750 0.266400
vt 0.812500 0.266400
vt 0.781250 0.266400
vt 0.000000 0.264760
vt 0.031250 0.264760
vt 0.062500 0.264760
vt 0.093750 0.264760
vt 0.125000 0.264760
vt 0.156250 0.264760
vt 0.187500 0.264760
vt 0.218750 0.264760
vt 0.250000 0.264760
vt 0.000000 0.262956
vt 0.031250 0.262956
vt 0.062500 0.262956
vt 0.093750 0.262956
vt 0.125000 0.262956
vt 0.156250 0.262956
vt 0.187500 0.262956
vt 0.218750 0.262956
vt 0.250000 0.262956
vt 0.000000 0.261011
vt 0.031250 0.261011
vt 0.062500 0.261011
vt 0.093750 0.261011
vt 0.125000 0.261011
vt 0.156250 0.261011
vt 0.187500 0.261011
vt 0.218750 0.261011
vt 0.250000 0.261011
vt 0.000000 0.258949
vt 0.031250 0.258949
vt 0.062500 0.258949
vt 0.093750 0.258949
vt 0.125000 0.258949
vt 0.156250 0.258949
vt 0.187500 0.258949
vt 0.218750 0.258949
vt 0.250000 0.258949
vt 0.000000 0.256794
vt 0.031250 0.256794
vt 0.062500 0.256794
vt 0.093750 0.256794
vt 0.125000 0.256794
vt 0.156250 0.256794
vt 0.187500 0.256794
vt 0.218750 0.256794
vt 0.250000 0.256794
vt 0.000000 0.254568
vt 0.031250 0.254568
vt 0.062500 0.254568
vt 0.093750 0.254568
vt 0.125000 0.254568
vt 0.156250 0.254568
vt 0.187500 0.254568
vt 0.218750 0.254568
vt 0.250000 0.254568
vt 0.000000 0.252296
vt 0.031250 0.252296
vt 0.062500 0.252296
vt 0.093750 0.252296
vt 0.125000 0.252296
vt 0.156250 0.252296
vt 0.187500 0.252296
vt 0.218750 0.252296
vt 0.250000 0.252296
vt 0.281250 0.264760
vt 0.312500 0.264760
vt 0.343750 0.264760
vt 0.375000 0.264760
vt 0.406250 0.264760
vt 0.437500 0.264760
vt 0.468750 0.264760
vt 0.500000 0.264760
vt 0.281250 0.262956
vt 0.312500 0.262956
vt 0.343750 0.262956
vt 0.375000 0.262956
vt 0.406250 0.262956
vt 0.437500 0.262956
vt 0.468750 0.262956
vt 0.500000 0.262956
vt 0.281250 0.261011
vt 0.312500 0.261011
vt 0.343750 0.261011
vt 0.375000 0.261011
vt 0.406250 0.261011
vt 0.437500 0.261011
vt 0.468750 0.261011
vt 0.500000 0.261011
vt 0.281250 0.258949
vt 0.312500 0.258949
vt 0.343750 0.258949
vt 0.375000 0.258949
vt 0.406250 0.258949
vt 0.437500 0.258949
vt 0.468750 0.258949
vt 0.500000 0.258949
vt 0.281250 0.256794
vt 0.312500 0.256794
vt 0.343750 0.256794
vt 0.375000 0.256794
vt 0.406250 0.256794
vt 0.437500 0.256794
vt 0.468750 0.256794
vt 0.500000 0.256794
vt 0.281250 0.254568
vt 0.312500 0.254568
vt 0.343750 0.254568
vt 0.375000 0.254568
vt 0.406250 0.254568
vt 0.437500 0.254568
vt 0.468750 0.254568
vt 0.500000 0.254568
vt 0.281250 0.252296
vt 0.312500 0.252296
vt 0.343750 0.252296
vt 0.375000 0.252296
vt 0.406250 0.252296
vt 0.437500 0.252296
vt 0.468750 0.252296
vt 0.500000 0.252296
vt 0.750000 0.264760
vt 0.718750 0.264760
vt 0.687500 0.264760
vt 0.656250 0.264760
vt 0.625000 0.264760
vt 0.593750 0.264760
vt 0.562500 0.264760
vt 0.531250 0.264760
vt 0.750000 0.262956
vt 0.718750 0.262956
vt 0.687500 0.262956
vt 0.656250 0.262956
vt 0.625000 0.262956
vt 0.593750 0.262956
vt 0.562500 0.262956
vt 0.531250 0.262956
vt 0.750000 0.261011
vt 0.718750 0.261011
vt 0.687500 0.261011
vt 0.656250 0.261011
vt 0.625000 0.261011
vt 0.593750 0.261011
vt 0.562500 0.261011
vt 0.531250 0.261011
vt 0.750000 0.258949
vt 0.718750 0.258949
vt 0.687500 0.258949
vt 0.656250 0.258949
vt 0.625000 0.258949
vt 0.593750 0.258949
vt 0.562500 0.258949
vt 0.531250 0.258949
vt 0.750000 0.256794
vt 0.718750 0.256794
vt 0.687500 0.256794
vt 0.656250 0.256794
vt 0.625000 0.256794
vt 0.593750 0.256794
vt 0.562500 0.256794
vt 0.531250 0.256794
vt 0.750000 0.254568
vt 0.718750 0.254568
vt 0.687500 0.254568
vt 0.656250 0.254568
vt 0.625000 0.254568
vt 0.593750 0.254568
vt 0.562500 0.254568
vt 0.531250 0.254568
vt 0.750000 0.252296
vt 0.718750 0.252296
vt 0.687500 0.252296
vt 0.656250 0.252296
vt 0.625000 0.252296
vt 0.593750 0.252296
vt 0.562500 0.252296
vt 0.531250 0.252296
vt 1.000000 0.264760
vt 0.968750 0.264760
vt 0.937500 0.264760
vt 0.906250 0.264760
vt 0.875000 0.264760
vt 0.843750 0.264760
vt 0.812500 0.264760
vt 0.781250 0.264760
vt 1.000000 0.262956
vt 0.968750 0.262956
vt 0.937500 0.262956
vt 0.906250 0.262956
vt 0.875000 0.262956
vt 0.843750 0.262956
vt 0.812500 0.262956
vt 0.781250 0.262956
vt 1.000000 0.261011
vt 0.968750 0.261011
vt 0.937500 0.261011
vt 0.906250 0.261011
vt 0.875000 0.261011
vt 0.843750 0.261011
vt 0.812500 0.261011
vt 0.781250 0.261011
vt 1.000000 0.258949
vt 0.968750 0.258949
vt 0.937500 0.258949
vt 0.906250 0.258949
vt 0.875000 0.258949
vt 0.843750 0.258949
vt 0.812500 0.258949
vt 0.781250 0.258949
vt 1.000000 0.256794
vt 0.968750 0.256794
vt 0.937500 0.256794
vt 0.906250 0.256794
vt 0.875000 0.256794
vt 0.843750 0.256794
vt 0.812500 0.256794
vt 0.781250 0.256794
vt 1.000000 0.254568
vt 0.968750 0.254568
vt 0.937500 0.254568
vt 0.906250 0.254568
vt 0.875000 0.254568
vt 0.843750 0.254568
vt 0.812500 0.254568
vt 0.781250 0.254568
vt 1.000000 0.252296
vt 0.968750 0.252296
vt 0.937500 0.252296
vt 0.906250 0.252296
vt 0.875000 0.252296
vt 0.843750 0.252296
vt 0.812500 0.252296
vt 0.781250 0.252296
vt 0.647862 0.989936
vt 0.625000 0.992188
vt 0.625000 0.989687
vt 0.647374 0.987483
vt 0.669846 0.983267
vt 0.668889 0.980957
vt 0.690106 0.972438
vt 0.688717 0.970359
vt 0.707864 0.957864
vt 0.706096 0.956096
vt 0.722438 0.940106
vt 0.720359 0.938717
vt 0.733267 0.919846
vt 0.730957 0.918889
vt 0.739936 0.897862
vt 0.737483 0.897374
vt 0.742188 0.875000
vt 0.739687 0.875000
vt 0.625000 0.987627
vt 0.646972 0.985463
vt 0.668100 0.979054
vt 0.687572 0.968646
vt 0.704639 0.954639
vt 0.718646 0.937572
vt 0.729054 0.918100
vt 0.735463 0.896972
vt 0.737627 0.875000
vt 0.625000 0.985898
vt 0.646635 0.983767
vt 0.667439 0.977456
vt 0.686611 0.967208
vt 0.703417 0.953417
vt 0.717208 0.936611
vt 0.727456 0.917439
vt 0.733767 0.896635
vt 0.735898 0.875000
vt 0.625000 0.984388
vt 0.646341 0.982287
vt 0.666861 0.976062
vt 0.685773 0.965953
vt 0.702349 0.952349
vt 0.715953 0.935773
vt 0.726062 0.916861
vt 0.732287 0.896341
vt 0.734388 0.875000
vt 0.625000 0.982988
vt 0.646067 0.980913
vt 0.666325 0.974768
vt 0.684995 0.964789
vt 0.701359 0.951359
vt 0.714789 0.934995
vt 0.724768 0.916325
vt 0.730913 0.896067
vt 0.732988 0.875000
vt 0.625000 0.981586
vt 0.645794 0.979538
vt 0.665789 0.973473
vt 0.684216 0.963623
vt 0.700368 0.950368
vt 0.713623 0.934216
vt 0.723473 0.915789
vt 0.729538 0.895794
vt 0.731586 0.875000
vt 0.625000 0.980072
vt 0.645499 0.978054
vt 0.665209 0.972074
vt 0.683375 0.962364
vt 0.699297 0.949297
vt 0.712364 0.933375
vt 0.722074 0.915209
vt 0.728054 0.895499
vt 0.730072 0.875000
vt 0.625000 0.978336
vt 0.645160 0.976350
vt 0.664545 0.970470
vt 0.682410 0.960921
vt 0.698070 0.948070
vt 0.710921 0.932410
vt 0.720470 0.914545
vt 0.726350 0.895160
vt 0.728336 0.875000
vt 0.739936 0.852138
vt 0.737483 0.852626
vt 0.733267 0.830154
vt 0.730957 0.831111
vt 0.722438 0.809894
vt 0.720359 0.811283
vt 0.707864 0.792136
vt 0.706096 0.793904
vt 0.690106 0.777562
vt 0.688716 0.779641
vt 0.669846 0.766733
vt 0.668889 0.769043
vt 0.647862 0.760064
vt 0.647374 0.762517
vt 0.625000 0.757812
vt 0.625000 0.760313
vt 0.735463 0.853028
vt 0.729054 0.831900
vt 0.718646 0.812428
vt 0.704639 0.795361
vt 0.687572 0.781354
vt 0.668100 0.770946
vt 0.646972 0.764537
vt 0.625000 0.762373
vt 0.733767 0.853365
vt 0.727456 0.832561
vt 0.717208 0.813389
vt 0.703417 0.796583
vt 0.686611 0.782792
vt 0.667439 0.772544
vt 0.646635 0.766233
vt 0.625000 0.764102
vt 0.732287 0.853659
vt 0.726062 0.833139
vt 0.715953 0.814227
vt 0.702349 0.797651
vt 0.685773 0.784047
vt 0.666861 0.773938
vt 0.646341 0.767713
vt 0.625000 0.765612
vt 0.730913 0.853933
vt 0.724768 0.833675
vt 0.714789 0.815005
vt 0.701359 0.798641
vt 0.684995 0.785211
vt 0.666325 0.775232
vt 0.646067 0.769087
vt 0.625000 0.767012
vt 0.729538 0.854206
vt 0.723473 0.834211
vt 0.713623 0.815784
vt 0.700368 0.799632
vt 0.684216 0.786377
vt 0.665789 0.776527
vt 0.645794 0.770462
vt 0.625000 0.768414
vt 0.728054 0.854501
vt 0.722074 0.834791
vt 0.712364 0.816625
vt 0.699297 0.800703
vt 0.683375 0.787635
vt 0.665209 0.777926
vt 0.645499 0.771946
vt 0.625000 0.769928
vt 0.726350 0.854840
vt 0.720470 0.835455
vt 0.710921 0.817590
vt 0.698070 0.801930
vt 0.682410 0.789079
vt 0.664545 0.779530
vt 0.645160 0.773650
vt 0.625000 0.771664
vt 0.510313 0.875000
vt 0.507812 0.875000
vt 0.510064 0.852138
vt 0.512517 0.852626
vt 0.516733 0.830154
vt 0.519043 0.831111
vt 0.527562 0.809894
vt 0.529641 0.811283
vt 0.542136 0.792136
vt 0.543904 0.793904
vt 0.559894 0.777562
vt 0.561284 0.779641
vt 0.580154 0.766733
vt 0.581111 0.769043
vt 0.602138 0.760064
vt 0.602626 0.762517
vt 0.512373 0.875000
vt 0.514537 0.853028
vt 0.520946 0.831900
vt 0.531354 0.812428
vt 0.545361 0.795361
vt 0.562428 0.781354
vt 0.581900 0.770946
vt 0.603028 0.764537
vt 0.514102 0.875000
vt 0.516233 0.853365
vt 0.522544 0.832561
vt 0.532792 0.813389
vt 0.546583 0.796583
vt 0.563389 0.782792
vt 0.582561 0.772544
vt 0.603365 0.766233
vt 0.515612 0.875000
vt 0.517713 0.853659
vt 0.523938 0.833139
vt 0.534047 0.814227
vt 0.547651 0.797651
vt 0.564227 0.784047
vt 0.583139 0.773938
vt 0.603659 0.767713
vt 0.517012 0.875000
vt 0.519087 0.853933
vt 0.525232 0.833675
vt 0.535211 0.815005
vt 0.548641 0.798641
vt 0.565005 0.785211
vt 0.583675 0.775232
vt 0.603933 0.769087
vt 0.518414 0.875000
vt 0.520462 0.854206
vt 0.526527 0.834211
vt 0.536377 0.815784
vt 0.549632 0.799632
vt 0.565784 0.786377
vt 0.584211 0.776527
vt 0.604206 0.770462
vt 0.519928 0.875000
vt 0.521946 0.854501
vt 0.527926 0.834791
vt 0.537636 0.816625
vt 0.550703 0.800703
vt 0.566625 0.787635
vt 0.584791 0.777926
vt 0.604501 0.771946
vt 0.521664 0.875000
vt 0.523650 0.854840
vt 0.529530 0.835455
vt 0.539079 0.817590
vt 0.551930 0.801930
vt 0.567590 0.789079
vt 0.585455 0.779530
vt 0.604840 0.773650
vt 0.602138 0.989936
vt 0.602626 0.987483
vt 0.580154 0.983267
vt 0.581111 0.980957
vt 0.559894 0.972438
vt 0.561283 0.970359
vt 0.542136 0.957864
vt 0.543904 0.956096
vt 0.527562 0.940106
vt 0.529641 0.938717
vt 0.516733 0.919846
vt 0.519043 0.918889
vt 0.510064 0.897862
vt 0.512517 0.897374
vt 0.603028 0.985463
vt 0.581900 0.979054
vt 0.562428 0.968646
vt 0.545361 0.954639
vt 0.531354 0.937572
vt 0.520946 0.918100
vt 0.514537 0.896972
vt 0.603365 0.983767
vt 0.582561 0.977456
vt 0.563389 0.967208
vt 0.546583 0.953417
vt 0.532792 0.936611
vt 0.522544 0.917439
vt 0.516233 0.896635
vt 0.603659 0.982287
vt 0.583139 0.976062
vt 0.564227 0.965953
vt 0.547651 0.952349
vt 0.534047 0.935773
vt 0.523938 0.916861
vt 0.517713 0.896341
vt 0.603933 0.980913
vt 0.583675 0.974768
vt 0.565005 0.964789
vt 0.548641 0.951359
vt 0.535211 0.934995
vt 0.525232 0.916325
vt 0.519087 0.896067
vt 0.604206 0.979538
vt 0.584211 0.973473
vt 0.565784 0.963623
vt 0.549632 0.950368
vt 0.536377 0.934216
vt 0.526527 0.915789
vt 0.520462 0.895794
vt 0.604501 0.978054
vt 0.584791 0.972074
vt 0.566625 0.962364
vt 0.550703 0.949297
vt 0.537636 0.933375
vt 0.527926 0.915209
vt 0.521946 0.895499
vt 0.604840 0.976350
vt 0.585455 0.970470
vt 0.567590 0.960921
vt 0.551930 0.948070
vt 0.539079 0.932410
vt 0.529530 0.914545
vt 0.523650 0.895160
vt 0.625000 0.976606
vt 0.644822 0.974653
vt 0.663883 0.968871
vt 0.681449 0.959482
vt 0.696846 0.946846
vt 0.709482 0.931449
vt 0.718871 0.913883
vt 0.724653 0.894822
vt 0.726606 0.875000
vt 0.625000 0.974786
vt 0.644467 0.972869
vt 0.663186 0.967190
vt 0.680438 0.957969
vt 0.695559 0.945559
vt 0.707969 0.930438
vt 0.717190 0.913186
vt 0.722869 0.894467
vt 0.724786 0.875000
vt 0.625000 0.972880
vt 0.644095 0.970999
vt 0.662457 0.965429
vt 0.679379 0.956384
vt 0.694212 0.944212
vt 0.706384 0.929379
vt 0.715429 0.912457
vt 0.720999 0.894095
vt 0.722880 0.875000
vt 0.625000 0.970891
vt 0.643708 0.969049
vt 0.661696 0.963592
vt 0.678274 0.954731
vt 0.692805 0.942805
vt 0.704731 0.928274
vt 0.713592 0.911696
vt 0.719049 0.893707
vt 0.720891 0.875000
vt 0.625000 0.968822
vt 0.643304 0.967019
vt 0.660904 0.961680
vt 0.677125 0.953010
vt 0.691342 0.941342
vt 0.703010 0.927125
vt 0.711680 0.910904
vt 0.717019 0.893304
vt 0.718822 0.875000
vt 0.625000 0.966676
vt 0.642885 0.964914
vt 0.660083 0.959697
vt 0.675932 0.951225
vt 0.689824 0.939824
vt 0.701226 0.925932
vt 0.709697 0.910083
vt 0.714914 0.892885
vt 0.716676 0.875000
vt 0.625000 0.964455
vt 0.642452 0.962736
vt 0.659233 0.957646
vt 0.674699 0.949379
vt 0.688254 0.938254
vt 0.699379 0.924699
vt 0.707646 0.909233
vt 0.712736 0.892452
vt 0.714455 0.875000
vt 0.625000 0.962164
vt 0.642005 0.960489
vt 0.658356 0.955529
vt 0.673426 0.947474
vt 0.686634 0.936634
vt 0.697474 0.923426
vt 0.705529 0.908356
vt 0.710489 0.892005
vt 0.712164 0.875000
vt 0.724653 0.855178
vt 0.718871 0.836117
vt 0.709482 0.818551
vt 0.696846 0.803154
vt 0.681449 0.790518
vt 0.663883 0.781129
vt 0.644822 0.775347
vt 0.625000 0.773394
vt 0.722869 0.855533
vt 0.717190 0.836814
vt 0.707969 0.819562
vt 0.695559 0.804441
vt 0.680438 0.792031
vt 0.663186 0.782810
vt 0.644467 0.777131
vt 0.625000 0.775214
vt 0.720999 0.855905
vt 0.715429 0.837543
vt 0.706384 0.820621
vt 0.694212 0.805788
vt 0.679379 0.793616
vt 0.662457 0.784571
vt 0.644095 0.779001
vt 0.625000 0.777120
vt 0.719049 0.856292
vt 0.713592 0.838304
vt 0.704731 0.821726
vt 0.692805 0.807195
vt 0.678274 0.795269
vt 0.661696 0.786408
vt 0.643708 0.780951
vt 0.625000 0.779109
vt 0.717019 0.856696
vt 0.711680 0.839096
vt 0.703010 0.822875
vt 0.691342 0.808658
vt 0.677125 0.796990
vt 0.660904 0.788320
vt 0.643304 0.782981
vt 0.625000 0.781178
vt 0.714914 0.857115
vt 0.709697 0.839917
vt 0.701225 0.824068
vt 0.689824 0.810176
vt 0.675932 0.798774
vt 0.660083 0.790303
vt 0.642885 0.785086
vt 0.625000 0.783324
vt 0.712736 0.857548
vt 0.707646 0.840767
vt 0.699379 0.825301
vt 0.688254 0.811746
vt 0.674699 0.800621
vt 0.659233 0.792354
vt 0.642452 0.787264
vt 0.625000 0.785545
vt 0.710489 0.857995
vt 0.705529 0.841644
vt 0.697474 0.826574
vt 0.686634 0.813366
vt 0.673426 0.802526
vt 0.658356 0.794471
vt 0.642005 0.789511
vt 0.625000 0.787836
vt 0.523394 0.875000
vt 0.525347 0.855178
vt 0.531129 0.836117
vt 0.540518 0.818551
vt 0.553154 0.803154
vt 0.568551 0.790518
vt 0.586117 0.781129
vt 0.605178 0.775347
vt 0.525214 0.875000
vt 0.527131 0.855533
vt 0.532810 0.836814
vt 0.542031 0.819562
vt 0.554441 0.804441
vt 0.569562 0.792031
vt 0.586814 0.782810
vt 0.605533 0.777131
vt 0.527120 0.875000
vt 0.529001 0.855905
vt 0.534571 0.837543
vt 0.543616 0.820621
vt 0.555788 0.805788
vt 0.570621 0.793616
vt 0.587543 0.784571
vt 0.605905 0.779001
vt 0.529109 0.875000
vt 0.530951 0.856292
vt 0.536408 0.838304
vt 0.545269 0.821726
vt 0.557195 0.807195
vt 0.571726 0.795269
vt 0.588304 0.786408
vt 0.606292 0.780951
vt 0.531178 0.875000
vt 0.532981 0.856696
vt 0.538320 0.839096
vt 0.546990 0.822875
vt 0.558658 0.808658
vt 0.572875 0.796990
vt 0.589096 0.788320
vt 0.606696 0.782981
vt 0.533324 0.875000
vt 0.535086 0.857115
vt 0.540303 0.839917
vt 0.548775 0.824068
vt 0.560176 0.810176
vt 0.574068 0.798774
vt 0.589917 0.790303
vt 0.607115 0.785086
vt 0.535545 0.875000
vt 0.537264 0.857548
vt 0.542354 0.840767
vt 0.550621 0.825301
vt 0.561746 0.811746
vt 0.575301 0.800621
vt 0.590767 0.792354
vt 0.607548 0.787264
vt 0.537836 0.875000
vt 0.539511 0.857995
vt 0.544471 0.841644
vt 0.552526 0.826574
vt 0.563366 0.813366
vt 0.576574 0.802526
vt 0.591644 0.794471
vt 0.607995 0.789511
vt 0.605178 0.974653
vt 0.586117 0.968871
vt 0.568551 0.959482
vt 0.553154 0.946846
vt 0.540518 0.931449
vt 0.531129 0.913883
vt 0.525347 0.894822
vt 0.605533 0.972869
vt 0.586814 0.967190
vt 0.569562 0.957969
vt 0.554441 0.945559
vt 0.542031 0.930438
vt 0.532810 0.913186
vt 0.527131 0.894467
vt 0.605905 0.970999
vt 0.587543 0.965429
vt 0.570621 0.956384
vt 0.555788 0.944212
vt 0.543616 0.929379
vt 0.534571 0.912457
vt 0.529001 0.894095
vt 0.606292 0.969049
vt 0.588304 0.963592
vt 0.571726 0.954731
vt 0.557195 0.942805
vt 0.545269 0.928274
vt 0.536408 0.911696
vt 0.530951 0.893707
vt 0.606696 0.967019
vt 0.589096 0.961680
vt 0.572875 0.953010
vt 0.558658 0.941342
vt 0.546990 0.927125
vt 0.538320 0.910904
vt 0.532981 0.893304
vt 0.607115 0.964914
vt 0.589917 0.959697
vt 0.574068 0.951225
vt 0.560176 0.939824
vt 0.548774 0.925932
vt 0.540303 0.910083
vt 0.535086 0.892885
vt 0.607548 0.962736
vt 0.590767 0.957646
vt 0.575301 0.949379
vt 0.561746 0.938254
vt 0.550621 0.924699
vt 0.542354 0.909233
vt 0.537264 0.892452
vt 0.607995 0.960489
vt 0.591644 0.955529
vt 0.576574 0.947474
vt 0.563366 0.936634
vt 0.552526 0.923426
vt 0.544471 0.908356
vt 0.539511 0.892005
vt 0.625000 0.957575
vt 0.641110 0.955989
vt 0.656600 0.951290
vt 0.670876 0.943659
vt 0.683390 0.933390
vt 0.693659 0.920876
vt 0.701290 0.906600
vt 0.705989 0.891110
vt 0.707575 0.875000
vt 0.625000 0.949844
vt 0.639601 0.948406
vt 0.653642 0.944147
vt 0.666581 0.937230
vt 0.677922 0.927922
vt 0.687230 0.916581
vt 0.694147 0.903642
vt 0.698406 0.889601
vt 0.699844 0.875000
vt 0.625000 0.939640
vt 0.637611 0.938398
vt 0.649737 0.934719
vt 0.660912 0.928746
vt 0.670707 0.920707
vt 0.678746 0.910912
vt 0.684719 0.899737
vt 0.688398 0.887611
vt 0.689640 0.875000
vt 0.625000 0.927634
vt 0.635268 0.926623
vt 0.645142 0.923627
vt 0.654242 0.918764
vt 0.662218 0.912218
vt 0.668764 0.904242
vt 0.673627 0.895142
vt 0.676623 0.885268
vt 0.677634 0.875000
vt 0.625000 0.914496
vt 0.632705 0.913738
vt 0.640115 0.911490
vt 0.646943 0.907840
vt 0.652928 0.902928
vt 0.657840 0.896943
vt 0.661490 0.890115
vt 0.663738 0.882705
vt 0.664496 0.875000
vt 0.625000 0.900898
vt 0.630052 0.900401
vt 0.634911 0.898927
vt 0.639388 0.896533
vt 0.643313 0.893313
vt 0.646533 0.889388
vt 0.648927 0.884911
vt 0.650401 0.880052
vt 0.650898 0.875000
vt 0.625000 0.887509
vt 0.627440 0.887269
vt 0.629787 0.886557
vt 0.631950 0.885401
vt 0.633845 0.883845
vt 0.635401 0.881950
vt 0.636557 0.879787
vt 0.637269 0.877440
vt 0.637509 0.875000
vt 0.625000 0.875000
vt 0.705989 0.858890
vt 0.701290 0.843400
vt 0.693659 0.829124
vt 0.683390 0.816610
vt 0.670876 0.806341
vt 0.656600 0.798710
vt 0.641110 0.794011
vt 0.625000 0.792425
vt 0.698406 0.860399
vt 0.694147 0.846358
vt 0.687230 0.833419
vt 0.677922 0.822078
vt 0.666581 0.812770
vt 0.653642 0.805853
vt 0.639601 0.801594
vt 0.625000 0.800156
vt 0.688398 0.862389
vt 0.684719 0.850263
vt 0.678746 0.839088
vt 0.670707 0.829293
vt 0.660912 0.821254
vt 0.649737 0.815281
vt 0.637611 0.811602
vt 0.625000 0.810360
vt 0.676623 0.864732
vt 0.673627 0.854858
vt 0.668764 0.845758
vt 0.662218 0.837782
vt 0.654242 0.831236
vt 0.645142 0.826373
vt 0.635268 0.823377
vt 0.625000 0.822366
vt 0.663738 0.867295
vt 0.661490 0.859885
vt 0.657840 0.853057
vt 0.652928 0.847072
vt 0.646943 0.842160
vt 0.640115 0.838510
vt 0.632705 0.836262
vt 0.625000 0.835504
vt 0.650401 0.869948
vt 0.648927 0.865089
vt 0.646533 0.860612
vt 0.643313 0.856687
vt 0.639388 0.853467
vt 0.634911 0.851073
vt 0.630052 0.849599
vt 0.625000 0.849102
vt 0.637269 0.872560
vt 0.636557 0.870213
vt 0.635401 0.868050
vt 0.633845 0.866155
vt 0.631950 0.864599
vt 0.629787 0.863443
vt 0.627440 0.862731
vt 0.625000 0.862491
vt 0.542425 0.875000
vt 0.544011 0.858890
vt 0.548710 0.843400
vt 0.556341 0.829124
vt 0.566610 0.816610
vt 0.579124 0.806341
vt 0.593400 0.798710
vt 0.608890 0.794011
vt 0.550156 0.875000
vt 0.551594 0.860399
vt 0.555853 0.846358
vt 0.562770 0.833419
vt 0.572078 0.822078
vt 0.583419 0.812770
vt 0.596358 0.805853
vt 0.610399 0.801594
vt 0.560360 0.875000
vt 0.561602 0.862389
vt 0.565281 0.850263
vt 0.571254 0.839088
vt 0.579293 0.829293
vt 0.589088 0.821254
vt 0.600263 0.815281
vt 0.612389 0.811602
vt 0.572366 0.875000
vt 0.573377 0.864732
vt 0.576373 0.854858
vt 0.581236 0.845758
vt 0.587782 0.837782
vt 0.595758 0.831236
vt 0.604858 0.826373
vt 0.614732 0.823377
vt 0.585504 0.875000
vt 0.586262 0.867295
vt 0.588510 0.859885
vt 0.592160 0.853057
vt 0.597072 0.847072
vt 0.603057 0.842160
vt 0.609885 0.838510
vt 0.617295 0.836262
vt 0.599102 0.875000
vt 0.599599 0.869948
vt 0.601073 0.865089
vt 0.603467 0.860612
vt 0.606687 0.856687
vt 0.610612 0.853467
vt 0.615089 0.851073
vt 0.619948 0.849599
vt 0.612491 0.875000
vt 0.612731 0.872560
vt 0.613443 0.870213
vt 0.614599 0.868050
vt 0.616155 0.866155
vt 0.618050 0.864599
vt 0.620213 0.863443
vt 0.622560 0.862731
vt 0.608890 0.955989
vt 0.593400 0.951290
vt 0.579124 0.943659
vt 0.566610 0.933390
vt 0.556341 0.920876
vt 0.548710 0.906600
vt 0.544011 0.891110
vt 0.610399 0.948406
vt 0.596358 0.944147
vt 0.583419 0.937230
vt 0.572078 0.927922
vt 0.562770 0.916581
vt 0.555853 0.903642
vt 0.551594 0.889601
vt 0.612389 0.938398
vt 0.600263 0.934719
vt 0.589088 0.928746
vt 0.579293 0.920707
vt 0.571254 0.910912
vt 0.565281 0.899737
vt 0.561602 0.887611
vt 0.614732 0.926623
vt 0.604858 0.923627
vt 0.595758 0.918764
vt 0.587782 0.912218
vt 0.581236 0.904242
vt 0.576373 0.895142
vt 0.573377 0.885268
vt 0.617295 0.913738
vt 0.609885 0.911490
vt 0.603057 0.907840
vt 0.597072 0.902928
vt 0.592160 0.896943
vt 0.588510 0.890115
vt 0.586262 0.882705
vt 0.619948 0.900401
vt 0.615089 0.898927
vt 0.610612 0.896533
vt 0.606687 0.893313
vt 0.603467 0.889388
vt 0.601073 0.884911
vt 0.599599 0.880052
vt 0.622560 0.887269
vt 0.620213 0.886557
vt 0.618050 0.885401
vt 0.616155 0.883845
vt 0.614599 0.881950
vt 0.613443 0.879787
vt 0.612731 0.877440
s 1
f 2/1/1 1/2/2 10/3/3
f 10/3/3 11/4/4 2/1/1
f 3/5/5 2/1/1 11/4/4
f 11/4/4 12/6/6 3/5/5
f 4/7/7 3/5/5 12/6/6
f 12/6/6 13/8/8 4/7/7
f 5/9/9 4/7/7 13/8/8
f 13/8/8 14/10/9 5/9/9
f 6/11/10 5/9/9 14/10/9
f 14/10/9 15/12/11 6/11/10
f 7/13/12 6/11/10 15/12/11
f 15/12/11 16/14/13 7/13/12
f 8/15/14 7/13/12 16/14/13
f 16/14/13 17/16/15 8/15/14
f 9/17/16 8/15/14 17/16/15
f 17/16/15 18/18/17 9/17/16
f 11/4/4 10/3/3 19/19/18
f 19/19/18 20/20/19 11/4/4
f 12/6/6 11/4/4 20/20/19
f 20/20/19 21/21/20 12/6/6
f 13/8/8 12/6/6 21/21/20
f 21/21/20 22/22/21 13/8/8
f 14/10/9 13/8/8 22/22/21
f 22/22/21 23/23/9 14/10/9
f 15/12/11 14/10/9 23/23/9
f 23/23/9 24/24/22 15/12/11
f 16/14/13 15/12/11 24/24/22
f 24/24/22 25/25/23 16/14/13
f 17/16/15 16/14/13 25/25/23
f 25/25/23 26/26/24 17/16/15
f 18/18/17 17/16/15 26/26/24
f 26/26/24 27/27/25 18/18/17
f 20/20/19 19/19/18 28/28/26
f 28/28/26 29/29/27 20/20/19
f 21/21/20 20/20/19 29/29/27
f 29/29/27 30/30/28 21/21/20
f 22/22/21 21/21/20 30/30/28
f 30/30/28 31/31/29 22/22/21
f 23/23/9 22/22/21 31/31/29
f 31/31/29 32/32/9 23/23/9
f 24/24/22 23/23/9 32/32/9
f 32/32/9 33/33/30 24/24/22
f 25/25/23 24/24/22 33/33/30
f 33/33/30 34/34/31 25/25/23
f 26/26/24 25/25/23 34/34/31
f 34/34/31 35/35/32 26/26/24
f 27/27/25 26/26/24 35/35/32
f 35/35/32 36/36/33 27/27/25
f 29/29/27 28/28/26 37/37/34
f 37/37/34 38/38/35 29/29/27
f 30/30/28 29/29/27 38/38/35
f 38/38/35 39/39/36 30/30/28
f 31/31/29 30/30/28 39/39/36
f 39/39/36 40/40/37 31/31/29
f 32/32/9 31/31/29 40/40/37
f 40/40/37 41/41/9 32/32/9
f 33/33/30 32/32/9 41/41/9
f 41/41/9 42/42/38 33/33/30
f 34/34/31 33/33/30 42/42/38
f 42/42/38 43/43/39 34/34/31
f 35/35/32 34/34/31 43/43/39
f 43/43/39 44/44/40 35/35/32
f 36/36/33 35/35/32 44/44/40
f 44/44/40 45/45/41 36/36/33
f 38/38/35 37/37/34 46/46/42
f 46/46/42 47/47/43 38/38/35
f 39/39/36 38/38/35 47/47/43
f 47/47/43 48/48/44 39/39/36
f 40/40/37 39/39/36 48/48/44
f 48/48/44 49/49/45 40/40/37
f 41/41/9 40/40/37 49/49/45
f 49/49/45 50/50/9 41/41/9
f 42/42/38 41/41/9 50/50/9
f 50/50/9 51/51/46 42/42/38
f 43/43/39 42/42/38 51/51/46
f 51/51/46 52/52/47 43/43/39
f 44/44/40 43/43/39 52/52/47
f 52/52/47 53/53/48 44/44/40
f 45/45/41 44/44/40 53/53/48
f 53/53/48 54/54/49 45/45/41
f 47/47/43 46/46/42 55/55/50
f 55/55/50 56/56/51 47/47/43
f 48/48/44 47/47/43 56/56/51
f 56/56/51 57/57/52 48/48/44
f 49/49/45 48/48/44 57/57/52
f 57/57/52 58/58/53 49/49/45
f 50/50/9 49/49/45 58/58/53
f 58/58/53 59/59/9 50/50/9
f 51/51/46 50/50/9 59/59/9
f 59/59/9 60/60/54 51/51/46
f 52/52/47 51/51/46 60/60/54
f 60/60/54 61/61/55 52/52/47
f 53/53/48 52/52/47 61/61/55
f 61/61/55 62/62/56 53/53/48
f 54/54/49 53/53/48 62/62/56
f 62/62/56 63/63/57 54/54/49
f 56/56/51 55/55/50 64/64/58
f 64/64/58 65/65/59 56/56/51
f 57/57/52 56/56/51 65/65/59
f 65/65/59 66/66/60 57/57/52
f 58/58/53 57/57/52 66/66/60
f 66/66/60 67/67/61 58/58/53
f 59/59/9 58/58/53 67/67/61
f 67/67/61 68/68/9 59/59/9
f 60/60/54 59/59/9 68/68/9
f 68/68/9 69/69/62 60/60/54
f 61/61/55 60/60/54 69/69/62
f 69/69/62 70/70/63 61/61/55
f 62/62/56 61/61/55 70/70/63
f 70/70/63 71/71/64 62/62/56
f 63/63/57 62/62/56 71/71/64
f 71/71/64 72/72/65 63/63/57
f 73/73/66 2/1/1 74/74/67
f 73/73/66 1/2/2 2/1/1
f 75/75/68 74/74/67 2/1/1
f 75/75/68 2/1/1 3/5/5
f 76/76/69 75/75/68 3/5/5
f 76/76/69 3/5/5 4/7/7
f 77/77/70 76/76/69 4/7/7
f 78/78/9 77/77/70 4/7/7
f 78/78/9 4/7/7 5/9/9
f 79/79/71 78/78/9 5/9/9
f 79/79/71 5/9/9 6/11/10
f 80/80/72 79/79/71 6/11/10
f 80/80/72 6/11/10 7/13/12
f 81/81/73 80/80/72 7/13/12
f 82/82/74 81/81/73 7/13/12
f 82/82/74 7/13/12 8/15/14
f 83/83/75 82/82/74 8/15/14
f 83/83/75 8/15/14 9/17/16
f 73/73/66 74/74/67 87/84/76
f 87/84/76 84/85/77 73/73/66
f 84/85/77 87/84/76 88/86/78
f 88/86/78 85/87/79 84/85/77
f 85/87/79 88/86/78 89/88/80
f 89/88/80 86/89/81 85/87/79
f 74/74/67 75/75/68 90/90/82
f 90/90/82 87/84/76 74/74/67
f 87/84/76 90/90/82 91/91/83
f 91/91/83 88/86/78 87/84/76
f 88/86/78 91/91/83 92/92/84
f 92/92/84 89/88/80 88/86/78
f 75/75/68 76/76/69 93/93/85
f 93/93/85 90/90/82 75/75/68
f 90/90/82 93/93/85 94/94/86
f 94/94/86 91/91/83 90/90/82
f 91/91/83 94/94/86 95/95/87
f 95/95/87 92/92/84 91/91/83
f 76/76/69 77/77/70 96/96/88
f 96/96/88 93/93/85 76/76/69
f 93/93/85 96/96/88 97/97/89
f 97/97/89 94/94/86 93/93/85
f 94/94/86 97/97/89 98/98/90
f 98/98/90 95/95/87 94/94/86
f 77/77/70 78/78/9 99/99/91
f 99/99/91 96/96/88 77/77/70
f 96/96/88 99/99/91 100/100/92
f 100/100/92 97/97/89 96/96/88
f 97/97/89 100/100/92 101/101/93
f 101/101/93 98/98/90 97/97/89
f 78/78/9 79/79/71 102/102/94
f 102/102/94 99/99/91 78/78/9
f 99/99/91 102/102/94 103/103/95
f 103/103/95 100/100/92 99/99/91
f 100/100/92 103/103/95 104/104/96
f 104/104/96 101/101/93 100/100/92
f 79/79/71 80/80/72 105/105/97
f 105/105/97 102/102/94 79/79/71
f 102/102/94 105/105/97 106/106/98
f 106/106/98 103/103/95 102/102/94
f 103/103/95 106/106/98 107/107/99
f 107/107/99 104/104/96 103/103/95
f 80/80/72 81/81/73 108/108/100
f 108/108/100 105/105/97 80/80/72
f 105/105/97 108/108/100 109/109/101
f 109/109/101 106/106/98 105/105/97
f 106/106/98 109/109/101 110/110/102
f 110/110/102 107/107/99 106/106/98
f 81/81/73 82/82/74 111/111/103
f 111/111/103 108/108/100 81/81/73
f 108/108/100 111/111/103 112/112/104
f 112/112/104 109/109/101 108/108/100
f 109/109/101 112/112/104 113/113/105
f 113/113/105 110/110/102 109/109/101
f 82/82/74 83/83/75 114/114/106
f 114/114/106 111/111/103 82/82/74
f 111/111/103 114/114/106 115/115/107
f 115/115/107 112/112/104 111/111/103
f 112/112/104 115/115/107 116/116/108
f 116/116/108 113/113/105 112/112/104
f 10/3/3 1/2/2 117/117/109
f 117/117/109 124/118/110 10/3/3
f 124/118/110 117/117/109 118/119/111
f 118/119/111 125/120/112 124/118/110
f 125/120/112 118/119/111 119/121/113
f 119/121/113 126/122/114 125/120/112
f 126/122/114 119/121/113 120/123/115
f 120/123/115 127/124/115 126/122/114
f 127/124/115 120/123/115 121/125/116
f 121/125/116 128/126/117 127/124/115
f 128/126/117 121/125/116 122/127/118
f 122/127/118 129/128/119 128/126/117
f 129/128/119 122/127/118 123/129/120
f 123/129/120 130/130/121 129/128/119
f 130/130/121 123/129/120 9/131/16
f 9/131/16 18/132/17 130/130/121
f 19/19/18 10/3/3 124/118/110
f 124/118/110 131/133/122 19/19/18
f 131/133/122 124/118/110 125/120/112
f 125/120/112 132/134/123 131/133/122
f 132/134/123 125/120/112 126/122/114
f 126/122/114 133/135/124 132/134/123
f 133/135/124 126/122/114 127/124/115
f 127/124/115 134/136/115 133/135/124
f 134/136/115 127/124/115 128/126/117
f 128/126/117 135/137/125 134/136/115
f 135/137/125 128/126/117 129/128/119
f 129/128/119 136/138/126 135/137/125
f 136/138/126 129/128/119 130/130/121
f 130/130/121 137/139/127 136/138/126
f 137/139/127 130/130/121 18/132/17
f 18/132/17 27/140/25 137/139/127
f 28/28/26 19/19/18 131/133/122
f 131/133/122 138/141/128 28/28/26
f 138/141/128 131/133/122 132/134/123
f 132/134/123 139/142/129 138/141/128
f 139/142/129 132/134/123 133/135/124
f 133/135/124 140/143/130 139/142/129
f 140/143/130 133/135/124 134/136/115
f 134/136/115 141/144/115 140/143/130
f 141/144/115 134/136/115 135/137/125
f 135/137/125 142/145/131 141/144/115
f 142/145/131 135/137/125 136/138/126
f 136/138/126 143/146/132 142/145/131
f 143/146/132 136/138/126 137/139/127
f 137/139/127 144/147/133 143/146/132
f 144/147/133 137/139/127 27/140/25
f 27/140/25 36/148/33 144/147/133
f 37/37/34 28/28/26 138/141/128
f 138/141/128 145/149/134 37/37/34
f 145/149/134 138/141/128 139/142/129
f 139/142/129 146/150/135 145/149/134
f 146/150/135 139/142/129 140/143/130
f 140/143/130 147/151/136 146/150/135
f 147/151/136 140/143/130 141/144/115
f 141/144/115 148/152/115 147/151/136
f 148/152/115 141/144/115 142/145/131
f 142/145/131 149/153/137 148/152/115
f 149/153/137 142/145/131 143/146/132
f 143/146/132 150/154/138 149/153/137
f 150/154/138 143/146/132 144/147/133
f 144/147/133 151/155/139 150/154/138
f 151/155/139 144/147/133 36/148/33
f 36/148/33 45/156/41 151/155/139
f 46/46/42 37/37/34 145/149/134
f 145/149/134 152/157/140 46/46/42
f 152/157/140 145/149/134 146/150/135
f 146/150/135 153/158/141 152/157/140
f 153/158/141 146/150/135 147/151/136
f 147/151/136 154/159/142 153/158/141
f 154/159/142 147/151/136 148/152/115
f 148/152/115 155/160/115 154/159/142
f 155/160/115 148/152/115 149/153/137
f 149/153/137 156/161/143 155/160/115
f 156/161/143 149/153/137 150/154/138
f 150/154/138 157/162/144 156/161/143
f 157/162/144 150/154/138 151/155/139
f 151/155/139 158/163/145 157/162/144
f 158/163/145 151/155/139 45/156/41
f 45/156/41 54/164/49 158/163/145
f 55/55/50 46/46/42 152/157/140
f 152/157/140 159/165/146 55/55/50
f 159/165/146 152/157/140 153/158/141
f 153/158/141 160/166/147 159/165/146
f 160/166/147 153/158/141 154/159/142
f 154/159/142 161/167/148 160/166/147
f 161/167/148 154/159/142 155/160/115
f 155/160/115 162/168/115 161/167/148
f 162/168/115 155/160/115 156/161/143
f 156/161/143 163/169/149 162/168/115
f 163/169/149 156/161/143 157/162/144
f 157/162/144 164/170/150 163/169/149
f 164/170/150 157/162/144 158/163/145
f 158/163/145 165/171/151 164/170/150
f 165/171/151 158/163/145 54/164/49
f 54/164/49 63/172/57 165/171/151
f 64/64/58 55/55/50 159/165/146
f 159/165/146 166/173/152 64/64/58
f 166/173/152 159/165/146 160/166/147
f 160/166/147 167/174/153 166/173/152
f 167/174/153 160/166/147 161/167/148
f 161/167/148 168/175/154 167/174/153
f 168/175/154 161/167/148 162/168/115
f 162/168/115 169/176/115 168/175/154
f 169/176/115 162/168/115 163/169/149
f 163/169/149 170/177/155 169/176/115
f 170/177/155 163/169/149 164/170/150
f 164/170/150 171/178/156 170/177/155
f 171/178/156 164/170/150 165/171/151
f 165/171/151 172/179/157 171/178/156
f 172/179/157 165/171/151 63/172/57
f 63/172/57 72/180/65 172/179/157
f 117/117/109 73/73/66 173/181/158
f 1/2/2 73/73/66 117/117/109
f 173/181/158 174/182/159 117/117/109
f 117/117/109 174/182/159 118/119/111
f 174/182/159 175/183/160 118/119/111
f 118/119/111 175/183/160 119/121/113
f 175/183/160 176/184/161 119/121/113
f 176/184/161 177/185/115 119/121/113
f 119/121/113 177/185/115 120/123/115
f 177/185/115 178/186/162 120/123/115
f 120/123/115 178/186/162 121/125/116
f 178/186/162 179/187/163 121/125/116
f 121/125/116 179/187/163 122/127/118
f 179/187/163 180/188/164 122/127/118
f 180/188/164 181/189/165 122/127/118
f 122/127/118 181/189/165 123/129/120
f 181/189/165 83/190/75 123/129/120
f 123/129/120 83/190/75 9/131/16
f 182/191/166 173/181/158 73/73/66
f 73/73/66 84/85/77 182/191/166
f 183/192/167 182/191/166 84/85/77
f 84/85/77 85/87/79 183/192/167
f 184/193/168 183/192/167 85/87/79
f 85/87/79 86/89/81 184/193/168
f 185/194/169 174/182/159 173/181/158
f 173/181/158 182/191/166 185/194/169
f 186/195/170 185/194/169 182/191/166
f 182/191/166 183/192/167 186/195/170
f 187/196/171 186/195/170 183/192/167
f 183/192/167 184/193/168 187/196/171
f 188/197/172 175/183/160 174/182/159
f 174/182/159 185/194/169 188/197/172
f 189/198/173 188/197/172 185/194/169
f 185/194/169 186/195/170 189/198/173
f 190/199/174 189/198/173 186/195/170
f 186/195/170 187/196/171 190/199/174
f 191/200/175 176/184/161 175/183/160
f 175/183/160 188/197/172 191/200/175
f 192/201/176 191/200/175 188/197/172
f 188/197/172 189/198/173 192/201/176
f 193/202/177 192/201/176 189/198/173
f 189/198/173 190/199/174 193/202/177
f 194/203/178 177/185/115 176/184/161
f 176/184/161 191/200/175 194/203/178
f 195/204/179 194/203/178 191/200/175
f 191/200/175 192/201/176 195/204/179
f 196/205/180 195/204/179 192/201/176
f 192/201/176 193/202/177 196/205/180
f 197/206/181 178/186/162 177/185/115
f 177/185/115 194/203/178 197/206/181
f 198/207/182 197/206/181 194/203/178
f 194/203/178 195/204/179 198/207/182
f 199/208/183 198/207/182 195/204/179
f 195/204/179 196/205/180 199/208/183
f 200/209/184 179/187/163 178/186/162
f 178/186/162 197/206/181 200/209/184
f 201/210/185 200/209/184 197/206/181
f 197/206/181 198/207/182 201/210/185
f 202/211/186 201/210/185 198/207/182
f 198/207/182 199/208/183 202/211/186
f 203/212/187 180/188/164 179/187/163
f 179/187/163 200/209/184 203/212/187
f 204/213/188 203/212/187 200/209/184
f 200/209/184 201/210/185 204/213/188
f 205/214/189 204/213/188 201/210/185
f 201/210/185 202/211/186 205/214/189
f 206/215/190 181/189/165 180/188/164
f 180/188/164 203/212/187 206/215/190
f 207/216/191 206/215/190 203/212/187
f 203/212/187 204/213/188 207/216/191
f 208/217/192 207/216/191 204/213/188
f 204/213/188 205/214/189 208/217/192
f 114/218/106 83/190/75 181/189/165
f 181/189/165 206/215/190 114/218/106
f 115/219/107 114/218/106 206/215/190
f 206/215/190 207/216/191 115/219/107
f 116/220/108 115/219/107 207/216/191
f 207/216/191 208/217/192 116/220/108
f 65/65/59 64/64/58 209/221/193
f 209/221/193 210/222/194 65/65/59
f 66/66/60 65/65/59 210/222/194
f 210/222/194 211/223/195 66/66/60
f 67/67/61 66/66/60 211/223/195
f 211/223/195 212/224/196 67/67/61
f 68/68/9 67/67/61 212/224/196
f 212/224/196 213/225/9 68/68/9
f 69/69/62 68/68/9 213/225/9
f 213/225/9 214/226/197 69/69/62
f 70/70/63 69/69/62 214/226/197
f 214/226/197 215/227/198 70/70/63
f 71/71/64 70/70/63 215/227/198
f 215/227/198 216/228/199 71/71/64
f 72/72/65 71/71/64 216/228/199
f 216/228/199 217/229/200 72/72/65
f 210/222/194 209/221/193 218/230/201
f 218/230/201 219/231/202 210/222/194
f 211/223/195 210/222/194 219/231/202
f 219/231/202 220/232/203 211/223/195
f 212/224/196 211/223/195 220/232/203
f 220/232/203 221/233/204 212/224/196
f 213/225/9 212/224/196 221/233/204
f 221/233/204 222/234/9 213/225/9
f 214/226/197 213/225/9 222/234/9
f 222/234/9 223/235/205 214/226/197
f 215/227/198 214/226/197 223/235/205
f 223/235/205 224/236/206 215/227/198
f 216/228/199 215/227/198 224/236/206
f 224/236/206 225/237/207 216/228/199
f 217/229/200 216/228/199 225/237/207
f 225/237/207 226/238/208 217/229/200
f 219/231/202 218/230/201 227/239/209
f 227/239/209 228/240/210 219/231/202
f 220/232/203 219/231/202 228/240/210
f 228/240/210 229/241/211 220/232/203
f 221/233/204 220/232/203 229/241/211
f 229/241/211 230/242/212 221/233/204
f 222/234/9 221/233/204 230/242/212
f 230/242/212 231/243/9 222/234/9
f 223/235/205 222/234/9 231/243/9
f 231/243/9 232/244/213 223/235/205
f 224/236/206 223/235/205 232/244/213
f 232/244/213 233/245/214 224/236/206
f 225/237/207 224/236/206 233/245/214
f 233/245/214 234/246/215 225/237/207
f 226/238/208 225/237/207 234/246/215
f 234/246/215 235/247/216 226/238/208
f 228/240/210 227/239/209 236/248/217
f 236/248/217 237/249/218 228/240/210
f 229/241/211 228/240/210 237/249/218
f 237/249/218 238/250/219 229/241/211
f 230/242/212 229/241/211 238/250/219
f 238/250/219 239/251/220 230/242/212
f 231/243/9 230/242/212 239/251/220
f 239/251/220 240/252/9 231/243/9
f 232/244/213 231/243/9 240/252/9
f 240/252/9 241/253/221 232/244/213
f 233/245/214 232/244/213 241/253/221
f 241/253/221 242/254/222 233/245/214
f 234/246/215 233/245/214 242/254/222
f 242/254/222 243/255/223 234/246/215
f 235/247/216 234/246/215 243/255/223
f 243/255/223 244/256/224 235/247/216
f 237/249/218 236/248/217 245/257/225
f 245/257/225 246/258/226 237/249/218
f 238/250/219 237/249/218 246/258/226
f 246/258/226 247/259/227 238/250/219
f 239/251/220 238/250/219 247/259/227
f 247/259/227 248/260/228 239/251/220
f 240/252/9 239/251/220 248/260/228
f 248/260/228 249/261/9 240/252/9
f 241/253/221 240/252/9 249/261/9
f 249/261/9 250/262/229 241/253/221
f 242/254/222 241/253/221 250/262/229
f 250/262/229 251/263/230 242/254/222
f 243/255/223 242/254/222 251/263/230
f 251/263/230 252/264/231 243/255/223
f 244/256/224 243/255/223 252/264/231
f 252/264/231 253/265/232 244/256/224
f 246/258/226 245/257/225 254/266/233
f 254/266/233 255/267/234 246/258/226
f 247/259/227 246/258/226 255/267/234
f 255/267/234 256/268/235 247/259/227
f 248/260/228 247/259/227 256/268/235
f 256/268/235 257/269/236 248/260/228
f 249/261/9 248/260/228 257/269/236
f 257/269/236 258/270/9 249/261/9
f 250/262/229 249/261/9 258/270/9
f 258/270/9 259/271/237 250/262/229
f 251/263/230 250/262/229 259/271/237
f 259/271/237 260/272/238 251/263/230
f 252/264/231 251/263/230 260/272/238
f 260/272/238 261/273/239 252/264/231
f 253/265/232 252/264/231 261/273/239
f 261/273/239 262/274/240 253/265/232
f 255/267/234 254/266/233 263/275/241
f 263/275/241 264/276/242 255/267/234
f 256/268/235 255/267/234 264/276/242
f 264/276/242 265/277/243 256/268/235
f 257/269/236 256/268/235 265/277/243
f 265/277/243 266/278/244 257/269/236
f 258/270/9 257/269/236 266/278/244
f 266/278/244 267/279/9 258/270/9
f 259/271/237 258/270/9 267/279/9
f 267/279/9 268/280/245 259/271/237
f 260/272/238 259/271/237 268/280/245
f 268/280/245 269/281/246 260/272/238
f 261/273/239 260/272/238 269/281/246
f 269/281/246 270/282/247 261/273/239
f 262/274/240 261/273/239 270/282/247
f 270/282/247 271/283/248 262/274/240
f 272/284/249 270/282/247 273/285/250
f 272/284/249 271/283/248 270/282/247
f 273/285/250 269/281/246 274/286/251
f 273/285/250 270/282/247 269/281/246
f 274/286/251 268/280/245 275/287/252
f 274/286/251 269/281/246 268/280/245
f 275/287/252 268/280/245 276/288/253
f 276/288/253 267/279/9 277/289/9
f 276/288/253 268/280/245 267/279/9
f 277/289/9 266/278/244 278/290/254
f 277/289/9 267/279/9 266/278/244
f 278/290/254 266/278/244 279/291/255
f 279/291/255 265/277/243 280/292/256
f 279/291/255 266/278/244 265/277/243
f 280/292/256 264/276/242 281/293/257
f 280/292/256 265/277/243 264/276/242
f 282/294/258 281/293/257 264/276/242
f 282/294/258 264/276/242 263/275/241
f 283/295/259 282/294/258 263/275/241
f 272/284/249 273/285/250 287/296/260
f 287/296/260 284/297/261 272/284/249
f 284/297/261 287/296/260 288/298/262
f 288/298/262 285/299/263 284/297/261
f 285/299/263 288/298/262 289/300/264
f 289/300/264 286/301/265 285/299/263
f 273/285/250 274/286/251 290/302/266
f 290/302/266 287/296/260 273/285/250
f 287/296/260 290/302/266 291/303/267
f 291/303/267 288/298/262 287/296/260
f 288/298/262 291/303/267 292/304/268
f 292/304/268 289/300/264 288/298/262
f 274/286/251 275/287/252 293/305/269
f 293/305/269 290/302/266 274/286/251
f 290/302/266 293/305/269 294/306/270
f 294/306/270 291/303/267 290/302/266
f 291/303/267 294/306/270 295/307/271
f 295/307/271 292/304/268 291/303/267
f 275/287/252 276/288/253 296/308/272
f 296/308/272 293/305/269 275/287/252
f 293/305/269 296/308/272 297/309/273
f 297/309/273 294/306/270 293/305/269
f 294/306/270 297/309/273 298/310/274
f 298/310/274 295/307/271 294/306/270
f 276/288/253 277/289/9 299/311/275
f 299/311/275 296/308/272 276/288/253
f 296/308/272 299/311/275 300/312/276
f 300/312/276 297/309/273 296/308/272
f 297/309/273 300/312/276 301/313/277
f 301/313/277 298/310/274 297/309/273
f 277/289/9 278/290/254 302/314/278
f 302/314/278 299/311/275 277/289/9
f 299/311/275 302/314/278 303/315/279
f 303/315/279 300/312/276 299/311/275
f 300/312/276 303/315/279 304/316/280
f 304/316/280 301/313/277 300/312/276
f 278/290/254 279/291/255 305/317/281
f 305/317/281 302/314/278 278/290/254
f 302/314/278 305/317/281 306/318/282
f 306/318/282 303/315/279 302/314/278
f 303/315/279 306/318/282 307/319/283
f 307/319/283 304/316/280 303/315/279
f 279/291/255 280/292/256 308/320/284
f 308/320/284 305/317/281 279/291/255
f 305/317/281 308/320/284 309/321/285
f 309/321/285 306/318/282 305/317/281
f 306/318/282 309/321/285 310/322/286
f 310/322/286 307/319/283 306/318/282
f 280/292/256 281/293/257 311/323/287
f 311/323/287 308/320/284 280/292/256
f 308/320/284 311/323/287 312/324/288
f 312/324/288 309/321/285 308/320/284
f 309/321/285 312/324/288 313/325/289
f 313/325/289 310/322/286 309/321/285
f 281/293/257 282/294/258 314/326/290
f 314/326/290 311/323/287 281/293/257
f 311/323/287 314/326/290 315/327/291
f 315/327/291 312/324/288 311/323/287
f 312/324/288 315/327/291 316/328/292
f 316/328/292 313/325/289 312/324/288
f 282/294/258 283/295/259 317/329/293
f 317/329/293 314/326/290 282/294/258
f 314/326/290 317/329/293 318/330/294
f 318/330/294 315/327/291 314/326/290
f 315/327/291 318/330/294 319/331/295
f 319/331/295 316/328/292 315/327/291
f 209/221/193 64/64/58 166/173/152
f 166/173/152 320/332/296 209/221/193
f 320/332/296 166/173/152 167/174/153
f 167/174/153 321/333/297 320/332/296
f 321/333/297 167/174/153 168/175/154
f 168/175/154 322/334/298 321/333/297
f 322/334/298 168/175/154 169/176/115
f 169/176/115 323/335/115 322/334/298
f 323/335/115 169/176/115 170/177/155
f 170/177/155 324/336/299 323/335/115
f 324/336/299 170/177/155 171/178/156
f 171/178/156 325/337/300 324/336/299
f 325/337/300 171/178/156 172/179/157
f 172/179/157 326/338/301 325/337/300
f 326/338/301 172/179/157 72/180/65
f 72/180/65 217/339/200 326/338/301
f 218/230/201 209/221/193 320/332/296
f 320/332/296 327/340/302 218/230/201
f 327/340/302 320/332/296 321/333/297
f 321/333/297 328/341/303 327/340/302
f 328/341/303 321/333/297 322/334/298
f 322/334/298 329/342/304 328/341/303
f 329/342/304 322/334/298 323/335/115
f 323/335/115 330/343/115 329/342/304
f 330/343/115 323/335/115 324/336/299
f 324/336/299 331/344/305 330/343/115
f 331/344/305 324/336/299 325/337/300
f 325/337/300 332/345/306 331/344/305
f 332/345/306 325/337/300 326/338/301
f 326/338/301 333/346/307 332/345/306
f 333/346/307 326/338/301 217/339/200
f 217/339/200 226/347/208 333/346/307
f 227/239/209 218/230/201 327/340/302
f 327/340/302 334/348/308 227/239/209
f 334/348/308 327/340/302 328/341/303
f 328/341/303 335/349/309 334/348/308
f 335/349/309 328/341/303 329/342/304
f 329/342/304 336/350/310 335/349/309
f 336/350/310 329/342/304 330/343/115
f 330/343/115 337/351/115 336/350/310
f 337/351/115 330/343/115 331/344/305
f 331/344/305 338/352/311 337/351/115
f 338/352/311 331/344/305 332/345/306
f 332/345/306 339/353/312 338/352/311
f 339/353/312 332/345/306 333/346/307
f 333/346/307 340/354/313 339/353/312
f 340/354/313 333/346/307 226/347/208
f 226/347/208 235/355/216 340/354/313
f 236/248/217 227/239/209 334/348/308
f 334/348/308 341/356/314 236/248/217
f 341/356/314 334/348/308 335/349/309
f 335/349/309 342/357/315 341/356/314
f 342/357/315 335/349/309 336/350/310
f 336/350/310 343/358/316 342/357/315
f 343/358/316 336/350/310 337/351/115
f 337/351/115 344/359/115 343/358/316
f 344/359/115 337/351/115 338/352/311
f 338/352/311 345/360/317 344/359/115
f 345/360/317 338/352/311 339/353/312
f 339/353/312 346/361/318 345/360/317
f 346/361/318 339/353/312 340/354/313
f 340/354/313 347/362/319 346/361/318
f 347/362/319 340/354/313 235/355/216
f 235/355/216 244/363/224 347/362/319
f 245/257/225 236/248/217 341/356/314
f 341/356/314 348/364/320 245/257/225
f 348/364/320 341/356/314 342/357/315
f 342/357/315 349/365/321 348/364/320
f 349/365/321 342/357/315 343/358/316
f 343/358/316 350/366/322 349/365/321
f 350/366/322 343/358/316 344/359/115
f 344/359/115 351/367/115 350/366/322
f 351/367/115 344/359/115 345/360/317
f 345/360/317 352/368/323 351/367/115
f 352/368/323 345/360/317 346/361/318
f 346/361/318 353/369/324 352/368/323
f 353/369/324 346/361/318 347/362/319
f 347/362/319 354/370/325 353/369/324
f 354/370/325 347/362/319 244/363/224
f 244/363/224 253/371/232 354/370/325
f 254/266/233 245/257/225 348/364/320
f 348/364/320 355/372/326 254/266/233
f 355/372/326 348/364/320 349/365/321
f 349/365/321 356/373/327 355/372/326
f 356/373/327 349/365/321 350/366/322
f 350/366/322 357/374/328 356/373/327
f 357/374/328 350/366/322 351/367/115
f 351/367/115 358/375/115 357/374/328
f 358/375/115 351/367/115 352/368/323
f 352/368/323 359/376/329 358/375/115
f 359/376/329 352/368/323 353/369/324
f 353/369/324 360/377/330 359/376/329
f 360/377/330 353/369/324 354/370/325
f 354/370/325 361/378/331 360/377/330
f 361/378/331 354/370/325 253/371/232
f 253/371/232 262/379/240 361/378/331
f 263/275/241 254/266/233 355/372/326
f 355/372/326 362/380/332 263/275/241
f 362/380/332 355/372/326 356/373/327
f 356/373/327 363/381/333 362/380/332
f 363/381/333 356/373/327 357/374/328
f 357/374/328 364/382/334 363/381/333
f 364/382/334 357/374/328 358/375/115
f 358/375/115 365/383/115 364/382/334
f 365/383/115 358/375/115 359/376/329
f 359/376/329 366/384/335 365/383/115
f 366/384/335 359/376/329 360/377/330
f 360/377/330 367/385/336 366/384/335
f 367/385/336 360/377/330 361/378/331
f 361/378/331 368/386/337 367/385/336
f 368/386/337 361/378/331 262/379/240
f 262/379/240 271/387/248 368/386/337
f 368/386/337 272/388/249 369/389/338
f 271/387/248 272/388/249 368/386/337
f 367/385/336 369/389/338 370/390/339
f 368/386/337 369/389/338 367/385/336
f 366/384/335 370/390/339 371/391/340
f 367/385/336 370/390/339 366/384/335
f 366/384/335 371/391/340 372/392/341
f 365/383/115 372/392/341 373/393/115
f 366/384/335 372/392/341 365/383/115
f 364/382/334 373/393/115 374/394/342
f 365/383/115 373/393/115 364/382/334
f 364/382/334 374/394/342 375/395/343
f 363/381/333 375/395/343 376/396/344
f 364/382/334 375/395/343 363/381/333
f 362/380/332 376/396/344 377/397/345
f 363/381/333 376/396/344 362/380/332
f 377/397/345 378/398/346 362/380/332
f 362/380/332 378/398/346 263/275/241
f 378/398/346 283/295/259 263/275/241
f 379/399/347 369/389/338 272/388/249
f 272/388/249 284/400/261 379/399/347
f 380/401/348 379/399/347 284/400/261
f 284/400/261 285/402/263 380/401/348
f 381/403/349 380/401/348 285/402/263
f 285/402/263 286/404/265 381/403/349
f 382/405/350 370/390/339 369/389/338
f 369/389/338 379/399/347 382/405/350
f 383/406/351 382/405/350 379/399/347
f 379/399/347 380/401/348 383/406/351
f 384/407/352 383/406/351 380/401/348
f 380/401/348 381/403/349 384/407/352
f 385/408/353 371/391/340 370/390/339
f 370/390/339 382/405/350 385/408/353
f 386/409/354 385/408/353 382/405/350
f 382/405/350 383/406/351 386/409/354
f 387/410/355 386/409/354 383/406/351
f 383/406/351 384/407/352 387/410/355
f 388/411/356 372/392/341 371/391/340
f 371/391/340 385/408/353 388/411/356
f 389/412/357 388/411/356 385/408/353
f 385/408/353 386/409/354 389/412/357
f 390/413/358 389/412/357 386/409/354
f 386/409/354 387/410/355 390/413/358
f 391/414/359 373/393/115 372/392/341
f 372/392/341 388/411/356 391/414/359
f 392/415/360 391/414/359 388/411/356
f 388/411/356 389/412/357 392/415/360
f 393/416/361 392/415/360 389/412/357
f 389/412/357 390/413/358 393/416/361
f 394/417/362 374/394/342 373/393/115
f 373/393/115 391/414/359 394/417/362
f 395/418/363 394/417/362 391/414/359
f 391/414/359 392/415/360 395/418/363
f 396/419/364 395/418/363 392/415/360
f 392/415/360 393/416/361 396/419/364
f 397/420/365 375/395/343 374/394/342
f 374/394/342 394/417/362 397/420/365
f 398/421/366 397/420/365 394/417/362
f 394/417/362 395/418/363 398/421/366
f 399/422/367 398/421/366 395/418/363
f 395/418/363 396/419/364 399/422/367
f 400/423/368 376/396/344 375/395/343
f 375/395/343 397/420/365 400/423/368
f 401/424/369 400/423/368 397/420/365
f 397/420/365 398/421/366 401/424/369
f 402/425/370 401/424/369 398/421/366
f 398/421/366 399/422/367 402/425/370
f 403/426/371 377/397/345 376/396/344
f 376/396/344 400/423/368 403/426/371
f 404/427/372 403/426/371 400/423/368
f 400/423/368 401/424/369 404/427/372
f 405/428/373 404/427/372 401/424/369
f 401/424/369 402/425/370 405/428/373
f 406/429/374 378/398/346 377/397/345
f 377/397/345 403/426/371 406/429/374
f 407/430/375 406/429/374 403/426/371
f 403/426/371 404/427/372 407/430/375
f 408/431/376 407/430/375 404/427/372
f 404/427/372 405/428/373 408/431/376
f 317/329/293 283/295/259 378/398/346
f 378/398/346 406/429/374 317/329/293
f 318/330/294 317/329/293 406/429/374
f 406/429/374 407/430/375 318/330/294
f 319/331/295 318/330/294 407/430/375
f 407/430/375 408/431/376 319/331/295
f 410/432/377 409/433/378 418/434/379
f 418/434/379 419/435/380 410/432/377
f 411/436/381 410/432/377 419/435/380
f 419/435/380 420/437/382 411/436/381
f 412/438/383 411/436/381 420/437/382
f 420/437/382 421/439/384 412/438/383
f 413/440/115 412/438/383 421/439/384
f 421/439/384 422/441/385 413/440/115
f 414/442/386 413/440/115 422/441/385
f 422/441/385 423/443/387 414/442/386
f 415/444/388 414/442/386 423/443/387
f 423/443/387 424/445/389 415/444/388
f 416/446/390 415/444/388 424/445/389
f 424/445/389 425/447/391 416/446/390
f 417/448/392 416/446/390 425/447/391
f 425/447/391 426/449/393 417/448/392
f 419/435/380 418/434/379 427/450/394
f 427/450/394 428/451/395 419/435/380
f 420/437/382 419/435/380 428/451/395
f 428/451/395 429/452/396 420/437/382
f 421/439/384 420/437/382 429/452/396
f 429/452/396 430/453/397 421/439/384
f 422/441/385 421/439/384 430/453/397
f 430/453/397 431/454/398 422/441/385
f 423/443/387 422/441/385 431/454/398
f 431/454/398 432/455/399 423/443/387
f 424/445/389 423/443/387 432/455/399
f 432/455/399 433/456/400 424/445/389
f 425/447/391 424/445/389 433/456/400
f 433/456/400 434/457/401 425/447/391
f 426/449/393 425/447/391 434/457/401
f 434/457/401 435/458/402 426/449/393
f 428/451/395 427/450/394 436/459/403
f 436/459/403 437/460/404 428/451/395
f 429/452/396 428/451/395 437/460/404
f 437/460/404 438/461/405 429/452/396
f 430/453/397 429/452/396 438/461/405
f 438/461/405 439/462/406 430/453/397
f 431/454/398 430/453/397 439/462/406
f 439/462/406 440/463/407 431/454/398
f 432/455/399 431/454/398 440/463/407
f 440/463/407 441/464/408 432/455/399
f 433/456/400 432/455/399 441/464/408
f 441/464/408 442/465/409 433/456/400
f 434/457/401 433/456/400 442/465/409
f 442/465/409 443/466/410 434/457/401
f 435/458/402 434/457/401 443/466/410
f 443/466/410 444/467/411 435/458/402
f 437/460/404 436/459/403 445/468/412
f 445/468/412 446/469/413 437/460/404
f 438/461/405 437/460/404 446/469/413
f 446/469/413 447/470/414 438/461/405
f 439/462/406 438/461/405 447/470/414
f 447/470/414 448/471/415 439/462/406
f 440/463/407 439/462/406 448/471/415
f 448/471/415 449/472/416 440/463/407
f 441/464/408 440/463/407 449/472/416
f 449/472/416 450/473/417 441/464/408
f 442/465/409 441/464/408 450/473/417
f 450/473/417 451/474/418 442/465/409
f 443/466/410 442/465/409 451/474/418
f 451/474/418 452/475/419 443/466/410
f 444/467/411 443/466/410 452/475/419
f 452/475/419 453/476/420 444/467/411
f 446/469/413 445/468/412 454/477/421
f 454/477/421 455/478/422 446/469/413
f 447/470/414 446/469/413 455/478/422
f 455/478/422 456/479/423 447/470/414
f 448/471/415 447/470/414 456/479/423
f 456/479/423 457/480/424 448/471/415
f 449/472/416 448/471/415 457/480/424
f 457/480/424 458/481/425 449/472/416
f 450/473/417 449/472/416 458/481/425
f 458/481/425 459/482/426 450/473/417
f 451/474/418 450/473/417 459/482/426
f 459/482/426 460/483/427 451/474/418
f 452/475/419 451/474/418 460/483/427
f 460/483/427 461/484/428 452/475/419
f 453/476/420 452/475/419 461/484/428
f 461/484/428 462/485/429 453/476/420
f 455/478/422 454/477/421 463/486/430
f 463/486/430 464/487/431 455/478/422
f 456/479/423 455/478/422 464/487/431
f 464/487/431 465/488/432 456/479/423
f 457/480/424 456/479/423 465/488/432
f 465/488/432 466/489/433 457/480/424
f 458/481/425 457/480/424 466/489/433
f 466/489/433 467/490/434 458/481/425
f 459/482/426 458/481/425 467/490/434
f 467/490/434 468/491/435 459/482/426
f 460/483/427 459/482/426 468/491/435
f 468/491/435 469/492/436 460/483/427
f 461/484/428 460/483/427 469/492/436
f 469/492/436 470/493/437 461/484/428
f 462/485/429 461/484/428 470/493/437
f 470/493/437 471/494/438 462/485/429
f 464/487/431 463/486/430 472/495/439
f 472/495/439 473/496/440 464/487/431
f 465/488/432 464/487/431 473/496/440
f 473/496/440 474/497/441 465/488/432
f 466/489/433 465/488/432 474/497/441
f 474/497/441 475/498/442 466/489/433
f 467/490/434 466/489/433 475/498/442
f 475/498/442 476/499/443 467/490/434
f 468/491/435 467/490/434 476/499/443
f 476/499/443 477/500/444 468/491/435
f 469/492/436 468/491/435 477/500/444
f 477/500/444 478/501/445 469/492/436
f 470/493/437 469/492/436 478/501/445
f 478/501/445 479/502/446 470/493/437
f 471/494/438 470/493/437 479/502/446
f 479/502/446 480/503/447 471/494/438
f 473/496/440 472/495/439 481/504/448
f 481/504/448 482/505/449 473/496/440
f 474/497/441 473/496/440 482/505/449
f 482/505/449 483/506/450 474/497/441
f 475/498/442 474/497/441 483/506/450
f 483/506/450 484/507/451 475/498/442
f 476/499/443 475/498/442 484/507/451
f 484/507/451 485/508/9 476/499/443
f 477/500/444 476/499/443 485/508/9
f 485/508/9 486/509/452 477/500/444
f 478/501/445 477/500/444 486/509/452
f 486/509/452 487/510/453 478/501/445
f 479/502/446 478/501/445 487/510/453
f 487/510/453 488/511/454 479/502/446
f 480/503/447 479/502/446 488/511/454
f 488/511/454 489/512/455 480/503/447
f 418/513/379 409/514/378 490/515/456
f 490/515/456 497/516/457 418/513/379
f 497/516/457 490/515/456 491/517/458
f 491/517/458 498/518/459 497/516/457
f 498/518/459 491/517/458 492/519/460
f 492/519/460 499/520/461 498/518/459
f 499/520/461 492/519/460 493/521/9
f 493/521/9 500/522/462 499/520/461
f 500/522/462 493/521/9 494/523/463
f 494/523/463 501/524/464 500/522/462
f 501/524/464 494/523/463 495/525/465
f 495/525/465 502/526/466 501/524/464
f 502/526/466 495/525/465 496/527/467
f 496/527/467 503/528/468 502/526/466
f 503/528/468 496/527/467 417/448/392
f 417/448/392 426/449/393 503/528/468
f 427/529/394 418/513/379 497/516/457
f 497/516/457 504/530/469 427/529/394
f 504/530/469 497/516/457 498/518/459
f 498/518/459 505/531/470 504/530/469
f 505/531/470 498/518/459 499/520/461
f 499/520/461 506/532/471 505/531/470
f 506/532/471 499/520/461 500/522/462
f 500/522/462 507/533/472 506/532/471
f 507/533/472 500/522/462 501/524/464
f 501/524/464 508/534/473 507/533/472
f 508/534/473 501/524/464 502/526/466
f 502/526/466 509/535/474 508/534/473
f 509/535/474 502/526/466 503/528/468
f 503/528/468 510/536/475 509/535/474
f 510/536/475 503/528/468 426/449/393
f 426/449/393 435/458/402 510/536/475
f 436/537/403 427/529/394 504/530/469
f 504/530/469 511/538/476 436/537/403
f 511/538/476 504/530/469 505/531/470
f 505/531/470 512/539/477 511/538/476
f 512/539/477 505/531/470 506/532/471
f 506/532/471 513/540/478 512/539/477
f 513/540/478 506/532/471 507/533/472
f 507/533/472 514/541/479 513/540/478
f 514/541/479 507/533/472 508/534/473
f 508/534/473 515/542/480 514/541/479
f 515/542/480 508/534/473 509/535/474
f 509/535/474 516/543/481 515/542/480
f 516/543/481 509/535/474 510/536/475
f 510/536/475 517/544/482 516/543/481
f 517/544/482 510/536/475 435/458/402
f 435/458/402 444/467/411 517/544/482
f 445/545/412 436/537/403 511/538/476
f 511/538/476 518/546/483 445/545/412
f 518/546/483 511/538/476 512/539/477
f 512/539/477 519/547/484 518/546/483
f 519/547/484 512/539/477 513/540/478
f 513/540/478 520/548/485 519/547/484
f 520/548/485 513/540/478 514/541/479
f 514/541/479 521/549/486 520/548/485
f 521/549/486 514/541/479 515/542/480
f 515/542/480 522/550/487 521/549/486
f 522/550/487 515/542/480 516/543/481
f 516/543/481 523/551/488 522/550/487
f 523/551/488 516/543/481 517/544/482
f 517/544/482 524/552/489 523/551/488
f 524/552/489 517/544/482 444/467/411
f 444/467/411 453/476/420 524/552/489
f 454/553/421 445/545/412 518/546/483
f 518/546/483 525/554/490 454/553/421
f 525/554/490 518/546/483 519/547/484
f 519/547/484 526/555/491 525/554/490
f 526/555/491 519/547/484 520/548/485
f 520/548/485 527/556/492 526/555/491
f 527/556/492 520/548/485 521/549/486
f 521/549/486 528/557/493 527/556/492
f 528/557/493 521/549/486 522/550/487
f 522/550/487 529/558/494 528/557/493
f 529/558/494 522/550/487 523/551/488
f 523/551/488 530/559/495 529/558/494
f 530/559/495 523/551/488 524/552/489
f 524/552/489 531/560/496 530/559/495
f 531/560/496 524/552/489 453/476/420
f 453/476/420 462/485/429 531/560/496
f 463/561/430 454/553/421 525/554/490
f 525/554/490 532/562/497 463/561/430
f 532/562/497 525/554/490 526/555/491
f 526/555/491 533/563/498 532/562/497
f 533/563/498 526/555/491 527/556/492
f 527/556/492 534/564/499 533/563/498
f 534/564/499 527/556/492 528/557/493
f 528/557/493 535/565/500 534/564/499
f 535/565/500 528/557/493 529/558/494
f 529/558/494 536/566/501 535/565/500
f 536/566/501 529/558/494 530/559/495
f 530/559/495 537/567/502 536/566/501
f 537/567/502 530/559/495 531/560/496
f 531/560/496 538/568/503 537/567/502
f 538/568/503 531/560/496 462/485/429
f 462/485/429 471/494/438 538/568/503
f 472/569/439 463/561/430 532/562/497
f 532/562/497 539/570/504 472/569/439
f 539/570/504 532/562/497 533/563/498
f 533/563/498 540/571/505 539/570/504
f 540/571/505 533/563/498 534/564/499
f 534/564/499 541/572/506 540/571/505
f 541/572/506 534/564/499 535/565/500
f 535/565/500 542/573/507 541/572/506
f 542/573/507 535/565/500 536/566/501
f 536/566/501 543/574/508 542/573/507
f 543/574/508 536/566/501 537/567/502
f 537/567/502 544/575/509 543/574/508
f 544/575/509 537/567/502 538/568/503
f 538/568/503 545/576/510 544/575/509
f 545/576/510 538/568/503 471/494/438
f 471/494/438 480/503/447 545/576/510
f 481/577/448 472/569/439 539/570/504
f 539/570/504 546/578/511 481/577/448
f 546/578/511 539/570/504 540/571/505
f 540/571/505 547/579/512 546/578/511
f 547/579/512 540/571/505 541/572/506
f 541/572/506 548/580/513 547/579/512
f 548/580/513 541/572/506 542/573/507
f 542/573/507 549/581/115 548/580/513
f 549/581/115 542/573/507 543/574/508
f 543/574/508 550/582/514 549/581/115
f 550/582/514 543/574/508 544/575/509
f 544/575/509 551/583/515 550/582/514
f 551/583/515 544/575/509 545/576/510
f 545/576/510 552/584/516 551/583/515
f 552/584/516 545/576/510 480/503/447
f 480/503/447 489/512/455 552/584/516
f 482/505/449 481/504/448 553/585/517
f 553/585/517 554/586/518 482/505/449
f 483/506/450 482/505/449 554/586/518
f 554/586/518 555/587/519 483/506/450
f 484/507/451 483/506/450 555/587/519
f 555/587/519 556/588/520 484/507/451
f 485/508/9 484/507/451 556/588/520
f 556/588/520 557/589/521 485/508/9
f 486/509/452 485/508/9 557/589/521
f 557/589/521 558/590/522 486/509/452
f 487/510/453 486/509/452 558/590/522
f 558/590/522 559/591/523 487/510/453
f 488/511/454 487/510/453 559/591/523
f 559/591/523 560/592/524 488/511/454
f 489/512/455 488/511/454 560/592/524
f 560/592/524 561/593/525 489/512/455
f 554/586/518 553/585/517 562/594/526
f 562/594/526 563/595/527 554/586/518
f 555/587/519 554/586/518 563/595/527
f 563/595/527 564/596/528 555/587/519
f 556/588/520 555/587/519 564/596/528
f 564/596/528 565/597/529 556/588/520
f 557/589/521 556/588/520 565/597/529
f 565/597/529 566/598/530 557/589/521
f 558/590/522 557/589/521 566/598/530
f 566/598/530 567/599/531 558/590/522
f 559/591/523 558/590/522 567/599/531
f 567/599/531 568/600/532 559/591/523
f 560/592/524 559/591/523 568/600/532
f 568/600/532 569/601/533 560/592/524
f 561/593/525 560/592/524 569/601/533
f 569/601/533 570/602/534 561/593/525
f 563/595/527 562/594/526 571/603/535
f 571/603/535 572/604/536 563/595/527
f 564/596/528 563/595/527 572/604/536
f 572/604/536 573/605/537 564/596/528
f 565/597/529 564/596/528 573/605/537
f 573/605/537 574/606/538 565/597/529
f 566/598/530 565/597/529 574/606/538
f 574/606/538 575/607/539 566/598/530
f 567/599/531 566/598/530 575/607/539
f 575/607/539 576/608/540 567/599/531
f 568/600/532 567/599/531 576/608/540
f 576/608/540 577/609/541 568/600/532
f 569/601/533 568/600/532 577/609/541
f 577/609/541 578/610/542 569/601/533
f 570/602/534 569/601/533 578/610/542
f 578/610/542 579/611/543 570/602/534
f 572/604/536 571/603/535 580/612/544
f 580/612/544 581/613/545 572/604/536
f 573/605/537 572/604/536 581/613/545
f 581/613/545 582/614/546 573/605/537
f 574/606/538 573/605/537 582/614/546
f 582/614/546 583/615/547 574/606/538
f 575/607/539 574/606/538 583/615/547
f 583/615/547 584/616/548 575/607/539
f 576/608/540 575/607/539 584/616/548
f 584/616/548 585/617/549 576/608/540
f 577/609/541 576/608/540 585/617/549
f 585/617/549 586/618/550 577/609/541
f 578/610/542 577/609/541 586/618/550
f 586/618/550 587/619/551 578/610/542
f 579/611/543 578/610/542 587/619/551
f 587/619/551 588/620/552 579/611/543
f 581/613/545 580/612/544 589/621/553
f 589/621/553 590/622/554 581/613/545
f 582/614/546 581/613/545 590/622/554
f 590/622/554 591/623/555 582/614/546
f 583/615/547 582/614/546 591/623/555
f 591/623/555 592/624/556 583/615/547
f 584/616/548 583/615/547 592/624/556
f 592/624/556 593/625/557 584/616/548
f 585/617/549 584/616/548 593/625/557
f 593/625/557 594/626/558 585/617/549
f 586/618/550 585/617/549 594/626/558
f 594/626/558 595/627/559 586/618/550
f 587/619/551 586/618/550 595/627/559
f 595/627/559 596/628/560 587/619/551
f 588/620/552 587/619/551 596/628/560
f 596/628/560 597/629/561 588/620/552
f 590/622/554 589/621/553 598/630/562
f 598/630/562 599/631/563 590/622/554
f 591/623/555 590/622/554 599/631/563
f 599/631/563 600/632/564 591/623/555
f 592/624/556 591/623/555 600/632/564
f 600/632/564 601/633/565 592/624/556
f 593/625/557 592/624/556 601/633/565
f 601/633/565 602/634/566 593/625/557
f 594/626/558 593/625/557 602/634/566
f 602/634/566 603/635/567 594/626/558
f 595/627/559 594/626/558 603/635/567
f 603/635/567 604/636/568 595/627/559
f 596/628/560 595/627/559 604/636/568
f 604/636/568 605/637/569 596/628/560
f 597/629/561 596/628/560 605/637/569
f 605/637/569 606/638/570 597/629/561
f 599/631/563 598/630/562 607/639/571
f 607/639/571 608/640/572 599/631/563
f 600/632/564 599/631/563 608/640/572
f 608/640/572 609/641/573 600/632/564
f 601/633/565 600/632/564 609/641/573
f 609/641/573 610/642/574 601/633/565
f 602/634/566 601/633/565 610/642/574
f 610/642/574 611/643/575 602/634/566
f 603/635/567 602/634/566 611/643/575
f 611/643/575 612/644/576 603/635/567
f 604/636/568 603/635/567 612/644/576
f 612/644/576 613/645/577 604/636/568
f 605/637/569 604/636/568 613/645/577
f 613/645/577 614/646/578 605/637/569
f 606/638/570 605/637/569 614/646/578
f 614/646/578 615/647/579 606/638/570
f 616/648/580 617/649/581 608/640/572
f 616/648/580 608/640/572 607/639/571
f 618/650/582 608/640/572 617/649/581
f 618/650/582 609/641/573 608/640/572
f 619/651/583 609/641/573 618/650/582
f 619/651/583 620/652/584 609/641/573
f 621/653/585 609/641/573 620/652/584
f 621/653/585 610/642/574 609/641/573
f 622/654/586 610/642/574 621/653/585
f 622/654/586 623/655/587 611/643/575
f 622/654/586 611/643/575 610/642/574
f 623/655/587 624/656/588 611/643/575
f 624/656/588 625/657/589 612/644/576
f 624/656/588 612/644/576 611/643/575
f 626/658/590 612/644/576 625/657/589
f 626/658/590 613/645/577 612/644/576
f 627/659/591 613/645/577 626/658/590
f 628/660/592 613/645/577 627/659/591
f 628/660/592 614/646/578 613/645/577
f 629/661/593 614/646/578 628/660/592
f 630/662/594 614/646/578 629/661/593
f 631/663/595 614/646/578 630/662/594
f 631/663/595 615/647/579 614/646/578
f 617/649/581 616/648/580 632/664/596
f 632/664/596 635/665/597 617/649/581
f 635/665/597 632/664/596 633/666/598
f 633/666/598 636/667/599 635/665/597
f 636/667/599 633/666/598 634/668/600
f 634/668/600 637/669/601 636/667/599
f 618/650/582 617/649/581 635/665/597
f 635/665/597 638/670/602 618/650/582
f 638/670/602 635/665/597 636/667/599
f 636/667/599 639/671/603 638/670/602
f 639/671/603 636/667/599 637/669/601
f 637/669/601 640/672/604 639/671/603
f 619/651/583 618/650/582 638/670/602
f 638/670/602 641/673/605 619/651/583
f 641/673/605 638/670/602 639/671/603
f 639/671/603 642/674/606 641/673/605
f 642/674/606 639/671/603 640/672/604
f 640/672/604 643/675/607 642/674/606
f 620/652/584 619/651/583 641/673/605
f 641/673/605 644/676/608 620/652/584
f 644/676/608 641/673/605 642/674/606
f 642/674/606 645/677/609 644/676/608
f 645/677/609 642/674/606 643/675/607
f 643/675/607 646/678/610 645/677/609
f 621/653/585 620/652/584 644/676/608
f 644/676/608 647/679/611 621/653/585
f 647/679/611 644/676/608 645/677/609
f 645/677/609 648/680/612 647/679/611
f 648/680/612 645/677/609 646/678/610
f 646/678/610 649/681/613 648/680/612
f 622/654/586 621/653/585 647/679/611
f 647/679/611 650/682/614 622/654/586
f 650/682/614 647/679/611 648/680/612
f 648/680/612 651/683/615 650/682/614
f 651/683/615 648/680/612 649/681/613
f 649/681/613 652/684/616 651/683/615
f 623/655/587 622/654/586 650/682/614
f 650/682/614 653/685/617 623/655/587
f 653/685/617 650/682/614 651/683/615
f 651/683/615 654/686/618 653/685/617
f 654/686/618 651/683/615 652/684/616
f 652/684/616 655/687/619 654/686/618
f 624/656/588 623/655/587 653/685/617
f 653/685/617 656/688/620 624/656/588
f 656/688/620 653/685/617 654/686/618
f 654/686/618 657/689/621 656/688/620
f 657/689/621 654/686/618 655/687/619
f 655/687/619 658/690/622 657/689/621
f 625/657/589 624/656/588 656/688/620
f 656/688/620 659/691/623 625/657/589
f 659/691/623 656/688/620 657/689/621
f 657/689/621 660/692/624 659/691/623
f 660/692/624 657/689/621 658/690/622
f 658/690/622 661/693/625 660/692/624
f 626/658/590 625/657/589 659/691/623
f 659/691/623 662/694/626 626/658/590
f 662/694/626 659/691/623 660/692/624
f 660/692/624 663/695/627 662/694/626
f 663/695/627 660/692/624 661/693/625
f 661/693/625 664/696/628 663/695/627
f 627/659/591 626/658/590 662/694/626
f 662/694/626 665/697/629 627/659/591
f 665/697/629 662/694/626 663/695/627
f 663/695/627 666/698/630 665/697/629
f 666/698/630 663/695/627 664/696/628
f 664/696/628 667/699/631 666/698/630
f 628/660/592 627/659/591 665/697/629
f 665/697/629 668/700/632 628/660/592
f 668/700/632 665/697/629 666/698/630
f 666/698/630 669/701/633 668/700/632
f 669/701/633 666/698/630 667/699/631
f 667/699/631 670/702/634 669/701/633
f 629/661/593 628/660/592 668/700/632
f 668/700/632 671/703/635 629/661/593
f 671/703/635 668/700/632 669/701/633
f 669/701/633 672/704/636 671/703/635
f 672/704/636 669/701/633 670/702/634
f 670/702/634 673/705/637 672/704/636
f 630/662/594 629/661/593 671/703/635
f 671/703/635 674/706/638 630/662/594
f 674/706/638 671/703/635 672/704/636
f 672/704/636 675/707/639 674/706/638
f 675/707/639 672/704/636 673/705/637
f 673/705/637 676/708/640 675/707/639
f 631/663/595 630/662/594 674/706/638
f 674/706/638 677/709/641 631/663/595
f 677/709/641 674/706/638 675/707/639
f 675/707/639 678/710/642 677/709/641
f 678/710/642 675/707/639 676/708/640
f 676/708/640 679/711/643 678/710/642
f 553/712/517 481/577/448 546/578/511
f 546/578/511 680/713/644 553/712/517
f 680/713/644 546/578/511 547/579/512
f 547/579/512 681/714/645 680/713/644
f 681/714/645 547/579/512 548/580/513
f 548/580/513 682/715/646 681/714/645
f 682/715/646 548/580/513 549/581/115
f 549/581/115 683/716/647 682/715/646
f 683/716/647 549/581/115 550/582/514
f 550/582/514 684/717/648 683/716/647
f 684/717/648 550/582/514 551/583/515
f 551/583/515 685/718/649 684/717/648
f 685/718/649 551/583/515 552/584/516
f 552/584/516 686/719/650 685/718/649
f 686/719/650 552/584/516 489/512/455
f 489/512/455 561/593/525 686/719/650
f 562/720/526 553/712/517 680/713/644
f 680/713/644 687/721/651 562/720/526
f 687/721/651 680/713/644 681/714/645
f 681/714/645 688/722/652 687/721/651
f 688/722/652 681/714/645 682/715/646
f 682/715/646 689/723/653 688/722/652
f 689/723/653 682/715/646 683/716/647
f 683/716/647 690/724/654 689/723/653
f 690/724/654 683/716/647 684/717/648
f 684/717/648 691/725/655 690/724/654
f 691/725/655 684/717/648 685/718/649
f 685/718/649 692/726/656 691/725/655
f 692/726/656 685/718/649 686/719/650
f 686/719/650 693/727/657 692/726/656
f 693/727/657 686/719/650 561/593/525
f 561/593/525 570/602/534 693/727/657
f 571/728/535 562/720/526 687/721/651
f 687/721/651 694/729/658 571/728/535
f 694/729/658 687/721/651 688/722/652
f 688/722/652 695/730/659 694/729/658
f 695/730/659 688/722/652 689/723/653
f 689/723/653 696/731/660 695/730/659
f 696/731/660 689/723/653 690/724/654
f 690/724/654 697/732/661 696/731/660
f 697/732/661 690/724/654 691/725/655
f 691/725/655 698/733/662 697/732/661
f 698/733/662 691/725/655 692/726/656
f 692/726/656 699/734/663 698/733/662
f 699/734/663 692/726/656 693/727/657
f 693/727/657 700/735/664 699/734/663
f 700/735/664 693/727/657 570/602/534
f 570/602/534 579/611/543 700/735/664
f 580/736/544 571/728/535 694/729/658
f 694/729/658 701/737/665 580/736/544
f 701/737/665 694/729/658 695/730/659
f 695/730/659 702/738/666 701/737/665
f 702/738/666 695/730/659 696/731/660
f 696/731/660 703/739/667 702/738/666
f 703/739/667 696/731/660 697/732/661
f 697/732/661 704/740/668 703/739/667
f 704/740/668 697/732/661 698/733/662
f 698/733/662 705/741/669 704/740/668
f 705/741/669 698/733/662 699/734/663
f 699/734/663 706/742/670 705/741/669
f 706/742/670 699/734/663 700/735/664
f 700/735/664 707/743/671 706/742/670
f 707/743/671 700/735/664 579/611/543
f 579/611/543 588/620/552 707/743/671
f 589/744/553 580/736/544 701/737/665
f 701/737/665 708/745/672 589/744/553
f 708/745/672 701/737/665 702/738/666
f 702/738/666 709/746/673 708/745/672
f 709/746/673 702/738/666 703/739/667
f 703/739/667 710/747/674 709/746/673
f 710/747/674 703/739/667 704/740/668
f 704/740/668 711/748/675 710/747/674
f 711/748/675 704/740/668 705/741/669
f 705/741/669 712/749/676 711/748/675
f 712/749/676 705/741/669 706/742/670
f 706/742/670 713/750/677 712/749/676
f 713/750/677 706/742/670 707/743/671
f 707/743/671 714/751/678 713/750/677
f 714/751/678 707/743/671 588/620/552
f 588/620/552 597/629/561 714/751/678
f 598/752/562 589/744/553 708/745/672
f 708/745/672 715/753/679 598/752/562
f 715/753/679 708/745/672 709/746/673
f 709/746/673 716/754/680 715/753/679
f 716/754/680 709/746/673 710/747/674
f 710/747/674 717/755/681 716/754/680
f 717/755/681 710/747/674 711/748/675
f 711/748/675 718/756/682 717/755/681
f 718/756/682 711/748/675 712/749/676
f 712/749/676 719/757/683 718/756/682
f 719/757/683 712/749/676 713/750/677
f 713/750/677 720/758/684 719/757/683
f 720/758/684 713/750/677 714/751/678
f 714/751/678 721/759/685 720/758/684
f 721/759/685 714/751/678 597/629/561
f 597/629/561 606/638/570 721/759/685
f 607/760/571 598/752/562 715/753/679
f 715/753/679 722/761/686 607/760/571
f 722/761/686 715/753/679 716/754/680
f 716/754/680 723/762/687 722/761/686
f 723/762/687 716/754/680 717/755/681
f 717/755/681 724/763/688 723/762/687
f 724/763/688 717/755/681 718/756/682
f 718/756/682 725/764/689 724/763/688
f 725/764/689 718/756/682 719/757/683
f 719/757/683 726/765/690 725/764/689
f 726/765/690 719/757/683 720/758/684
f 720/758/684 727/766/691 726/765/690
f 727/766/691 720/758/684 721/759/685
f 721/759/685 728/767/692 727/766/691
f 728/767/692 721/759/685 606/638/570
f 606/638/570 615/647/579 728/767/692
f 729/768/693 616/769/580 722/761/686
f 722/761/686 616/769/580 607/760/571
f 722/761/686 730/770/694 729/768/693
f 723/762/687 730/770/694 722/761/686
f 723/762/687 731/771/695 730/770/694
f 732/772/696 731/771/695 723/762/687
f 723/762/687 733/773/697 732/772/696
f 724/763/688 733/773/697 723/762/687
f 724/763/688 734/774/698 733/773/697
f 735/775/699 734/774/698 725/764/689
f 725/764/689 734/774/698 724/763/688
f 736/776/700 735/775/699 725/764/689
f 737/777/701 736/776/700 726/765/690
f 726/765/690 736/776/700 725/764/689
f 726/765/690 738/778/702 737/777/701
f 727/766/691 738/778/702 726/765/690
f 727/766/691 739/779/703 738/778/702
f 727/766/691 740/780/704 739/779/703
f 728/767/692 740/780/704 727/766/691
f 728/767/692 741/781/705 740/780/704
f 728/767/692 742/782/706 741/781/705
f 728/767/692 631/663/595 742/782/706
f 615/647/579 631/663/595 728/767/692
f 632/783/596 616/769/580 729/768/693
f 729/768/693 743/784/707 632/783/596
f 633/785/598 632/783/596 743/784/707
f 743/784/707 744/786/708 633/785/598
f 634/787/600 633/785/598 744/786/708
f 744/786/708 745/788/709 634/787/600
f 743/784/707 729/768/693 730/770/694
f 730/770/694 746/789/710 743/784/707
f 744/786/708 743/784/707 746/789/710
f 746/789/710 747/790/711 744/786/708
f 745/788/709 744/786/708 747/790/711
f 747/790/711 748/791/712 745/788/709
f 746/789/710 730/770/694 731/771/695
f 731/771/695 749/792/713 746/789/710
f 747/790/711 746/789/710 749/792/713
f 749/792/713 750/793/714 747/790/711
f 748/791/712 747/790/711 750/793/714
f 750/793/714 751/794/715 748/791/712
f 749/792/713 731/771/695 732/772/696
f 732/772/696 752/795/716 749/792/713
f 750/793/714 749/792/713 752/795/716
f 752/795/716 753/796/717 750/793/714
f 751/794/715 750/793/714 753/796/717
f 753/796/717 754/797/718 751/794/715
f 752/795/716 732/772/696 733/773/697
f 733/773/697 755/798/719 752/795/716
f 753/796/717 752/795/716 755/798/719
f 755/798/719 756/799/720 753/796/717
f 754/797/718 753/796/717 756/799/720
f 756/799/720 757/800/721 754/797/718
f 755/798/719 733/773/697 734/774/698
f 734/774/698 758/801/722 755/798/719
f 756/799/720 755/798/719 758/801/722
f 758/801/722 759/802/723 756/799/720
f 757/800/721 756/799/720 759/802/723
f 759/802/723 760/803/724 757/800/721
f 758/801/722 734/774/698 735/775/699
f 735/775/699 761/804/725 758/801/722
f 759/802/723 758/801/722 761/804/725
f 761/804/725 762/805/726 759/802/723
f 760/803/724 759/802/723 762/805/726
f 762/805/726 763/806/727 760/803/724
f 761/804/725 735/775/699 736/776/700
f 736/776/700 764/807/728 761/804/725
f 762/805/726 761/804/725 764/807/728
f 764/807/728 765/808/729 762/805/726
f 763/806/727 762/805/726 765/808/729
f 765/808/729 766/809/730 763/806/727
f 764/807/728 736/776/700 737/777/701
f 737/777/701 767/810/731 764/807/728
f 765/808/729 764/807/728 767/810/731
f 767/810/731 768/811/732 765/808/729
f 766/809/730 765/808/729 768/811/732
f 768/811/732 769/812/733 766/809/730
f 767/810/731 737/777/701 738/778/702
f 738/778/702 770/813/734 767/810/731
f 768/811/732 767/810/731 770/813/734
f 770/813/734 771/814/735 768/811/732
f 769/812/733 768/811/732 771/814/735
f 771/814/735 772/815/736 769/812/733
f 770/813/734 738/778/702 739/779/703
f 739/779/703 773/816/737 770/813/734
f 771/814/735 770/813/734 773/816/737
f 773/816/737 774/817/738 771/814/735
f 772/815/736 771/814/735 774/817/738
f 774/817/738 775/818/739 772/815/736
f 773/816/737 739/779/703 740/780/704
f 740/780/704 776/819/740 773/816/737
f 774/817/738 773/816/737 776/819/740
f 776/819/740 777/820/741 774/817/738
f 775/818/739 774/817/738 777/820/741
f 777/820/741 778/821/742 775/818/739
f 776/819/740 740/780/704 741/781/705
f 741/781/705 779/822/743 776/819/740
f 777/820/741 776/819/740 779/822/743
f 779/822/743 780/823/744 777/820/741
f 778/821/742 777/820/741 780/823/744
f 780/823/744 781/824/745 778/821/742
f 779/822/743 741/781/705 742/782/706
f 742/782/706 782/825/746 779/822/743
f 780/823/744 779/822/743 782/825/746
f 782/825/746 783/826/747 780/823/744
f 781/824/745 780/823/744 783/826/747
f 783/826/747 784/827/748 781/824/745
f 782/825/746 742/782/706 631/663/595
f 631/663/595 677/709/641 782/825/746
f 783/826/747 782/825/746 677/709/641
f 677/709/641 678/710/642 783/826/747
f 784/827/748 783/826/747 678/710/642
f 678/710/642 679/711/643 784/827/748
f 785/828/412 786/829/749 787/830/750
f 785/828/412 787/830/750 788/831/751
f 785/828/412 788/831/751 789/832/752
f 785/828/412 789/832/752 790/833/753
f 785/828/412 790/833/753 791/834/754
f 785/828/412 791/834/754 792/835/755
f 785/828/412 792/835/755 793/836/756
f 785/828/412 793/836/756 794/837/757
f 787/830/750 786/829/749 795/838/448
f 795/838/448 796/839/758 787/830/750
f 788/831/751 787/830/750 796/839/758
f 796/839/758 797/840/759 788/831/751
f 789/832/752 788/831/751 797/840/759
f 797/840/759 798/841/760 789/832/752
f 790/833/753 789/832/752 798/841/760
f 798/841/760 799/842/761 790/833/753
f 791/834/754 790/833/753 799/842/761
f 799/842/761 800/843/762 791/834/754
f 792/835/755 791/834/754 800/843/762
f 800/843/762 801/844/763 792/835/755
f 793/836/756 792/835/755 801/844/763
f 801/844/763 802/845/764 793/836/756
f 794/837/757 793/836/756 802/845/764
f 802/845/764 803/846/765 794/837/757
f 796/839/758 795/838/448 804/847/766
f 804/847/766 805/848/767 796/839/758
f 797/840/759 796/839/758 805/848/767
f 805/848/767 806/849/768 797/840/759
f 798/841/760 797/840/759 806/849/768
f 806/849/768 807/850/769 798/841/760
f 799/842/761 798/841/760 807/850/769
f 807/850/769 808/851/770 799/842/761
f 800/843/762 799/842/761 808/851/770
f 808/851/770 809/852/771 800/843/762
f 801/844/763 800/843/762 809/852/771
f 809/852/771 810/853/772 801/844/763
f 802/845/764 801/844/763 810/853/772
f 810/853/772 811/854/773 802/845/764
f 803/846/765 802/845/764 811/854/773
f 811/854/773 812/855/774 803/846/765
f 805/848/767 804/847/766 813/856/775
f 813/856/775 814/857/776 805/848/767
f 806/849/768 805/848/767 814/857/776
f 814/857/776 815/858/777 806/849/768
f 807/850/769 806/849/768 815/858/777
f 815/858/777 816/859/778 807/850/769
f 808/851/770 807/850/769 816/859/778
f 816/859/778 817/860/779 808/851/770
f 809/852/771 808/851/770 817/860/779
f 817/860/779 818/861/780 809/852/771
f 810/853/772 809/852/771 818/861/780
f 818/861/780 819/862/781 810/853/772
f 811/854/773 810/853/772 819/862/781
f 819/862/781 820/863/782 811/854/773
f 812/855/774 811/854/773 820/863/782
f 820/863/782 821/864/783 812/855/774
f 814/857/776 813/856/775 822/865/784
f 822/865/784 823/866/785 814/857/776
f 815/858/777 814/857/776 823/866/785
f 823/866/785 824/867/786 815/858/777
f 816/859/778 815/858/777 824/867/786
f 824/867/786 825/868/787 816/859/778
f 817/860/779 816/859/778 825/868/787
f 825/868/787 826/869/788 817/860/779
f 818/861/780 817/860/779 826/869/788
f 826/869/788 827/870/789 818/861/780
f 819/862/781 818/861/780 827/870/789
f 827/870/789 828/871/790 819/862/781
f 820/863/782 819/862/781 828/871/790
f 828/871/790 829/872/791 820/863/782
f 821/864/783 820/863/782 829/872/791
f 829/872/791 830/873/792 821/864/783
f 823/866/785 822/865/784 831/874/793
f 831/874/793 832/875/794 823/866/785
f 824/867/786 823/866/785 832/875/794
f 832/875/794 833/876/795 824/867/786
f 825/868/787 824/867/786 833/876/795
f 833/876/795 834/877/796 825/868/787
f 826/869/788 825/868/787 834/877/796
f 834/877/796 835/878/797 826/869/788
f 827/870/789 826/869/788 835/878/797
f 835/878/797 836/879/798 827/870/789
f 828/871/790 827/870/789 836/879/798
f 836/879/798 837/880/799 828/871/790
f 829/872/791 828/871/790 837/880/799
f 837/880/799 838/881/800 829/872/791
f 830/873/792 829/872/791 838/881/800
f 838/881/800 839/882/801 830/873/792
f 832/875/794 831/874/793 840/883/802
f 840/883/802 841/884/803 832/875/794
f 833/876/795 832/875/794 841/884/803
f 841/884/803 842/885/804 833/876/795
f 834/877/796 833/876/795 842/885/804
f 842/885/804 843/886/805 834/877/796
f 835/878/797 834/877/796 843/886/805
f 843/886/805 844/887/806 835/878/797
f 836/879/798 835/878/797 844/887/806
f 844/887/806 845/888/807 836/879/798
f 837/880/799 836/879/798 845/888/807
f 845/888/807 846/889/808 837/880/799
f 838/881/800 837/880/799 846/889/808
f 846/889/808 847/890/809 838/881/800
f 839/882/801 838/881/800 847/890/809
f 847/890/809 848/891/810 839/882/801
f 841/884/803 840/883/802 849/892/448
f 849/892/448 850/893/811 841/884/803
f 842/885/804 841/884/803 850/893/811
f 850/893/811 851/894/759 842/885/804
f 843/886/805 842/885/804 851/894/759
f 851/894/759 852/895/812 843/886/805
f 844/887/806 843/886/805 852/895/812
f 852/895/812 853/896/761 844/887/806
f 845/888/807 844/887/806 853/896/761
f 853/896/761 854/897/762 845/888/807
f 846/889/808 845/888/807 854/897/762
f 854/897/762 855/898/763 846/889/808
f 847/890/809 846/889/808 855/898/763
f 855/898/763 856/899/764 847/890/809
f 848/891/810 847/890/809 856/899/764
f 856/899/764 857/900/765 848/891/810
f 785/828/412 794/837/757 858/901/813
f 785/828/412 858/901/813 859/902/814
f 785/828/412 859/902/814 860/903/815
f 785/828/412 860/903/815 861/904/816
f 785/828/412 861/904/816 862/905/817
f 785/828/412 862/905/817 863/906/818
f 785/828/412 863/906/818 864/907/819
f 785/828/412 864/907/819 865/908/820
f 858/901/813 794/837/757 803/846/765
f 803/846/765 866/909/821 858/901/813
f 859/902/814 858/901/813 866/909/821
f 866/909/821 867/910/822 859/902/814
f 860/903/815 859/902/814 867/910/822
f 867/910/822 868/911/823 860/903/815
f 861/904/816 860/903/815 868/911/823
f 868/911/823 869/912/824 861/904/816
f 862/905/817 861/904/816 869/912/824
f 869/912/824 870/913/825 862/905/817
f 863/906/818 862/905/817 870/913/825
f 870/913/825 871/914/826 863/906/818
f 864/907/819 863/906/818 871/914/826
f 871/914/826 872/915/827 864/907/819
f 865/908/820 864/907/819 872/915/827
f 872/915/827 873/916/828 865/908/820
f 866/909/821 803/846/765 812/855/774
f 812/855/774 874/917/829 866/909/821
f 867/910/822 866/909/821 874/917/829
f 874/917/829 875/918/830 867/910/822
f 868/911/823 867/910/822 875/918/830
f 875/918/830 876/919/831 868/911/823
f 869/912/824 868/911/823 876/919/831
f 876/919/831 877/920/832 869/912/824
f 870/913/825 869/912/824 877/920/832
f 877/920/832 878/921/833 870/913/825
f 871/914/826 870/913/825 878/921/833
f 878/921/833 879/922/834 871/914/826
f 872/915/827 871/914/826 879/922/834
f 879/922/834 880/923/835 872/915/827
f 873/916/828 872/915/827 880/923/835
f 880/923/835 881/924/836 873/916/828
f 874/917/829 812/855/774 821/864/783
f 821/864/783 882/925/837 874/917/829
f 875/918/830 874/917/829 882/925/837
f 882/925/837 883/926/838 875/918/830
f 876/919/831 875/918/830 883/926/838
f 883/926/838 884/927/839 876/919/831
f 877/920/832 876/919/831 884/927/839
f 884/927/839 885/928/840 877/920/832
f 878/921/833 877/920/832 885/928/840
f 885/928/840 886/929/841 878/921/833
f 879/922/834 878/921/833 886/929/841
f 886/929/841 887/930/842 879/922/834
f 880/923/835 879/922/834 887/930/842
f 887/930/842 888/931/843 880/923/835
f 881/924/836 880/923/835 888/931/843
f 888/931/843 889/932/844 881/924/836
f 882/925/837 821/864/783 830/873/792
f 830/873/792 890/933/845 882/925/837
f 883/926/838 882/925/837 890/933/845
f 890/933/845 891/934/846 883/926/838
f 884/927/839 883/926/838 891/934/846
f 891/934/846 892/935/847 884/927/839
f 885/928/840 884/927/839 892/935/847
f 892/935/847 893/936/848 885/928/840
f 886/929/841 885/928/840 893/936/848
f 893/936/848 894/937/849 886/929/841
f 887/930/842 886/929/841 894/937/849
f 894/937/849 895/938/850 887/930/842
f 888/931/843 887/930/842 895/938/850
f 895/938/850 896/939/851 888/931/843
f 889/932/844 888/931/843 896/939/851
f 896/939/851 897/940/852 889/932/844
f 890/933/845 830/873/792 839/882/801
f 839/882/801 898/941/853 890/933/845
f 891/934/846 890/933/845 898/941/853
f 898/941/853 899/942/854 891/934/846
f 892/935/847 891/934/846 899/942/854
f 899/942/854 900/943/855 892/935/847
f 893/936/848 892/935/847 900/943/855
f 900/943/855 901/944/856 893/936/848
f 894/937/849 893/936/848 901/944/856
f 901/944/856 902/945/857 894/937/849
f 895/938/850 894/937/849 902/945/857
f 902/945/857 903/946/858 895/938/850
f 896/939/851 895/938/850 903/946/858
f 903/946/858 904/947/859 896/939/851
f 897/940/852 896/939/851 904/947/859
f 904/947/859 905/948/860 897/940/852
f 898/941/853 839/882/801 848/891/810
f 848/891/810 906/949/861 898/941/853
f 899/942/854 898/941/853 906/949/861
f 906/949/861 907/950/862 899/942/854
f 900/943/855 899/942/854 907/950/862
f 907/950/862 908/951/863 900/943/855
f 901/944/856 900/943/855 908/951/863
f 908/951/863 909/952/864 901/944/856
f 902/945/857 901/944/856 909/952/864
f 909/952/864 910/953/865 902/945/857
f 903/946/858 902/945/857 910/953/865
f 910/953/865 911/954/866 903/946/858
f 904/947/859 903/946/858 911/954/866
f 911/954/866 912/955/867 904/947/859
f 905/948/860 904/947/859 912/955/867
f 912/955/867 913/956/868 905/948/860
f 906/949/861 848/891/810 857/900/765
f 857/900/765 914/957/869 906/949/861
f 907/950/862 906/949/861 914/957/869
f 914/957/869 915/958/822 907/950/862
f 908/951/863 907/950/862 915/958/822
f 915/958/822 916/959/870 908/951/863
f 909/952/864 908/951/863 916/959/870
f 916/959/870 917/960/824 909/952/864
f 910/953/865 909/952/864 917/960/824
f 917/960/824 918/961/871 910/953/865
f 911/954/866 910/953/865 918/961/871
f 918/961/871 919/962/826 911/954/866
f 912/955/867 911/954/866 919/962/826
f 919/962/826 920/963/827 912/955/867
f 913/956/868 912/955/867 920/963/827
f 920/963/827 921/964/828 913/956/868
f 922/965/872 785/828/412 923/966/873
f 923/966/873 785/828/412 924/967/874
f 924/967/874 785/828/412 925/968/875
f 925/968/875 785/828/412 926/969/876
f 926/969/876 785/828/412 927/970/877
f 927/970/877 785/828/412 928/971/878
f 928/971/878 785/828/412 929/972/879
f 929/972/879 785/828/412 865/908/820
f 930/973/880 922/965/872 923/966/873
f 923/966/873 931/974/881 930/973/880
f 931/974/881 923/966/873 924/967/874
f 924/967/874 932/975/882 931/974/881
f 932/975/882 924/967/874 925/968/875
f 925/968/875 933/976/883 932/975/882
f 933/976/883 925/968/875 926/969/876
f 926/969/876 934/977/884 933/976/883
f 934/977/884 926/969/876 927/970/877
f 927/970/877 935/978/885 934/977/884
f 935/978/885 927/970/877 928/971/878
f 928/971/878 936/979/886 935/978/885
f 936/979/886 928/971/878 929/972/879
f 929/972/879 937/980/887 936/979/886
f 937/980/887 929/972/879 865/908/820
f 865/908/820 873/916/828 937/980/887
f 938/981/888 930/973/880 931/974/881
f 931/974/881 939/982/889 938/981/888
f 939/982/889 931/974/881 932/975/882
f 932/975/882 940/983/890 939/982/889
f 940/983/890 932/975/882 933/976/883
f 933/976/883 941/984/891 940/983/890
f 941/984/891 933/976/883 934/977/884
f 934/977/884 942/985/892 941/984/891
f 942/985/892 934/977/884 935/978/885
f 935/978/885 943/986/893 942/985/892
f 943/986/893 935/978/885 936/979/886
f 936/979/886 944/987/894 943/986/893
f 944/987/894 936/979/886 937/980/887
f 937/980/887 945/988/895 944/987/894
f 945/988/895 937/980/887 873/916/828
f 873/916/828 881/924/836 945/988/895
f 946/989/896 938/981/888 939/982/889
f 939/982/889 947/990/897 946/989/896
f 947/990/897 939/982/889 940/983/890
f 940/983/890 948/991/898 947/990/897
f 948/991/898 940/983/890 941/984/891
f 941/984/891 949/992/899 948/991/898
f 949/992/899 941/984/891 942/985/892
f 942/985/892 950/993/900 949/992/899
f 950/993/900 942/985/892 943/986/893
f 943/986/893 951/994/901 950/993/900
f 951/994/901 943/986/893 944/987/894
f 944/987/894 952/995/902 951/994/901
f 952/995/902 944/987/894 945/988/895
f 945/988/895 953/996/903 952/995/902
f 953/996/903 945/988/895 881/924/836
f 881/924/836 889/932/844 953/996/903
f 954/997/904 946/989/896 947/990/897
f 947/990/897 955/998/905 954/997/904
f 955/998/905 947/990/897 948/991/898
f 948/991/898 956/999/906 955/998/905
f 956/999/906 948/991/898 949/992/899
f 949/992/899 957/1000/907 956/999/906
f 957/1000/907 949/992/899 950/993/900
f 950/993/900 958/1001/908 957/1000/907
f 958/1001/908 950/993/900 951/994/901
f 951/994/901 959/1002/909 958/1001/908
f 959/1002/909 951/994/901 952/995/902
f 952/995/902 960/1003/910 959/1002/909
f 960/1003/910 952/995/902 953/996/903
f 953/996/903 961/1004/911 960/1003/910
f 961/1004/911 953/996/903 889/932/844
f 889/932/844 897/940/852 961/1004/911
f 962/1005/912 954/997/904 955/998/905
f 955/998/905 963/1006/913 962/1005/912
f 963/1006/913 955/998/905 956/999/906
f 956/999/906 964/1007/914 963/1006/913
f 964/1007/914 956/999/906 957/1000/907
f 957/1000/907 965/1008/915 964/1007/914
f 965/1008/915 957/1000/907 958/1001/908
f 958/1001/908 966/1009/916 965/1008/915
f 966/1009/916 958/1001/908 959/1002/909
f 959/1002/909 967/1010/917 966/1009/916
f 967/1010/917 959/1002/909 960/1003/910
f 960/1003/910 968/1011/918 967/1010/917
f 968/1011/918 960/1003/910 961/1004/911
f 961/1004/911 969/1012/919 968/1011/918
f 969/1012/919 961/1004/911 897/940/852
f 897/940/852 905/948/860 969/1012/919
f 970/1013/920 962/1005/912 963/1006/913
f 963/1006/913 971/1014/921 970/1013/920
f 971/1014/921 963/1006/913 964/1007/914
f 964/1007/914 972/1015/922 971/1014/921
f 972/1015/922 964/1007/914 965/1008/915
f 965/1008/915 973/1016/923 972/1015/922
f 973/1016/923 965/1008/915 966/1009/916
f 966/1009/916 974/1017/924 973/1016/923
f 974/1017/924 966/1009/916 967/1010/917
f 967/1010/917 975/1018/925 974/1017/924
f 975/1018/925 967/1010/917 968/1011/918
f 968/1011/918 976/1019/926 975/1018/925
f 976/1019/926 968/1011/918 969/1012/919
f 969/1012/919 977/1020/927 976/1019/926
f 977/1020/927 969/1012/919 905/948/860
f 905/948/860 913/956/868 977/1020/927
f 978/1021/880 970/1013/920 971/1014/921
f 971/1014/921 979/1022/881 978/1021/880
f 979/1022/881 971/1014/921 972/1015/922
f 972/1015/922 980/1023/882 979/1022/881
f 980/1023/882 972/1015/922 973/1016/923
f 973/1016/923 981/1024/883 980/1023/882
f 981/1024/883 973/1016/923 974/1017/924
f 974/1017/924 982/1025/884 981/1024/883
f 982/1025/884 974/1017/924 975/1018/925
f 975/1018/925 983/1026/928 982/1025/884
f 983/1026/928 975/1018/925 976/1019/926
f 976/1019/926 984/1027/886 983/1026/928
f 984/1027/886 976/1019/926 977/1020/927
f 977/1020/927 985/1028/929 984/1027/886
f 985/1028/929 977/1020/927 913/956/868
f 913/956/868 921/964/828 985/1028/929
f 786/829/749 785/828/412 986/1029/930
f 986/1029/930 785/828/412 987/1030/931
f 987/1030/931 785/828/412 988/1031/932
f 988/1031/932 785/828/412 989/1032/933
f 989/1032/933 785/828/412 990/1033/934
f 990/1033/934 785/828/412 991/1034/935
f 991/1034/935 785/828/412 992/1035/936
f 992/1035/936 785/828/412 922/965/872
f 795/838/448 786/829/749 986/1029/930
f 986/1029/930 993/1036/937 795/838/448
f 993/1036/937 986/1029/930 987/1030/931
f 987/1030/931 994/1037/938 993/1036/937
f 994/1037/938 987/1030/931 988/1031/932
f 988/1031/932 995/1038/939 994/1037/938
f 995/1038/939 988/1031/932 989/1032/933
f 989/1032/933 996/1039/940 995/1038/939
f 996/1039/940 989/1032/933 990/1033/934
f 990/1033/934 997/1040/941 996/1039/940
f 997/1040/941 990/1033/934 991/1034/935
f 991/1034/935 998/1041/942 997/1040/941
f 998/1041/942 991/1034/935 992/1035/936
f 992/1035/936 999/1042/943 998/1041/942
f 999/1042/943 992/1035/936 922/965/872
f 922/965/872 930/973/880 999/1042/943
f 804/847/766 795/838/448 993/1036/937
f 993/1036/937 1000/1043/944 804/847/766
f 1000/1043/944 993/1036/937 994/1037/938
f 994/1037/938 1001/1044/945 1000/1043/944
f 1001/1044/945 994/1037/938 995/1038/939
f 995/1038/939 1002/1045/946 1001/1044/945
f 1002/1045/946 995/1038/939 996/1039/940
f 996/1039/940 1003/1046/947 1002/1045/946
f 1003/1046/947 996/1039/940 997/1040/941
f 997/1040/941 1004/1047/948 1003/1046/947
f 1004/1047/948 997/1040/941 998/1041/942
f 998/1041/942 1005/1048/949 1004/1047/948
f 1005/1048/949 998/1041/942 999/1042/943
f 999/1042/943 1006/1049/950 1005/1048/949
f 1006/1049/950 999/1042/943 930/973/880
f 930/973/880 938/981/888 1006/1049/950
f 813/856/775 804/847/766 1000/1043/944
f 1000/1043/944 1007/1050/951 813/856/775
f 1007/1050/951 1000/1043/944 1001/1044/945
f 1001/1044/945 1008/1051/952 1007/1050/951
f 1008/1051/952 1001/1044/945 1002/1045/946
f 1002/1045/946 1009/1052/953 1008/1051/952
f 1009/1052/953 1002/1045/946 1003/1046/947
f 1003/1046/947 1010/1053/954 1009/1052/953
f 1010/1053/954 1003/1046/947 1004/1047/948
f 1004/1047/948 1011/1054/955 1010/1053/954
f 1011/1054/955 1004/1047/948 1005/1048/949
f 1005/1048/949 1012/1055/956 1011/1054/955
f 1012/1055/956 1005/1048/949 1006/1049/950
f 1006/1049/950 1013/1056/957 1012/1055/956
f 1013/1056/957 1006/1049/950 938/981/888
f 938/981/888 946/989/896 1013/1056/957
f 822/865/784 813/856/775 1007/1050/951
f 1007/1050/951 1014/1057/958 822/865/784
f 1014/1057/958 1007/1050/951 1008/1051/952
f 1008/1051/952 1015/1058/959 1014/1057/958
f 1015/1058/959 1008/1051/952 1009/1052/953
f 1009/1052/953 1016/1059/960 1015/1058/959
f 1016/1059/960 1009/1052/953 1010/1053/954
f 1010/1053/954 1017/1060/961 1016/1059/960
f 1017/1060/961 1010/1053/954 1011/1054/955
f 1011/1054/955 1018/1061/962 1017/1060/961
f 1018/1061/962 1011/1054/955 1012/1055/956
f 1012/1055/956 1019/1062/963 1018/1061/962
f 1019/1062/963 1012/1055/956 1013/1056/957
f 1013/1056/957 1020/1063/964 1019/1062/963
f 1020/1063/964 1013/1056/957 946/989/896
f 946/989/896 954/997/904 1020/1063/964
f 831/874/793 822/865/784 1014/1057/958
f 1014/1057/958 1021/1064/965 831/874/793
f 1021/1064/965 1014/1057/958 1015/1058/959
f 1015/1058/959 1022/1065/966 1021/1064/965
f 1022/1065/966 1015/1058/959 1016/1059/960
f 1016/1059/960 1023/1066/967 1022/1065/966
f 1023/1066/967 1016/1059/960 1017/1060/961
f 1017/1060/961 1024/1067/968 1023/1066/967
f 1024/1067/968 1017/1060/961 1018/1061/962
f 1018/1061/962 1025/1068/969 1024/1067/968
f 1025/1068/969 1018/1061/962 1019/1062/963
f 1019/1062/963 1026/1069/970 1025/1068/969
f 1026/1069/970 1019/1062/963 1020/1063/964
f 1020/1063/964 1027/1070/971 1026/1069/970
f 1027/1070/971 1020/1063/964 954/997/904
f 954/997/904 962/1005/912 1027/1070/971
f 840/883/802 831/874/793 1021/1064/965
f 1021/1064/965 1028/1071/972 840/883/802
f 1028/1071/972 1021/1064/965 1022/1065/966
f 1022/1065/966 1029/1072/973 1028/1071/972
f 1029/1072/973 1022/1065/966 1023/1066/967
f 1023/1066/967 1030/1073/974 1029/1072/973
f 1030/1073/974 1023/1066/967 1024/1067/968
f 1024/1067/968 1031/1074/975 1030/1073/974
f 1031/1074/975 1024/1067/968 1025/1068/969
f 1025/1068/969 1032/1075/976 1031/1074/975
f 1032/1075/976 1025/1068/969 1026/1069/970
f 1026/1069/970 1033/1076/977 1032/1075/976
f 1033/1076/977 1026/1069/970 1027/1070/971
f 1027/1070/971 1034/1077/978 1033/1076/977
f 1034/1077/978 1027/1070/971 962/1005/912
f 962/1005/912 970/1013/920 1034/1077/978
f 849/892/448 840/883/802 1028/1071/972
f 1028/1071/972 1035/1078/937 849/892/448
f 1035/1078/937 1028/1071/972 1029/1072/973
f 1029/1072/973 1036/1079/938 1035/1078/937
f 1036/1079/938 1029/1072/973 1030/1073/974
f 1030/1073/974 1037/1080/939 1036/1079/938
f 1037/1080/939 1030/1073/974 1031/1074/975
f 1031/1074/975 1038/1081/940 1037/1080/939
f 1038/1081/940 1031/1074/975 1032/1075/976
f 1032/1075/976 1039/1082/979 1038/1081/940
f 1039/1082/979 1032/1075/976 1033/1076/977
f 1033/1076/977 1040/1083/942 1039/1082/979
f 1040/1083/942 1033/1076/977 1034/1077/978
f 1034/1077/978 1041/1084/943 1040/1083/942
f 1041/1084/943 1034/1077/978 970/1013/920
f 970/1013/920 978/1021/880 1041/1084/943
f 850/1085/811 849/1086/448 1042/1087/980
f 1042/1087/980 1043/1088/981 850/1085/811
f 851/1089/759 850/1085/811 1043/1088/981
f 1043/1088/981 1044/1090/982 851/1089/759
f 852/1091/812 851/1089/759 1044/1090/982
f 1044/1090/982 1045/1092/983 852/1091/812
f 853/1093/761 852/1091/812 1045/1092/983
f 1045/1092/983 1046/1094/984 853/1093/761
f 854/1095/762 853/1093/761 1046/1094/984
f 1046/1094/984 1047/1096/985 854/1095/762
f 855/1097/763 854/1095/762 1047/1096/985
f 1047/1096/985 1048/1098/986 855/1097/763
f 856/1099/764 855/1097/763 1048/1098/986
f 1048/1098/986 1049/1100/987 856/1099/764
f 857/1101/765 856/1099/764 1049/1100/987
f 1049/1100/987 1050/1102/988 857/1101/765
f 1043/1088/981 1042/1087/980 1051/1103/989
f 1051/1103/989 1052/1104/990 1043/1088/981
f 1044/1090/982 1043/1088/981 1052/1104/990
f 1052/1104/990 1053/1105/991 1044/1090/982
f 1045/1092/983 1044/1090/982 1053/1105/991
f 1053/1105/991 1054/1106/992 1045/1092/983
f 1046/1094/984 1045/1092/983 1054/1106/992
f 1054/1106/992 1055/1107/993 1046/1094/984
f 1047/1096/985 1046/1094/984 1055/1107/993
f 1055/1107/993 1056/1108/994 1047/1096/985
f 1048/1098/986 1047/1096/985 1056/1108/994
f 1056/1108/994 1057/1109/995 1048/1098/986
f 1049/1100/987 1048/1098/986 1057/1109/995
f 1057/1109/995 1058/1110/996 1049/1100/987
f 1050/1102/988 1049/1100/987 1058/1110/996
f 1058/1110/996 1059/1111/997 1050/1102/988
f 1052/1104/990 1051/1103/989 1060/1112/998
f 1060/1112/998 1061/1113/999 1052/1104/990
f 1053/1105/991 1052/1104/990 1061/1113/999
f 1061/1113/999 1062/1114/1000 1053/1105/991
f 1054/1106/992 1053/1105/991 1062/1114/1000
f 1062/1114/1000 1063/1115/1001 1054/1106/992
f 1055/1107/993 1054/1106/992 1063/1115/1001
f 1063/1115/1001 1064/1116/1002 1055/1107/993
f 1056/1108/994 1055/1107/993 1064/1116/1002
f 1064/1116/1002 1065/1117/1003 1056/1108/994
f 1057/1109/995 1056/1108/994 1065/1117/1003
f 1065/1117/1003 1066/1118/1004 1057/1109/995
f 1058/1110/996 1057/1109/995 1066/1118/1004
f 1066/1118/1004 1067/1119/1005 1058/1110/996
f 1059/1111/997 1058/1110/996 1067/1119/1005
f 1067/1119/1005 1068/1120/1006 1059/1111/997
f 1061/1113/999 1060/1112/998 1069/1121/1007
f 1069/1121/1007 1070/1122/1008 1061/1113/999
f 1062/1114/1000 1061/1113/999 1070/1122/1008
f 1070/1122/1008 1071/1123/1009 1062/1114/1000
f 1063/1115/1001 1062/1114/1000 1071/1123/1009
f 1071/1123/1009 1072/1124/1010 1063/1115/1001
f 1064/1116/1002 1063/1115/1001 1072/1124/1010
f 1072/1124/1010 1073/1125/1011 1064/1116/1002
f 1065/1117/1003 1064/1116/1002 1073/1125/1011
f 1073/1125/1011 1074/1126/1012 1065/1117/1003
f 1066/1118/1004 1065/1117/1003 1074/1126/1012
f 1074/1126/1012 1075/1127/1013 1066/1118/1004
f 1067/1119/1005 1066/1118/1004 1075/1127/1013
f 1075/1127/1013 1076/1128/1014 1067/1119/1005
f 1068/1120/1006 1067/1119/1005 1076/1128/1014
f 1076/1128/1014 1077/1129/1015 1068/1120/1006
f 1070/1122/1008 1069/1121/1007 1078/1130/1016
f 1078/1130/1016 1079/1131/1017 1070/1122/1008
f 1071/1123/1009 1070/1122/1008 1079/1131/1017
f 1079/1131/1017 1080/1132/1018 1071/1123/1009
f 1072/1124/1010 1071/1123/1009 1080/1132/1018
f 1080/1132/1018 1081/1133/1019 1072/1124/1010
f 1073/1125/1011 1072/1124/1010 1081/1133/1019
f 1081/1133/1019 1082/1134/1020 1073/1125/1011
f 1074/1126/1012 1073/1125/1011 1082/1134/1020
f 1082/1134/1020 1083/1135/1021 1074/1126/1012
f 1075/1127/1013 1074/1126/1012 1083/1135/1021
f 1083/1135/1021 1084/1136/1022 1075/1127/1013
f 1076/1128/1014 1075/1127/1013 1084/1136/1022
f 1084/1136/1022 1085/1137/1023 1076/1128/1014
f 1077/1129/1015 1076/1128/1014 1085/1137/1023
f 1085/1137/1023 1086/1138/1024 1077/1129/1015
f 1079/1131/1017 1078/1130/1016 1087/1139/1025
f 1087/1139/1025 1088/1140/1026 1079/1131/1017
f 1080/1132/1018 1079/1131/1017 1088/1140/1026
f 1088/1140/1026 1089/1141/1027 1080/1132/1018
f 1081/1133/1019 1080/1132/1018 1089/1141/1027
f 1089/1141/1027 1090/1142/1028 1081/1133/1019
f 1082/1134/1020 1081/1133/1019 1090/1142/1028
f 1090/1142/1028 1091/1143/1029 1082/1134/1020
f 1083/1135/1021 1082/1134/1020 1091/1143/1029
f 1091/1143/1029 1092/1144/1030 1083/1135/1021
f 1084/1136/1022 1083/1135/1021 1092/1144/1030
f 1092/1144/1030 1093/1145/1031 1084/1136/1022
f 1085/1137/1023 1084/1136/1022 1093/1145/1031
f 1093/1145/1031 1094/1146/1032 1085/1137/1023
f 1086/1138/1024 1085/1137/1023 1094/1146/1032
f 1094/1146/1032 1095/1147/1033 1086/1138/1024
f 1088/1140/1026 1087/1139/1025 1096/1148/1034
f 1096/1148/1034 1097/1149/1035 1088/1140/1026
f 1089/1141/1027 1088/1140/1026 1097/1149/1035
f 1097/1149/1035 1098/1150/1036 1089/1141/1027
f 1090/1142/1028 1089/1141/1027 1098/1150/1036
f 1098/1150/1036 1099/1151/1037 1090/1142/1028
f 1091/1143/1029 1090/1142/1028 1099/1151/1037
f 1099/1151/1037 1100/1152/1038 1091/1143/1029
f 1092/1144/1030 1091/1143/1029 1100/1152/1038
f 1100/1152/1038 1101/1153/1039 1092/1144/1030
f 1093/1145/1031 1092/1144/1030 1101/1153/1039
f 1101/1153/1039 1102/1154/1040 1093/1145/1031
f 1094/1146/1032 1093/1145/1031 1102/1154/1040
f 1102/1154/1040 1103/1155/1041 1094/1146/1032
f 1095/1147/1033 1094/1146/1032 1103/1155/1041
f 1103/1155/1041 1104/1156/1042 1095/1147/1033
f 1097/1149/1035 1096/1148/1034 1105/1157/1043
f 1105/1157/1043 1106/1158/1044 1097/1149/1035
f 1098/1150/1036 1097/1149/1035 1106/1158/1044
f 1106/1158/1044 1107/1159/1045 1098/1150/1036
f 1099/1151/1037 1098/1150/1036 1107/1159/1045
f 1107/1159/1045 1108/1160/1046 1099/1151/1037
f 1100/1152/1038 1099/1151/1037 1108/1160/1046
f 1108/1160/1046 1109/1161/1047 1100/1152/1038
f 1101/1153/1039 1100/1152/1038 1109/1161/1047
f 1109/1161/1047 1110/1162/1048 1101/1153/1039
f 1102/1154/1040 1101/1153/1039 1110/1162/1048
f 1110/1162/1048 1111/1163/1049 1102/1154/1040
f 1103/1155/1041 1102/1154/1040 1111/1163/1049
f 1111/1163/1049 1112/1164/1050 1103/1155/1041
f 1104/1156/1042 1103/1155/1041 1112/1164/1050
f 1112/1164/1050 1113/1165/1051 1104/1156/1042
f 914/1166/869 857/1101/765 1050/1102/988
f 1050/1102/988 1114/1167/1052 914/1166/869
f 915/1168/822 914/1166/869 1114/1167/1052
f 1114/1167/1052 1115/1169/1053 915/1168/822
f 916/1170/870 915/1168/822 1115/1169/1053
f 1115/1169/1053 1116/1171/1054 916/1170/870
f 917/1172/824 916/1170/870 1116/1171/1054
f 1116/1171/1054 1117/1173/1055 917/1172/824
f 918/1174/871 917/1172/824 1117/1173/1055
f 1117/1173/1055 1118/1175/1056 918/1174/871
f 919/1176/826 918/1174/871 1118/1175/1056
f 1118/1175/1056 1119/1177/1057 919/1176/826
f 920/1178/827 919/1176/826 1119/1177/1057
f 1119/1177/1057 1120/1179/1058 920/1178/827
f 921/1180/828 920/1178/827 1120/1179/1058
f 1120/1179/1058 1121/1181/1059 921/1180/828
f 1114/1167/1052 1050/1102/988 1059/1111/997
f 1059/1111/997 1122/1182/1060 1114/1167/1052
f 1115/1169/1053 1114/1167/1052 1122/1182/1060
f 1122/1182/1060 1123/1183/1061 1115/1169/1053
f 1116/1171/1054 1115/1169/1053 1123/1183/1061
f 1123/1183/1061 1124/1184/1062 1116/1171/1054
f 1117/1173/1055 1116/1171/1054 1124/1184/1062
f 1124/1184/1062 1125/1185/1063 1117/1173/1055
f 1118/1175/1056 1117/1173/1055 1125/1185/1063
f 1125/1185/1063 1126/1186/1064 1118/1175/1056
f 1119/1177/1057 1118/1175/1056 1126/1186/1064
f 1126/1186/1064 1127/1187/1065 1119/1177/1057
f 1120/1179/1058 1119/1177/1057 1127/1187/1065
f 1127/1187/1065 1128/1188/1066 1120/1179/1058
f 1121/1181/1059 1120/1179/1058 1128/1188/1066
f 1128/1188/1066 1129/1189/1067 1121/1181/1059
f 1122/1182/1060 1059/1111/997 1068/1120/1006
f 1068/1120/1006 1130/1190/1068 1122/1182/1060
f 1123/1183/1061 1122/1182/1060 1130/1190/1068
f 1130/1190/1068 1131/1191/1069 1123/1183/1061
f 1124/1184/1062 1123/1183/1061 1131/1191/1069
f 1131/1191/1069 1132/1192/1070 1124/1184/1062
f 1125/1185/1063 1124/1184/1062 1132/1192/1070
f 1132/1192/1070 1133/1193/1071 1125/1185/1063
f 1126/1186/1064 1125/1185/1063 1133/1193/1071
f 1133/1193/1071 1134/1194/1072 1126/1186/1064
f 1127/1187/1065 1126/1186/1064 1134/1194/1072
f 1134/1194/1072 1135/1195/1073 1127/1187/1065
f 1128/1188/1066 1127/1187/1065 1135/1195/1073
f 1135/1195/1073 1136/1196/1074 1128/1188/1066
f 1129/1189/1067 1128/1188/1066 1136/1196/1074
f 1136/1196/1074 1137/1197/1075 1129/1189/1067
f 1130/1190/1068 1068/1120/1006 1077/1129/1015
f 1077/1129/1015 1138/1198/1076 1130/1190/1068
f 1131/1191/1069 1130/1190/1068 1138/1198/1076
f 1138/1198/1076 1139/1199/1077 1131/1191/1069
f 1132/1192/1070 1131/1191/1069 1139/1199/1077
f 1139/1199/1077 1140/1200/1078 1132/1192/1070
f 1133/1193/1071 1132/1192/1070 1140/1200/1078
f 1140/1200/1078 1141/1201/1079 1133/1193/1071
f 1134/1194/1072 1133/1193/1071 1141/1201/1079
f 1141/1201/1079 1142/1202/1080 1134/1194/1072
f 1135/1195/1073 1134/1194/1072 1142/1202/1080
f 1142/1202/1080 1143/1203/1081 1135/1195/1073
f 1136/1196/1074 1135/1195/1073 1143/1203/1081
f 1143/1203/1081 1144/1204/1082 1136/1196/1074
f 1137/1197/1075 1136/1196/1074 1144/1204/1082
f 1144/1204/1082 1145/1205/1083 1137/1197/1075
f 1138/1198/1076 1077/1129/1015 1086/1138/1024
f 1086/1138/1024 1146/1206/1084 1138/1198/1076
f 1139/1199/1077 1138/1198/1076 1146/1206/1084
f 1146/1206/1084 1147/1207/1085 1139/1199/1077
f 1140/1200/1078 1139/1199/1077 1147/1207/1085
f 1147/1207/1085 1148/1208/1086 1140/1200/1078
f 1141/1201/1079 1140/1200/1078 1148/1208/1086
f 1148/1208/1086 1149/1209/1087 1141/1201/1079
f 1142/1202/1080 1141/1201/1079 1149/1209/1087
f 1149/1209/1087 1150/1210/1088 1142/1202/1080
f 1143/1203/1081 1142/1202/1080 1150/1210/1088
f 1150/1210/1088 1151/1211/1089 1143/1203/1081
f 1144/1204/1082 1143/1203/1081 1151/1211/1089
f 1151/1211/1089 1152/1212/1090 1144/1204/1082
f 1145/1205/1083 1144/1204/1082 1152/1212/1090
f 1152/1212/1090 1153/1213/1091 1145/1205/1083
f 1146/1206/1084 1086/1138/1024 1095/1147/1033
f 1095/1147/1033 1154/1214/1092 1146/1206/1084
f 1147/1207/1085 1146/1206/1084 1154/1214/1092
f 1154/1214/1092 1155/1215/1093 1147/1207/1085
f 1148/1208/1086 1147/1207/1085 1155/1215/1093
f 1155/1215/1093 1156/1216/1094 1148/1208/1086
f 1149/1209/1087 1148/1208/1086 1156/1216/1094
f 1156/1216/1094 1157/1217/1095 1149/1209/1087
f 1150/1210/1088 1149/1209/1087 1157/1217/1095
f 1157/1217/1095 1158/1218/1096 1150/1210/1088
f 1151/1211/1089 1150/1210/1088 1158/1218/1096
f 1158/1218/1096 1159/1219/1097 1151/1211/1089
f 1152/1212/1090 1151/1211/1089 1159/1219/1097
f 1159/1219/1097 1160/1220/1098 1152/1212/1090
f 1153/1213/1091 1152/1212/1090 1160/1220/1098
f 1160/1220/1098 1161/1221/1099 1153/1213/1091
f 1154/1214/1092 1095/1147/1033 1104/1156/1042
f 1104/1156/1042 1162/1222/1100 1154/1214/1092
f 1155/1215/1093 1154/1214/1092 1162/1222/1100
f 1162/1222/1100 1163/1223/1101 1155/1215/1093
f 1156/1216/1094 1155/1215/1093 1163/1223/1101
f 1163/1223/1101 1164/1224/1102 1156/1216/1094
f 1157/1217/1095 1156/1216/1094 1164/1224/1102
f 1164/1224/1102 1165/1225/1103 1157/1217/1095
f 1158/1218/1096 1157/1217/1095 1165/1225/1103
f 1165/1225/1103 1166/1226/1104 1158/1218/1096
f 1159/1219/1097 1158/1218/1096 1166/1226/1104
f 1166/1226/1104 1167/1227/1105 1159/1219/1097
f 1160/1220/1098 1159/1219/1097 1167/1227/1105
f 1167/1227/1105 1168/1228/1106 1160/1220/1098
f 1161/1221/1099 1160/1220/1098 1168/1228/1106
f 1168/1228/1106 1169/1229/1107 1161/1221/1099
f 1162/1222/1100 1104/1156/1042 1113/1165/1051
f 1113/1165/1051 1170/1230/1108 1162/1222/1100
f 1163/1223/1101 1162/1222/1100 1170/1230/1108
f 1170/1230/1108 1171/1231/1109 1163/1223/1101
f 1164/1224/1102 1163/1223/1101 1171/1231/1109
f 1171/1231/1109 1172/1232/1110 1164/1224/1102
f 1165/1225/1103 1164/1224/1102 1172/1232/1110
f 1172/1232/1110 1173/1233/1111 1165/1225/1103
f 1166/1226/1104 1165/1225/1103 1173/1233/1111
f 1173/1233/1111 1174/1234/1112 1166/1226/1104
f 1167/1227/1105 1166/1226/1104 1174/1234/1112
f 1174/1234/1112 1175/1235/1113 1167/1227/1105
f 1168/1228/1106 1167/1227/1105 1175/1235/1113
f 1175/1235/1113 1176/1236/1114 1168/1228/1106
f 1169/1229/1107 1168/1228/1106 1176/1236/1114
f 1176/1236/1114 1177/1237/1115 1169/1229/1107
f 1178/1238/1116 978/1239/880 979/1240/881
f 979/1240/881 1179/1241/1117 1178/1238/1116
f 1179/1241/1117 979/1240/881 980/1242/882
f 980/1242/882 1180/1243/1118 1179/1241/1117
f 1180/1243/1118 980/1242/882 981/1244/883
f 981/1244/883 1181/1245/1119 1180/1243/1118
f 1181/1245/1119 981/1244/883 982/1246/884
f 982/1246/884 1182/1247/1120 1181/1245/1119
f 1182/1247/1120 982/1246/884 983/1248/928
f 983/1248/928 1183/1249/1121 1182/1247/1120
f 1183/1249/1121 983/1248/928 984/1250/886
f 984/1250/886 1184/1251/1122 1183/1249/1121
f 1184/1251/1122 984/1250/886 985/1252/929
f 985/1252/929 1185/1253/1123 1184/1251/1122
f 1185/1253/1123 985/1252/929 921/1180/828
f 921/1180/828 1121/1181/1059 1185/1253/1123
f 1186/1254/1124 1178/1238/1116 1179/1241/1117
f 1179/1241/1117 1187/1255/1125 1186/1254/1124
f 1187/1255/1125 1179/1241/1117 1180/1243/1118
f 1180/1243/1118 1188/1256/1126 1187/1255/1125
f 1188/1256/1126 1180/1243/1118 1181/1245/1119
f 1181/1245/1119 1189/1257/1127 1188/1256/1126
f 1189/1257/1127 1181/1245/1119 1182/1247/1120
f 1182/1247/1120 1190/1258/1128 1189/1257/1127
f 1190/1258/1128 1182/1247/1120 1183/1249/1121
f 1183/1249/1121 1191/1259/1129 1190/1258/1128
f 1191/1259/1129 1183/1249/1121 1184/1251/1122
f 1184/1251/1122 1192/1260/1130 1191/1259/1129
f 1192/1260/1130 1184/1251/1122 1185/1253/1123
f 1185/1253/1123 1193/1261/1131 1192/1260/1130
f 1193/1261/1131 1185/1253/1123 1121/1181/1059
f 1121/1181/1059 1129/1189/1067 1193/1261/1131
f 1194/1262/1132 1186/1254/1124 1187/1255/1125
f 1187/1255/1125 1195/1263/1133 1194/1262/1132
f 1195/1263/1133 1187/1255/1125 1188/1256/1126
f 1188/1256/1126 1196/1264/1134 1195/1263/1133
f 1196/1264/1134 1188/1256/1126 1189/1257/1127
f 1189/1257/1127 1197/1265/1135 1196/1264/1134
f 1197/1265/1135 1189/1257/1127 1190/1258/1128
f 1190/1258/1128 1198/1266/1136 1197/1265/1135
f 1198/1266/1136 1190/1258/1128 1191/1259/1129
f 1191/1259/1129 1199/1267/1137 1198/1266/1136
f 1199/1267/1137 1191/1259/1129 1192/1260/1130
f 1192/1260/1130 1200/1268/1138 1199/1267/1137
f 1200/1268/1138 1192/1260/1130 1193/1261/1131
f 1193/1261/1131 1201/1269/1139 1200/1268/1138
f 1201/1269/1139 1193/1261/1131 1129/1189/1067
f 1129/1189/1067 1137/1197/1075 1201/1269/1139
f 1202/1270/1140 1194/1262/1132 1195/1263/1133
f 1195/1263/1133 1203/1271/1141 1202/1270/1140
f 1203/1271/1141 1195/1263/1133 1196/1264/1134
f 1196/1264/1134 1204/1272/1142 1203/1271/1141
f 1204/1272/1142 1196/1264/1134 1197/1265/1135
f 1197/1265/1135 1205/1273/1143 1204/1272/1142
f 1205/1273/1143 1197/1265/1135 1198/1266/1136
f 1198/1266/1136 1206/1274/1144 1205/1273/1143
f 1206/1274/1144 1198/1266/1136 1199/1267/1137
f 1199/1267/1137 1207/1275/1145 1206/1274/1144
f 1207/1275/1145 1199/1267/1137 1200/1268/1138
f 1200/1268/1138 1208/1276/1146 1207/1275/1145
f 1208/1276/1146 1200/1268/1138 1201/1269/1139
f 1201/1269/1139 1209/1277/1147 1208/1276/1146
f 1209/1277/1147 1201/1269/1139 1137/1197/1075
f 1137/1197/1075 1145/1205/1083 1209/1277/1147
f 1210/1278/1148 1202/1270/1140 1203/1271/1141
f 1203/1271/1141 1211/1279/1149 1210/1278/1148
f 1211/1279/1149 1203/1271/1141 1204/1272/1142
f 1204/1272/1142 1212/1280/1150 1211/1279/1149
f 1212/1280/1150 1204/1272/1142 1205/1273/1143
f 1205/1273/1143 1213/1281/1151 1212/1280/1150
f 1213/1281/1151 1205/1273/1143 1206/1274/1144
f 1206/1274/1144 1214/1282/1152 1213/1281/1151
f 1214/1282/1152 1206/1274/1144 1207/1275/1145
f 1207/1275/1145 1215/1283/1153 1214/1282/1152
f 1215/1283/1153 1207/1275/1145 1208/1276/1146
f 1208/1276/1146 1216/1284/1154 1215/1283/1153
f 1216/1284/1154 1208/1276/1146 1209/1277/1147
f 1209/1277/1147 1217/1285/1155 1216/1284/1154
f 1217/1285/1155 1209/1277/1147 1145/1205/1083
f 1145/1205/1083 1153/1213/1091 1217/1285/1155
f 1218/1286/1156 1210/1278/1148 1211/1279/1149
f 1211/1279/1149 1219/1287/1157 1218/1286/1156
f 1219/1287/1157 1211/1279/1149 1212/1280/1150
f 1212/1280/1150 1220/1288/1158 1219/1287/1157
f 1220/1288/1158 1212/1280/1150 1213/1281/1151
f 1213/1281/1151 1221/1289/1159 1220/1288/1158
f 1221/1289/1159 1213/1281/1151 1214/1282/1152
f 1214/1282/1152 1222/1290/1160 1221/1289/1159
f 1222/1290/1160 1214/1282/1152 1215/1283/1153
f 1215/1283/1153 1223/1291/1161 1222/1290/1160
f 1223/1291/1161 1215/1283/1153 1216/1284/1154
f 1216/1284/1154 1224/1292/1162 1223/1291/1161
f 1224/1292/1162 1216/1284/1154 1217/1285/1155
f 1217/1285/1155 1225/1293/1163 1224/1292/1162
f 1225/1293/1163 1217/1285/1155 1153/1213/1091
f 1153/1213/1091 1161/1221/1099 1225/1293/1163
f 1226/1294/1164 1218/1286/1156 1219/1287/1157
f 1219/1287/1157 1227/1295/1165 1226/1294/1164
f 1227/1295/1165 1219/1287/1157 1220/1288/1158
f 1220/1288/1158 1228/1296/1166 1227/1295/1165
f 1228/1296/1166 1220/1288/1158 1221/1289/1159
f 1221/1289/1159 1229/1297/1167 1228/1296/1166
f 1229/1297/1167 1221/1289/1159 1222/1290/1160
f 1222/1290/1160 1230/1298/1168 1229/1297/1167
f 1230/1298/1168 1222/1290/1160 1223/1291/1161
f 1223/1291/1161 1231/1299/1169 1230/1298/1168
f 1231/1299/1169 1223/1291/1161 1224/1292/1162
f 1224/1292/1162 1232/1300/1170 1231/1299/1169
f 1232/1300/1170 1224/1292/1162 1225/1293/1163
f 1225/1293/1163 1233/1301/1171 1232/1300/1170
f 1233/1301/1171 1225/1293/1163 1161/1221/1099
f 1161/1221/1099 1169/1229/1107 1233/1301/1171
f 1234/1302/1172 1226/1294/1164 1227/1295/1165
f 1227/1295/1165 1235/1303/1173 1234/1302/1172
f 1235/1303/1173 1227/1295/1165 1228/1296/1166
f 1228/1296/1166 1236/1304/1174 1235/1303/1173
f 1236/1304/1174 1228/1296/1166 1229/1297/1167
f 1229/1297/1167 1237/1305/1175 1236/1304/1174
f 1237/1305/1175 1229/1297/1167 1230/1298/1168
f 1230/1298/1168 1238/1306/1176 1237/1305/1175
f 1238/1306/1176 1230/1298/1168 1231/1299/1169
f 1231/1299/1169 1239/1307/1177 1238/1306/1176
f 1239/1307/1177 1231/1299/1169 1232/1300/1170
f 1232/1300/1170 1240/1308/1178 1239/1307/1177
f 1240/1308/1178 1232/1300/1170 1233/1301/1171
f 1233/1301/1171 1241/1309/1179 1240/1308/1178
f 1241/1309/1179 1233/1301/1171 1169/1229/1107
f 1169/1229/1107 1177/1237/1115 1241/1309/1179
f 1042/1087/980 849/1086/448 1035/1310/937
f 1035/1310/937 1242/1311/1180 1042/1087/980
f 1242/1311/1180 1035/1310/937 1036/1312/938
f 1036/1312/938 1243/1313/1181 1242/1311/1180
f 1243/1313/1181 1036/1312/938 1037/1314/939
f 1037/1314/939 1244/1315/1182 1243/1313/1181
f 1244/1315/1182 1037/1314/939 1038/1316/940
f 1038/1316/940 1245/1317/1183 1244/1315/1182
f 1245/1317/1183 1038/1316/940 1039/1318/979
f 1039/1318/979 1246/1319/1184 1245/1317/1183
f 1246/1319/1184 1039/1318/979 1040/1320/942
f 1040/1320/942 1247/1321/1185 1246/1319/1184
f 1247/1321/1185 1040/1320/942 1041/1322/943
f 1041/1322/943 1248/1323/1186 1247/1321/1185
f 1248/1323/1186 1041/1322/943 978/1239/880
f 978/1239/880 1178/1238/1116 1248/1323/1186
f 1051/1103/989 1042/1087/980 1242/1311/1180
f 1242/1311/1180 1249/1324/1187 1051/1103/989
f 1249/1324/1187 1242/1311/1180 1243/1313/1181
f 1243/1313/1181 1250/1325/1188 1249/1324/1187
f 1250/1325/1188 1243/1313/1181 1244/1315/1182
f 1244/1315/1182 1251/1326/1189 1250/1325/1188
f 1251/1326/1189 1244/1315/1182 1245/1317/1183
f 1245/1317/1183 1252/1327/1190 1251/1326/1189
f 1252/1327/1190 1245/1317/1183 1246/1319/1184
f 1246/1319/1184 1253/1328/1191 1252/1327/1190
f 1253/1328/1191 1246/1319/1184 1247/1321/1185
f 1247/1321/1185 1254/1329/1192 1253/1328/1191
f 1254/1329/1192 1247/1321/1185 1248/1323/1186
f 1248/1323/1186 1255/1330/1193 1254/1329/1192
f 1255/1330/1193 1248/1323/1186 1178/1238/1116
f 1178/1238/1116 1186/1254/1124 1255/1330/1193
f 1060/1112/998 1051/1103/989 1249/1324/1187
f 1249/1324/1187 1256/1331/1194 1060/1112/998
f 1256/1331/1194 1249/1324/1187 1250/1325/1188
f 1250/1325/1188 1257/1332/1195 1256/1331/1194
f 1257/1332/1195 1250/1325/1188 1251/1326/1189
f 1251/1326/1189 1258/1333/1196 1257/1332/1195
f 1258/1333/1196 1251/1326/1189 1252/1327/1190
f 1252/1327/1190 1259/1334/1197 1258/1333/1196
f 1259/1334/1197 1252/1327/1190 1253/1328/1191
f 1253/1328/1191 1260/1335/1198 1259/1334/1197
f 1260/1335/1198 1253/1328/1191 1254/1329/1192
f 1254/1329/1192 1261/1336/1199 1260/1335/1198
f 1261/1336/1199 1254/1329/1192 1255/1330/1193
f 1255/1330/1193 1262/1337/1200 1261/1336/1199
f 1262/1337/1200 1255/1330/1193 1186/1254/1124
f 1186/1254/1124 1194/1262/1132 1262/1337/1200
f 1069/1121/1007 1060/1112/998 1256/1331/1194
f 1256/1331/1194 1263/1338/1201 1069/1121/1007
f 1263/1338/1201 1256/1331/1194 1257/1332/1195
f 1257/1332/1195 1264/1339/1202 1263/1338/1201
f 1264/1339/1202 1257/1332/1195 1258/1333/1196
f 1258/1333/1196 1265/1340/1203 1264/1339/1202
f 1265/1340/1203 1258/1333/1196 1259/1334/1197
f 1259/1334/1197 1266/1341/1204 1265/1340/1203
f 1266/1341/1204 1259/1334/1197 1260/1335/1198
f 1260/1335/1198 1267/1342/1205 1266/1341/1204
f 1267/1342/1205 1260/1335/1198 1261/1336/1199
f 1261/1336/1199 1268/1343/1206 1267/1342/1205
f 1268/1343/1206 1261/1336/1199 1262/1337/1200
f 1262/1337/1200 1269/1344/1207 1268/1343/1206
f 1269/1344/1207 1262/1337/1200 1194/1262/1132
f 1194/1262/1132 1202/1270/1140 1269/1344/1207
f 1078/1130/1016 1069/1121/1007 1263/1338/1201
f 1263/1338/1201 1270/1345/1208 1078/1130/1016
f 1270/1345/1208 1263/1338/1201 1264/1339/1202
f 1264/1339/1202 1271/1346/1209 1270/1345/1208
f 1271/1346/1209 1264/1339/1202 1265/1340/1203
f 1265/1340/1203 1272/1347/1210 1271/1346/1209
f 1272/1347/1210 1265/1340/1203 1266/1341/1204
f 1266/1341/1204 1273/1348/1211 1272/1347/1210
f 1273/1348/1211 1266/1341/1204 1267/1342/1205
f 1267/1342/1205 1274/1349/1212 1273/1348/1211
f 1274/1349/1212 1267/1342/1205 1268/1343/1206
f 1268/1343/1206 1275/1350/1213 1274/1349/1212
f 1275/1350/1213 1268/1343/1206 1269/1344/1207
f 1269/1344/1207 1276/1351/1214 1275/1350/1213
f 1276/1351/1214 1269/1344/1207 1202/1270/1140
f 1202/1270/1140 1210/1278/1148 1276/1351/1214
f 1087/1139/1025 1078/1130/1016 1270/1345/1208
f 1270/1345/1208 1277/1352/1215 1087/1139/1025
f 1277/1352/1215 1270/1345/1208 1271/1346/1209
f 1271/1346/1209 1278/1353/1216 1277/1352/1215
f 1278/1353/1216 1271/1346/1209 1272/1347/1210
f 1272/1347/1210 1279/1354/1217 1278/1353/1216
f 1279/1354/1217 1272/1347/1210 1273/1348/1211
f 1273/1348/1211 1280/1355/1218 1279/1354/1217
f 1280/1355/1218 1273/1348/1211 1274/1349/1212
f 1274/1349/1212 1281/1356/1219 1280/1355/1218
f 1281/1356/1219 1274/1349/1212 1275/1350/1213
f 1275/1350/1213 1282/1357/1220 1281/1356/1219
f 1282/1357/1220 1275/1350/1213 1276/1351/1214
f 1276/1351/1214 1283/1358/1221 1282/1357/1220
f 1283/1358/1221 1276/1351/1214 1210/1278/1148
f 1210/1278/1148 1218/1286/1156 1283/1358/1221
f 1096/1148/1034 1087/1139/1025 1277/1352/1215
f 1277/1352/1215 1284/1359/1222 1096/1148/1034
f 1284/1359/1222 1277/1352/1215 1278/1353/1216
f 1278/1353/1216 1285/1360/1223 1284/1359/1222
f 1285/1360/1223 1278/1353/1216 1279/1354/1217
f 1279/1354/1217 1286/1361/1224 1285/1360/1223
f 1286/1361/1224 1279/1354/1217 1280/1355/1218
f 1280/1355/1218 1287/1362/1225 1286/1361/1224
f 1287/1362/1225 1280/1355/1218 1281/1356/1219
f 1281/1356/1219 1288/1363/1226 1287/1362/1225
f 1288/1363/1226 1281/1356/1219 1282/1357/1220
f 1282/1357/1220 1289/1364/1227 1288/1363/1226
f 1289/1364/1227 1282/1357/1220 1283/1358/1221
f 1283/1358/1221 1290/1365/1228 1289/1364/1227
f 1290/1365/1228 1283/1358/1221 1218/1286/1156
f 1218/1286/1156 1226/1294/1164 1290/1365/1228
f 1105/1157/1043 1096/1148/1034 1284/1359/1222
f 1284/1359/1222 1291/1366/1229 1105/1157/1043
f 1291/1366/1229 1284/1359/1222 1285/1360/1223
f 1285/1360/1223 1292/1367/1230 1291/1366/1229
f 1292/1367/1230 1285/1360/1223 1286/1361/1224
f 1286/1361/1224 1293/1368/1231 1292/1367/1230
f 1293/1368/1231 1286/1361/1224 1287/1362/1225
f 1287/1362/1225 1294/1369/1232 1293/1368/1231
f 1294/1369/1232 1287/1362/1225 1288/1363/1226
f 1288/1363/1226 1295/1370/1233 1294/1369/1232
f 1295/1370/1233 1288/1363/1226 1289/1364/1227
f 1289/1364/1227 1296/1371/1234 1295/1370/1233
f 1296/1371/1234 1289/1364/1227 1290/1365/1228
f 1290/1365/1228 1297/1372/1235 1296/1371/1234
f 1297/1372/1235 1290/1365/1228 1226/1294/1164
f 1226/1294/1164 1234/1302/1172 1297/1372/1235
f 1299/1373/1236 1298/1374/1237 1307/1375/1238
f 1307/1375/1238 1308/1376/1239 1299/1373/1236
f 1300/1377/1240 1299/1373/1236 1308/1376/1239
f 1308/1376/1239 1309/1378/1241 1300/1377/1240
f 1301/1379/1242 1300/1377/1240 1309/1378/1241
f 1309/1378/1241 1310/1380/1243 1301/1379/1242
f 1302/1381/1244 1301/1379/1242 1310/1380/1243
f 1310/1380/1243 1311/1382/1245 1302/1381/1244
f 1303/1383/1246 1302/1381/1244 1311/1382/1245
f 1311/1382/1245 1312/1384/1247 1303/1383/1246
f 1304/1385/1248 1303/1383/1246 1312/1384/1247
f 1312/1384/1247 1313/1386/1249 1304/1385/1248
f 1305/1387/1250 1304/1385/1248 1313/1386/1249
f 1313/1386/1249 1314/1388/1251 1305/1387/1250
f 1306/1389/1252 1305/1387/1250 1314/1388/1251
f 1314/1388/1251 1315/1390/1253 1306/1389/1252
f 1308/1376/1239 1307/1375/1238 1316/1391/1254
f 1316/1391/1254 1317/1392/1255 1308/1376/1239
f 1309/1378/1241 1308/1376/1239 1317/1392/1255
f 1317/1392/1255 1318/1393/1256 1309/1378/1241
f 1310/1380/1243 1309/1378/1241 1318/1393/1256
f 1318/1393/1256 1319/1394/1257 1310/1380/1243
f 1311/1382/1245 1310/1380/1243 1319/1394/1257
f 1319/1394/1257 1320/1395/1258 1311/1382/1245
f 1312/1384/1247 1311/1382/1245 1320/1395/1258
f 1320/1395/1258 1321/1396/1259 1312/1384/1247
f 1313/1386/1249 1312/1384/1247 1321/1396/1259
f 1321/1396/1259 1322/1397/1260 1313/1386/1249
f 1314/1388/1251 1313/1386/1249 1322/1397/1260
f 1322/1397/1260 1323/1398/1261 1314/1388/1251
f 1315/1390/1253 1314/1388/1251 1323/1398/1261
f 1323/1398/1261 1324/1399/1262 1315/1390/1253
f 1317/1392/1255 1316/1391/1254 1325/1400/1263
f 1325/1400/1263 1326/1401/1264 1317/1392/1255
f 1318/1393/1256 1317/1392/1255 1326/1401/1264
f 1326/1401/1264 1327/1402/1265 1318/1393/1256
f 1319/1394/1257 1318/1393/1256 1327/1402/1265
f 1327/1402/1265 1328/1403/1266 1319/1394/1257
f 1320/1395/1258 1319/1394/1257 1328/1403/1266
f 1328/1403/1266 1329/1404/1267 1320/1395/1258
f 1321/1396/1259 1320/1395/1258 1329/1404/1267
f 1329/1404/1267 1330/1405/1268 1321/1396/1259
f 1322/1397/1260 1321/1396/1259 1330/1405/1268
f 1330/1405/1268 1331/1406/1269 1322/1397/1260
f 1323/1398/1261 1322/1397/1260 1331/1406/1269
f 1331/1406/1269 1332/1407/1270 1323/1398/1261
f 1324/1399/1262 1323/1398/1261 1332/1407/1270
f 1332/1407/1270 1333/1408/1271 1324/1399/1262
f 1326/1401/1264 1325/1400/1263 1334/1409/412
f 1334/1409/412 1335/1410/412 1326/1401/1264
f 1327/1402/1265 1326/1401/1264 1335/1410/412
f 1335/1410/412 1336/1411/412 1327/1402/1265
f 1328/1403/1266 1327/1402/1265 1336/1411/412
f 1336/1411/412 1337/1412/412 1328/1403/1266
f 1329/1404/1267 1328/1403/1266 1337/1412/412
f 1337/1412/412 1338/1413/412 1329/1404/1267
f 1330/1405/1268 1329/1404/1267 1338/1413/412
f 1338/1413/412 1339/1414/412 1330/1405/1268
f 1331/1406/1269 1330/1405/1268 1339/1414/412
f 1339/1414/412 1340/1415/412 1331/1406/1269
f 1332/1407/1270 1331/1406/1269 1340/1415/412
f 1340/1415/412 1341/1416/412 1332/1407/1270
f 1333/1408/1271 1332/1407/1270 1341/1416/412
f 1341/1416/412 1342/1417/412 1333/1408/1271
f 1335/1410/412 1334/1409/412 1343/1418/1272
f 1343/1418/1272 1344/1419/1273 1335/1410/412
f 1336/1411/412 1335/1410/412 1344/1419/1273
f 1344/1419/1273 1345/1420/1274 1336/1411/412
f 1337/1412/412 1336/1411/412 1345/1420/1274
f 1345/1420/1274 1346/1421/1275 1337/1412/412
f 1338/1413/412 1337/1412/412 1346/1421/1275
f 1346/1421/1275 1347/1422/1276 1338/1413/412
f 1339/1414/412 1338/1413/412 1347/1422/1276
f 1347/1422/1276 1348/1423/1277 1339/1414/412
f 1340/1415/412 1339/1414/412 1348/1423/1277
f 1348/1423/1277 1349/1424/1278 1340/1415/412
f 1341/1416/412 1340/1415/412 1349/1424/1278
f 1349/1424/1278 1350/1425/1279 1341/1416/412
f 1342/1417/412 1341/1416/412 1350/1425/1279
f 1350/1425/1279 1351/1426/1280 1342/1417/412
f 1344/1419/1273 1343/1418/1272 1352/1427/1281
f 1352/1427/1281 1353/1428/1282 1344/1419/1273
f 1345/1420/1274 1344/1419/1273 1353/1428/1282
f 1353/1428/1282 1354/1429/1283 1345/1420/1274
f 1346/1421/1275 1345/1420/1274 1354/1429/1283
f 1354/1429/1283 1355/1430/1284 1346/1421/1275
f 1347/1422/1276 1346/1421/1275 1355/1430/1284
f 1355/1430/1284 1356/1431/1285 1347/1422/1276
f 1348/1423/1277 1347/1422/1276 1356/1431/1285
f 1356/1431/1285 1357/1432/1286 1348/1423/1277
f 1349/1424/1278 1348/1423/1277 1357/1432/1286
f 1357/1432/1286 1358/1433/1287 1349/1424/1278
f 1350/1425/1279 1349/1424/1278 1358/1433/1287
f 1358/1433/1287 1359/1434/1288 1350/1425/1279
f 1351/1426/1280 1350/1425/1279 1359/1434/1288
f 1359/1434/1288 1360/1435/1289 1351/1426/1280
f 1353/1428/1282 1352/1427/1281 1361/1436/1290
f 1361/1436/1290 1362/1437/1291 1353/1428/1282
f 1354/1429/1283 1353/1428/1282 1362/1437/1291
f 1362/1437/1291 1363/1438/1292 1354/1429/1283
f 1355/1430/1284 1354/1429/1283 1363/1438/1292
f 1363/1438/1292 1364/1439/1293 1355/1430/1284
f 1356/1431/1285 1355/1430/1284 1364/1439/1293
f 1364/1439/1293 1365/1440/1294 1356/1431/1285
f 1357/1432/1286 1356/1431/1285 1365/1440/1294
f 1365/1440/1294 1366/1441/1295 1357/1432/1286
f 1358/1433/1287 1357/1432/1286 1366/1441/1295
f 1366/1441/1295 1367/1442/1296 1358/1433/1287
f 1359/1434/1288 1358/1433/1287 1367/1442/1296
f 1367/1442/1296 1368/1443/1297 1359/1434/1288
f 1360/1435/1289 1359/1434/1288 1368/1443/1297
f 1368/1443/1297 1369/1444/1298 1360/1435/1289
f 1362/1437/1291 1361/1436/1290 1370/1445/1299
f 1370/1445/1299 1371/1446/1300 1362/1437/1291
f 1363/1438/1292 1362/1437/1291 1371/1446/1300
f 1371/1446/1300 1372/1447/1301 1363/1438/1292
f 1364/1439/1293 1363/1438/1292 1372/1447/1301
f 1372/1447/1301 1373/1448/1302 1364/1439/1293
f 1365/1440/1294 1364/1439/1293 1373/1448/1302
f 1373/1448/1302 1374/1449/1303 1365/1440/1294
f 1366/1441/1295 1365/1440/1294 1374/1449/1303
f 1374/1449/1303 1375/1450/1304 1366/1441/1295
f 1367/1442/1296 1366/1441/1295 1375/1450/1304
f 1375/1450/1304 1376/1451/1305 1367/1442/1296
f 1368/1443/1297 1367/1442/1296 1376/1451/1305
f 1376/1451/1305 1377/1452/1306 1368/1443/1297
f 1369/1444/1298 1368/1443/1297 1377/1452/1306
f 1377/1452/1306 1378/1453/1307 1369/1444/1298
f 1379/1454/1308 1306/1389/1252 1315/1390/1253
f 1315/1390/1253 1387/1455/1309 1379/1454/1308
f 1380/1456/1310 1379/1454/1308 1387/1455/1309
f 1387/1455/1309 1388/1457/1311 1380/1456/1310
f 1381/1458/1312 1380/1456/1310 1388/1457/1311
f 1388/1457/1311 1389/1459/1313 1381/1458/1312
f 1382/1460/1314 1381/1458/1312 1389/1459/1313
f 1389/1459/1313 1390/1461/1315 1382/1460/1314
f 1383/1462/1316 1382/1460/1314 1390/1461/1315
f 1390/1461/1315 1391/1463/1317 1383/1462/1316
f 1384/1464/1318 1383/1462/1316 1391/1463/1317
f 1391/1463/1317 1392/1465/1319 1384/1464/1318
f 1385/1466/1320 1384/1464/1318 1392/1465/1319
f 1392/1465/1319 1393/1467/1321 1385/1466/1320
f 1386/1468/1322 1385/1466/1320 1393/1467/1321
f 1393/1467/1321 1394/1469/1323 1386/1468/1322
f 1387/1455/1309 1315/1390/1253 1324/1399/1262
f 1324/1399/1262 1395/1470/1324 1387/1455/1309
f 1388/1457/1311 1387/1455/1309 1395/1470/1324
f 1395/1470/1324 1396/1471/1325 1388/1457/1311
f 1389/1459/1313 1388/1457/1311 1396/1471/1325
f 1396/1471/1325 1397/1472/1326 1389/1459/1313
f 1390/1461/1315 1389/1459/1313 1397/1472/1326
f 1397/1472/1326 1398/1473/1327 1390/1461/1315
f 1391/1463/1317 1390/1461/1315 1398/1473/1327
f 1398/1473/1327 1399/1474/1328 1391/1463/1317
f 1392/1465/1319 1391/1463/1317 1399/1474/1328
f 1399/1474/1328 1400/1475/1329 1392/1465/1319
f 1393/1467/1321 1392/1465/1319 1400/1475/1329
f 1400/1475/1329 1401/1476/1330 1393/1467/1321
f 1394/1469/1323 1393/1467/1321 1401/1476/1330
f 1401/1476/1330 1402/1477/1331 1394/1469/1323
f 1395/1470/1324 1324/1399/1262 1333/1408/1271
f 1333/1408/1271 1403/1478/1332 1395/1470/1324
f 1396/1471/1325 1395/1470/1324 1403/1478/1332
f 1403/1478/1332 1404/1479/1333 1396/1471/1325
f 1397/1472/1326 1396/1471/1325 1404/1479/1333
f 1404/1479/1333 1405/1480/1334 1397/1472/1326
f 1398/1473/1327 1397/1472/1326 1405/1480/1334
f 1405/1480/1334 1406/1481/1335 1398/1473/1327
f 1399/1474/1328 1398/1473/1327 1406/1481/1335
f 1406/1481/1335 1407/1482/1336 1399/1474/1328
f 1400/1475/1329 1399/1474/1328 1407/1482/1336
f 1407/1482/1336 1408/1483/1337 1400/1475/1329
f 1401/1476/1330 1400/1475/1329 1408/1483/1337
f 1408/1483/1337 1409/1484/1338 1401/1476/1330
f 1402/1477/1331 1401/1476/1330 1409/1484/1338
f 1409/1484/1338 1410/1485/1339 1402/1477/1331
f 1403/1478/1332 1333/1408/1271 1342/1417/412
f 1342/1417/412 1411/1486/412 1403/1478/1332
f 1404/1479/1333 1403/1478/1332 1411/1486/412
f 1411/1486/412 1412/1487/412 1404/1479/1333
f 1405/1480/1334 1404/1479/1333 1412/1487/412
f 1412/1487/412 1413/1488/412 1405/1480/1334
f 1406/1481/1335 1405/1480/1334 1413/1488/412
f 1413/1488/412 1414/1489/412 1406/1481/1335
f 1407/1482/1336 1406/1481/1335 1414/1489/412
f 1414/1489/412 1415/1490/412 1407/1482/1336
f 1408/1483/1337 1407/1482/1336 1415/1490/412
f 1415/1490/412 1416/1491/412 1408/1483/1337
f 1409/1484/1338 1408/1483/1337 1416/1491/412
f 1416/1491/412 1417/1492/412 1409/1484/1338
f 1410/1485/1339 1409/1484/1338 1417/1492/412
f 1417/1492/412 1418/1493/412 1410/1485/1339
f 1411/1486/412 1342/1417/412 1351/1426/1280
f 1351/1426/1280 1419/1494/1340 1411/1486/412
f 1412/1487/412 1411/1486/412 1419/1494/1340
f 1419/1494/1340 1420/1495/1341 1412/1487/412
f 1413/1488/412 1412/1487/412 1420/1495/1341
f 1420/1495/1341 1421/1496/1342 1413/1488/412
f 1414/1489/412 1413/1488/412 1421/1496/1342
f 1421/1496/1342 1422/1497/1343 1414/1489/412
f 1415/1490/412 1414/1489/412 1422/1497/1343
f 1422/1497/1343 1423/1498/1344 1415/1490/412
f 1416/1491/412 1415/1490/412 1423/1498/1344
f 1423/1498/1344 1424/1499/1345 1416/1491/412
f 1417/1492/412 1416/1491/412 1424/1499/1345
f 1424/1499/1345 1425/1500/1346 1417/1492/412
f 1418/1493/412 1417/1492/412 1425/1500/1346
f 1425/1500/1346 1426/1501/1347 1418/1493/412
f 1419/1494/1340 1351/1426/1280 1360/1435/1289
f 1360/1435/1289 1427/1502/1348 1419/1494/1340
f 1420/1495/1341 1419/1494/1340 1427/1502/1348
f 1427/1502/1348 1428/1503/1349 1420/1495/1341
f 1421/1496/1342 1420/1495/1341 1428/1503/1349
f 1428/1503/1349 1429/1504/1350 1421/1496/1342
f 1422/1497/1343 1421/1496/1342 1429/1504/1350
f 1429/1504/1350 1430/1505/1351 1422/1497/1343
f 1423/1498/1344 1422/1497/1343 1430/1505/1351
f 1430/1505/1351 1431/1506/1352 1423/1498/1344
f 1424/1499/1345 1423/1498/1344 1431/1506/1352
f 1431/1506/1352 1432/1507/1353 1424/1499/1345
f 1425/1500/1346 1424/1499/1345 1432/1507/1353
f 1432/1507/1353 1433/1508/1354 1425/1500/1346
f 1426/1501/1347 1425/1500/1346 1433/1508/1354
f 1433/1508/1354 1434/1509/1355 1426/1501/1347
f 1427/1502/1348 1360/1435/1289 1369/1444/1298
f 1369/1444/1298 1435/1510/1356 1427/1502/1348
f 1428/1503/1349 1427/1502/1348 1435/1510/1356
f 1435/1510/1356 1436/1511/1357 1428/1503/1349
f 1429/1504/1350 1428/1503/1349 1436/1511/1357
f 1436/1511/1357 1437/1512/1358 1429/1504/1350
f 1430/1505/1351 1429/1504/1350 1437/1512/1358
f 1437/1512/1358 1438/1513/1359 1430/1505/1351
f 1431/1506/1352 1430/1505/1351 1438/1513/1359
f 1438/1513/1359 1439/1514/1360 1431/1506/1352
f 1432/1507/1353 1431/1506/1352 1439/1514/1360
f 1439/1514/1360 1440/1515/1361 1432/1507/1353
f 1433/1508/1354 1432/1507/1353 1440/1515/1361
f 1440/1515/1361 1441/1516/1362 1433/1508/1354
f 1434/1509/1355 1433/1508/1354 1441/1516/1362
f 1441/1516/1362 1442/1517/1363 1434/1509/1355
f 1435/1510/1356 1369/1444/1298 1378/1453/1307
f 1378/1453/1307 1443/1518/1364 1435/1510/1356
f 1436/1511/1357 1435/1510/1356 1443/1518/1364
f 1443/1518/1364 1444/1519/1365 1436/1511/1357
f 1437/1512/1358 1436/1511/1357 1444/1519/1365
f 1444/1519/1365 1445/1520/1366 1437/1512/1358
f 1438/1513/1359 1437/1512/1358 1445/1520/1366
f 1445/1520/1366 1446/1521/1367 1438/1513/1359
f 1439/1514/1360 1438/1513/1359 1446/1521/1367
f 1446/1521/1367 1447/1522/1368 1439/1514/1360
f 1440/1515/1361 1439/1514/1360 1447/1522/1368
f 1447/1522/1368 1448/1523/1369 1440/1515/1361
f 1441/1516/1362 1440/1515/1361 1448/1523/1369
f 1448/1523/1369 1449/1524/1370 1441/1516/1362
f 1442/1517/1363 1441/1516/1362 1449/1524/1370
f 1449/1524/1370 1450/1525/1371 1442/1517/1363
f 1459/1526/1372 1451/1527/1373 1452/1528/1374
f 1452/1528/1374 1460/1529/1375 1459/1526/1372
f 1460/1529/1375 1452/1528/1374 1453/1530/1376
f 1453/1530/1376 1461/1531/1377 1460/1529/1375
f 1461/1531/1377 1453/1530/1376 1454/1532/1378
f 1454/1532/1378 1462/1533/1379 1461/1531/1377
f 1462/1533/1379 1454/1532/1378 1455/1534/1380
f 1455/1534/1380 1463/1535/1381 1462/1533/1379
f 1463/1535/1381 1455/1534/1380 1456/1536/1382
f 1456/1536/1382 1464/1537/1383 1463/1535/1381
f 1464/1537/1383 1456/1536/1382 1457/1538/1384
f 1457/1538/1384 1465/1539/1385 1464/1537/1383
f 1465/1539/1385 1457/1538/1384 1458/1540/1386
f 1458/1540/1386 1466/1541/1387 1465/1539/1385
f 1466/1541/1387 1458/1540/1386 1386/1468/1322
f 1386/1468/1322 1394/1469/1323 1466/1541/1387
f 1467/1542/1388 1459/1526/1372 1460/1529/1375
f 1460/1529/1375 1468/1543/1389 1467/1542/1388
f 1468/1543/1389 1460/1529/1375 1461/1531/1377
f 1461/1531/1377 1469/1544/1390 1468/1543/1389
f 1469/1544/1390 1461/1531/1377 1462/1533/1379
f 1462/1533/1379 1470/1545/1391 1469/1544/1390
f 1470/1545/1391 1462/1533/1379 1463/1535/1381
f 1463/1535/1381 1471/1546/1392 1470/1545/1391
f 1471/1546/1392 1463/1535/1381 1464/1537/1383
f 1464/1537/1383 1472/1547/1393 1471/1546/1392
f 1472/1547/1393 1464/1537/1383 1465/1539/1385
f 1465/1539/1385 1473/1548/1394 1472/1547/1393
f 1473/1548/1394 1465/1539/1385 1466/1541/1387
f 1466/1541/1387 1474/1549/1395 1473/1548/1394
f 1474/1549/1395 1466/1541/1387 1394/1469/1323
f 1394/1469/1323 1402/1477/1331 1474/1549/1395
f 1475/1550/1396 1467/1542/1388 1468/1543/1389
f 1468/1543/1389 1476/1551/1397 1475/1550/1396
f 1476/1551/1397 1468/1543/1389 1469/1544/1390
f 1469/1544/1390 1477/1552/1398 1476/1551/1397
f 1477/1552/1398 1469/1544/1390 1470/1545/1391
f 1470/1545/1391 1478/1553/1399 1477/1552/1398
f 1478/1553/1399 1470/1545/1391 1471/1546/1392
f 1471/1546/1392 1479/1554/1400 1478/1553/1399
f 1479/1554/1400 1471/1546/1392 1472/1547/1393
f 1472/1547/1393 1480/1555/1401 1479/1554/1400
f 1480/1555/1401 1472/1547/1393 1473/1548/1394
f 1473/1548/1394 1481/1556/1402 1480/1555/1401
f 1481/1556/1402 1473/1548/1394 1474/1549/1395
f 1474/1549/1395 1482/1557/1403 1481/1556/1402
f 1482/1557/1403 1474/1549/1395 1402/1477/1331
f 1402/1477/1331 1410/1485/1339 1482/1557/1403
f 1483/1558/412 1475/1550/1396 1476/1551/1397
f 1476/1551/1397 1484/1559/412 1483/1558/412
f 1484/1559/412 1476/1551/1397 1477/1552/1398
f 1477/1552/1398 1485/1560/412 1484/1559/412
f 1485/1560/412 1477/1552/1398 1478/1553/1399
f 1478/1553/1399 1486/1561/412 1485/1560/412
f 1486/1561/412 1478/1553/1399 1479/1554/1400
f 1479/1554/1400 1487/1562/412 1486/1561/412
f 1487/1562/412 1479/1554/1400 1480/1555/1401
f 1480/1555/1401 1488/1563/412 1487/1562/412
f 1488/1563/412 1480/1555/1401 1481/1556/1402
f 1481/1556/1402 1489/1564/412 1488/1563/412
f 1489/1564/412 1481/1556/1402 1482/1557/1403
f 1482/1557/1403 1490/1565/412 1489/1564/412
f 1490/1565/412 1482/1557/1403 1410/1485/1339
f 1410/1485/1339 1418/1493/412 1490/1565/412
f 1491/1566/1404 1483/1558/412 1484/1559/412
f 1484/1559/412 1492/1567/1405 1491/1566/1404
f 1492/1567/1405 1484/1559/412 1485/1560/412
f 1485/1560/412 1493/1568/1406 1492/1567/1405
f 1493/1568/1406 1485/1560/412 1486/1561/412
f 1486/1561/412 1494/1569/1407 1493/1568/1406
f 1494/1569/1407 1486/1561/412 1487/1562/412
f 1487/1562/412 1495/1570/1408 1494/1569/1407
f 1495/1570/1408 1487/1562/412 1488/1563/412
f 1488/1563/412 1496/1571/1409 1495/1570/1408
f 1496/1571/1409 1488/1563/412 1489/1564/412
f 1489/1564/412 1497/1572/1410 1496/1571/1409
f 1497/1572/1410 1489/1564/412 1490/1565/412
f 1490/1565/412 1498/1573/1411 1497/1572/1410
f 1498/1573/1411 1490/1565/412 1418/1493/412
f 1418/1493/412 1426/1501/1347 1498/1573/1411
f 1499/1574/1412 1491/1566/1404 1492/1567/1405
f 1492/1567/1405 1500/1575/1413 1499/1574/1412
f 1500/1575/1413 1492/1567/1405 1493/1568/1406
f 1493/1568/1406 1501/1576/1414 1500/1575/1413
f 1501/1576/1414 1493/1568/1406 1494/1569/1407
f 1494/1569/1407 1502/1577/1415 1501/1576/1414
f 1502/1577/1415 1494/1569/1407 1495/1570/1408
f 1495/1570/1408 1503/1578/1416 1502/1577/1415
f 1503/1578/1416 1495/1570/1408 1496/1571/1409
f 1496/1571/1409 1504/1579/1417 1503/1578/1416
f 1504/1579/1417 1496/1571/1409 1497/1572/1410
f 1497/1572/1410 1505/1580/1418 1504/1579/1417
f 1505/1580/1418 1497/1572/1410 1498/1573/1411
f 1498/1573/1411 1506/1581/1419 1505/1580/1418
f 1506/1581/1419 1498/1573/1411 1426/1501/1347
f 1426/1501/1347 1434/1509/1355 1506/1581/1419
f 1507/1582/1420 1499/1574/1412 1500/1575/1413
f 1500/1575/1413 1508/1583/1421 1507/1582/1420
f 1508/1583/1421 1500/1575/1413 1501/1576/1414
f 1501/1576/1414 1509/1584/1422 1508/1583/1421
f 1509/1584/1422 1501/1576/1414 1502/1577/1415
f 1502/1577/1415 1510/1585/1423 1509/1584/1422
f 1510/1585/1423 1502/1577/1415 1503/1578/1416
f 1503/1578/1416 1511/1586/1424 1510/1585/1423
f 1511/1586/1424 1503/1578/1416 1504/1579/1417
f 1504/1579/1417 1512/1587/1425 1511/1586/1424
f 1512/1587/1425 1504/1579/1417 1505/1580/1418
f 1505/1580/1418 1513/1588/1426 1512/1587/1425
f 1513/1588/1426 1505/1580/1418 1506/1581/1419
f 1506/1581/1419 1514/1589/1427 1513/1588/1426
f 1514/1589/1427 1506/1581/1419 1434/1509/1355
f 1434/1509/1355 1442/1517/1363 1514/1589/1427
f 1515/1590/1428 1507/1582/1420 1508/1583/1421
f 1508/1583/1421 1516/1591/1429 1515/1590/1428
f 1516/1591/1429 1508/1583/1421 1509/1584/1422
f 1509/1584/1422 1517/1592/1430 1516/1591/1429
f 1517/1592/1430 1509/1584/1422 1510/1585/1423
f 1510/1585/1423 1518/1593/1431 1517/1592/1430
f 1518/1593/1431 1510/1585/1423 1511/1586/1424
f 1511/1586/1424 1519/1594/1432 1518/1593/1431
f 1519/1594/1432 1511/1586/1424 1512/1587/1425
f 1512/1587/1425 1520/1595/1433 1519/1594/1432
f 1520/1595/1433 1512/1587/1425 1513/1588/1426
f 1513/1588/1426 1521/1596/1434 1520/1595/1433
f 1521/1596/1434 1513/1588/1426 1514/1589/1427
f 1514/1589/1427 1522/1597/1435 1521/1596/1434
f 1522/1597/1435 1514/1589/1427 1442/1517/1363
f 1442/1517/1363 1450/1525/1371 1522/1597/1435
f 1307/1598/1238 1298/1599/1237 1523/1600/1436
f 1523/1600/1436 1530/1601/1437 1307/1598/1238
f 1530/1601/1437 1523/1600/1436 1524/1602/1438
f 1524/1602/1438 1531/1603/1439 1530/1601/1437
f 1531/1603/1439 1524/1602/1438 1525/1604/1440
f 1525/1604/1440 1532/1605/1441 1531/1603/1439
f 1532/1605/1441 1525/1604/1440 1526/1606/1442
f 1526/1606/1442 1533/1607/1443 1532/1605/1441
f 1533/1607/1443 1526/1606/1442 1527/1608/1444
f 1527/1608/1444 1534/1609/1445 1533/1607/1443
f 1534/1609/1445 1527/1608/1444 1528/1610/1446
f 1528/1610/1446 1535/1611/1447 1534/1609/1445
f 1535/1611/1447 1528/1610/1446 1529/1612/1448
f 1529/1612/1448 1536/1613/1449 1535/1611/1447
f 1536/1613/1449 1529/1612/1448 1451/1527/1373
f 1451/1527/1373 1459/1526/1372 1536/1613/1449
f 1316/1614/1254 1307/1598/1238 1530/1601/1437
f 1530/1601/1437 1537/1615/1450 1316/1614/1254
f 1537/1615/1450 1530/1601/1437 1531/1603/1439
f 1531/1603/1439 1538/1616/1451 1537/1615/1450
f 1538/1616/1451 1531/1603/1439 1532/1605/1441
f 1532/1605/1441 1539/1617/1452 1538/1616/1451
f 1539/1617/1452 1532/1605/1441 1533/1607/1443
f 1533/1607/1443 1540/1618/1453 1539/1617/1452
f 1540/1618/1453 1533/1607/1443 1534/1609/1445
f 1534/1609/1445 1541/1619/1454 1540/1618/1453
f 1541/1619/1454 1534/1609/1445 1535/1611/1447
f 1535/1611/1447 1542/1620/1455 1541/1619/1454
f 1542/1620/1455 1535/1611/1447 1536/1613/1449
f 1536/1613/1449 1543/1621/1456 1542/1620/1455
f 1543/1621/1456 1536/1613/1449 1459/1526/1372
f 1459/1526/1372 1467/1542/1388 1543/1621/1456
f 1325/1622/1263 1316/1614/1254 1537/1615/1450
f 1537/1615/1450 1544/1623/1457 1325/1622/1263
f 1544/1623/1457 1537/1615/1450 1538/1616/1451
f 1538/1616/1451 1545/1624/1458 1544/1623/1457
f 1545/1624/1458 1538/1616/1451 1539/1617/1452
f 1539/1617/1452 1546/1625/1459 1545/1624/1458
f 1546/1625/1459 1539/1617/1452 1540/1618/1453
f 1540/1618/1453 1547/1626/1460 1546/1625/1459
f 1547/1626/1460 1540/1618/1453 1541/1619/1454
f 1541/1619/1454 1548/1627/1461 1547/1626/1460
f 1548/1627/1461 1541/1619/1454 1542/1620/1455
f 1542/1620/1455 1549/1628/1462 1548/1627/1461
f 1549/1628/1462 1542/1620/1455 1543/1621/1456
f 1543/1621/1456 1550/1629/1463 1549/1628/1462
f 1550/1629/1463 1543/1621/1456 1467/1542/1388
f 1467/1542/1388 1475/1550/1396 1550/1629/1463
f 1334/1630/412 1325/1622/1263 1544/1623/1457
f 1544/1623/1457 1551/1631/412 1334/1630/412
f 1551/1631/412 1544/1623/1457 1545/1624/1458
f 1545/1624/1458 1552/1632/412 1551/1631/412
f 1552/1632/412 1545/1624/1458 1546/1625/1459
f 1546/1625/1459 1553/1633/412 1552/1632/412
f 1553/1633/412 1546/1625/1459 1547/1626/1460
f 1547/1626/1460 1554/1634/412 1553/1633/412
f 1554/1634/412 1547/1626/1460 1548/1627/1461
f 1548/1627/1461 1555/1635/412 1554/1634/412
f 1555/1635/412 1548/1627/1461 1549/1628/1462
f 1549/1628/1462 1556/1636/412 1555/1635/412
f 1556/1636/412 1549/1628/1462 1550/1629/1463
f 1550/1629/1463 1557/1637/412 1556/1636/412
f 1557/1637/412 1550/1629/1463 1475/1550/1396
f 1475/1550/1396 1483/1558/412 1557/1637/412
f 1343/1638/1272 1334/1630/412 1551/1631/412
f 1551/1631/412 1558/1639/1464 1343/1638/1272
f 1558/1639/1464 1551/1631/412 1552/1632/412
f 1552/1632/412 1559/1640/1465 1558/1639/1464
f 1559/1640/1465 1552/1632/412 1553/1633/412
f 1553/1633/412 1560/1641/1466 1559/1640/1465
f 1560/1641/1466 1553/1633/412 1554/1634/412
f 1554/1634/412 1561/1642/1467 1560/1641/1466
f 1561/1642/1467 1554/1634/412 1555/1635/412
f 1555/1635/412 1562/1643/1468 1561/1642/1467
f 1562/1643/1468 1555/1635/412 1556/1636/412
f 1556/1636/412 1563/1644/1469 1562/1643/1468
f 1563/1644/1469 1556/1636/412 1557/1637/412
f 1557/1637/412 1564/1645/1470 1563/1644/1469
f 1564/1645/1470 1557/1637/412 1483/1558/412
f 1483/1558/412 1491/1566/1404 1564/1645/1470
f 1352/1646/1281 1343/1638/1272 1558/1639/1464
f 1558/1639/1464 1565/1647/1471 1352/1646/1281
f 1565/1647/1471 1558/1639/1464 1559/1640/1465
f 1559/1640/1465 1566/1648/1472 1565/1647/1471
f 1566/1648/1472 1559/1640/1465 1560/1641/1466
f 1560/1641/1466 1567/1649/1473 1566/1648/1472
f 1567/1649/1473 1560/1641/1466 1561/1642/1467
f 1561/1642/1467 1568/1650/1474 1567/1649/1473
f 1568/1650/1474 1561/1642/1467 1562/1643/1468
f 1562/1643/1468 1569/1651/1475 1568/1650/1474
f 1569/1651/1475 1562/1643/1468 1563/1644/1469
f 1563/1644/1469 1570/1652/1476 1569/1651/1475
f 1570/1652/1476 1563/1644/1469 1564/1645/1470
f 1564/1645/1470 1571/1653/1477 1570/1652/1476
f 1571/1653/1477 1564/1645/1470 1491/1566/1404
f 1491/1566/1404 1499/1574/1412 1571/1653/1477
f 1361/1654/1290 1352/1646/1281 1565/1647/1471
f 1565/1647/1471 1572/1655/1478 1361/1654/1290
f 1572/1655/1478 1565/1647/1471 1566/1648/1472
f 1566/1648/1472 1573/1656/1479 1572/1655/1478
f 1573/1656/1479 1566/1648/1472 1567/1649/1473
f 1567/1649/1473 1574/1657/1480 1573/1656/1479
f 1574/1657/1480 1567/1649/1473 1568/1650/1474
f 1568/1650/1474 1575/1658/1481 1574/1657/1480
f 1575/1658/1481 1568/1650/1474 1569/1651/1475
f 1569/1651/1475 1576/1659/1482 1575/1658/1481
f 1576/1659/1482 1569/1651/1475 1570/1652/1476
f 1570/1652/1476 1577/1660/1483 1576/1659/1482
f 1577/1660/1483 1570/1652/1476 1571/1653/1477
f 1571/1653/1477 1578/1661/1484 1577/1660/1483
f 1578/1661/1484 1571/1653/1477 1499/1574/1412
f 1499/1574/1412 1507/1582/1420 1578/1661/1484
f 1370/1662/1299 1361/1654/1290 1572/1655/1478
f 1572/1655/1478 1579/1663/1485 1370/1662/1299
f 1579/1663/1485 1572/1655/1478 1573/1656/1479
f 1573/1656/1479 1580/1664/1486 1579/1663/1485
f 1580/1664/1486 1573/1656/1479 1574/1657/1480
f 1574/1657/1480 1581/1665/1487 1580/1664/1486
f 1581/1665/1487 1574/1657/1480 1575/1658/1481
f 1575/1658/1481 1582/1666/1488 1581/1665/1487
f 1582/1666/1488 1575/1658/1481 1576/1659/1482
f 1576/1659/1482 1583/1667/1489 1582/1666/1488
f 1583/1667/1489 1576/1659/1482 1577/1660/1483
f 1577/1660/1483 1584/1668/1490 1583/1667/1489
f 1584/1668/1490 1577/1660/1483 1578/1661/1484
f 1578/1661/1484 1585/1669/1491 1584/1668/1490
f 1585/1669/1491 1578/1661/1484 1507/1582/1420
f 1507/1582/1420 1515/1590/1428 1585/1669/1491
f 1372/1447/1301 1371/1446/1300 1586/1670/1492
f 1586/1670/1492 1587/1671/1493 1372/1447/1301
f 1373/1448/1302 1372/1447/1301 1587/1671/1493
f 1587/1671/1493 1588/1672/1494 1373/1448/1302
f 1374/1449/1303 1373/1448/1302 1588/1672/1494
f 1588/1672/1494 1589/1673/1495 1374/1449/1303
f 1375/1450/1304 1374/1449/1303 1589/1673/1495
f 1589/1673/1495 1590/1674/1496 1375/1450/1304
f 1376/1451/1305 1375/1450/1304 1590/1674/1496
f 1590/1674/1496 1591/1675/1497 1376/1451/1305
f 1377/1452/1306 1376/1451/1305 1591/1675/1497
f 1591/1675/1497 1592/1676/1498 1377/1452/1306
f 1378/1453/1307 1377/1452/1306 1592/1676/1498
f 1592/1676/1498 1593/1677/1499 1378/1453/1307
f 1587/1671/1493 1586/1670/1492 1594/1678/1500
f 1594/1678/1500 1595/1679/1501 1587/1671/1493
f 1588/1672/1494 1587/1671/1493 1595/1679/1501
f 1595/1679/1501 1596/1680/1502 1588/1672/1494
f 1589/1673/1495 1588/1672/1494 1596/1680/1502
f 1596/1680/1502 1597/1681/1503 1589/1673/1495
f 1590/1674/1496 1589/1673/1495 1597/1681/1503
f 1597/1681/1503 1598/1682/1504 1590/1674/1496
f 1591/1675/1497 1590/1674/1496 1598/1682/1504
f 1598/1682/1504 1599/1683/1505 1591/1675/1497
f 1592/1676/1498 1591/1675/1497 1599/1683/1505
f 1599/1683/1505 1600/1684/1506 1592/1676/1498
f 1593/1677/1499 1592/1676/1498 1600/1684/1506
f 1600/1684/1506 1601/1685/1507 1593/1677/1499
f 1595/1679/1501 1594/1678/1500 1603/1686/1508
f 1603/1686/1508 1604/1687/1509 1595/1679/1501
f 1596/1680/1502 1595/1679/1501 1604/1687/1509
f 1604/1687/1509 1605/1688/1510 1596/1680/1502
f 1597/1681/1503 1596/1680/1502 1605/1688/1510
f 1605/1688/1510 1606/1689/1511 1597/1681/1503
f 1598/1682/1504 1597/1681/1503 1606/1689/1511
f 1606/1689/1511 1607/1690/1512 1598/1682/1504
f 1599/1683/1505 1598/1682/1504 1607/1690/1512
f 1607/1690/1512 1608/1691/1513 1599/1683/1505
f 1600/1684/1506 1599/1683/1505 1608/1691/1513
f 1608/1691/1513 1609/1692/1514 1600/1684/1506
f 1601/1685/1507 1600/1684/1506 1609/1692/1514
f 1609/1692/1514 1610/1693/1515 1601/1685/1507
f 1603/1686/1508 1602/1694/1516 1611/1695/1517
f 1611/1695/1517 1612/1696/1518 1603/1686/1508
f 1604/1687/1509 1603/1686/1508 1612/1696/1518
f 1612/1696/1518 1613/1697/1519 1604/1687/1509
f 1605/1688/1510 1604/1687/1509 1613/1697/1519
f 1613/1697/1519 1614/1698/1520 1605/1688/1510
f 1606/1689/1511 1605/1688/1510 1614/1698/1520
f 1614/1698/1520 1615/1699/1521 1606/1689/1511
f 1607/1690/1512 1606/1689/1511 1615/1699/1521
f 1615/1699/1521 1616/1700/1522 1607/1690/1512
f 1608/1691/1513 1607/1690/1512 1616/1700/1522
f 1616/1700/1522 1617/1701/1523 1608/1691/1513
f 1609/1692/1514 1608/1691/1513 1617/1701/1523
f 1617/1701/1523 1618/1702/1524 1609/1692/1514
f 1610/1693/1515 1609/1692/1514 1618/1702/1524
f 1618/1702/1524 1619/1703/1525 1610/1693/1515
f 1612/1696/1518 1611/1695/1517 1620/1704/1526
f 1620/1704/1526 1621/1705/1527 1612/1696/1518
f 1613/1697/1519 1612/1696/1518 1621/1705/1527
f 1621/1705/1527 1622/1706/1528 1613/1697/1519
f 1614/1698/1520 1613/1697/1519 1622/1706/1528
f 1622/1706/1528 1623/1707/1529 1614/1698/1520
f 1615/1699/1521 1614/1698/1520 1623/1707/1529
f 1623/1707/1529 1624/1708/1530 1615/1699/1521
f 1616/1700/1522 1615/1699/1521 1624/1708/1530
f 1624/1708/1530 1625/1709/1531 1616/1700/1522
f 1617/1701/1523 1616/1700/1522 1625/1709/1531
f 1625/1709/1531 1626/1710/1532 1617/1701/1523
f 1618/1702/1524 1617/1701/1523 1626/1710/1532
f 1626/1710/1532 1627/1711/1533 1618/1702/1524
f 1619/1703/1525 1618/1702/1524 1627/1711/1533
f 1627/1711/1533 1628/1712/1534 1619/1703/1525
f 1621/1705/1527 1620/1704/1526 1629/1713/1535
f 1629/1713/1535 1630/1714/1536 1621/1705/1527
f 1622/1706/1528 1621/1705/1527 1630/1714/1536
f 1630/1714/1536 1631/1715/1537 1622/1706/1528
f 1623/1707/1529 1622/1706/1528 1631/1715/1537
f 1631/1715/1537 1632/1716/1538 1623/1707/1529
f 1624/1708/1530 1623/1707/1529 1632/1716/1538
f 1632/1716/1538 1633/1717/1539 1624/1708/1530
f 1625/1709/1531 1624/1708/1530 1633/1717/1539
f 1633/1717/1539 1634/1718/1540 1625/1709/1531
f 1626/1710/1532 1625/1709/1531 1634/1718/1540
f 1634/1718/1540 1635/1719/1541 1626/1710/1532
f 1627/1711/1533 1626/1710/1532 1635/1719/1541
f 1635/1719/1541 1636/1720/1542 1627/1711/1533
f 1628/1712/1534 1627/1711/1533 1636/1720/1542
f 1636/1720/1542 1637/1721/1543 1628/1712/1534
f 1630/1714/1536 1629/1713/1535 1638/1722/1544
f 1638/1722/1544 1639/1723/1545 1630/1714/1536
f 1631/1715/1537 1630/1714/1536 1639/1723/1545
f 1639/1723/1545 1640/1724/1546 1631/1715/1537
f 1632/1716/1538 1631/1715/1537 1640/1724/1546
f 1640/1724/1546 1641/1725/1547 1632/1716/1538
f 1633/1717/1539 1632/1716/1538 1641/1725/1547
f 1641/1725/1547 1642/1726/1548 1633/1717/1539
f 1634/1718/1540 1633/1717/1539 1642/1726/1548
f 1642/1726/1548 1643/1727/1549 1634/1718/1540
f 1635/1719/1541 1634/1718/1540 1643/1727/1549
f 1643/1727/1549 1644/1728/1550 1635/1719/1541
f 1636/1720/1542 1635/1719/1541 1644/1728/1550
f 1644/1728/1550 1645/1729/1551 1636/1720/1542
f 1637/1721/1543 1636/1720/1542 1645/1729/1551
f 1645/1729/1551 1646/1730/1552 1637/1721/1543
f 1640/1724/1546 1639/1723/1545 1647/1731/1044
f 1647/1731/1044 1648/1732/1045 1640/1724/1546
f 1641/1725/1547 1640/1724/1546 1648/1732/1045
f 1648/1732/1045 1649/1733/1553 1641/1725/1547
f 1642/1726/1548 1641/1725/1547 1649/1733/1553
f 1649/1733/1553 1650/1734/1047 1642/1726/1548
f 1643/1727/1549 1642/1726/1548 1650/1734/1047
f 1650/1734/1047 1651/1735/1554 1643/1727/1549
f 1644/1728/1550 1643/1727/1549 1651/1735/1554
f 1651/1735/1554 1652/1736/1555 1644/1728/1550
f 1645/1729/1551 1644/1728/1550 1652/1736/1555
f 1652/1736/1555 1653/1737/1556 1645/1729/1551
f 1646/1730/1552 1645/1729/1551 1653/1737/1556
f 1653/1737/1556 1654/1738/9 1646/1730/1552
f 89/1739/80 1370/1445/1299 86/1740/81
f 89/1739/80 1371/1446/1300 1370/1445/1299
f 92/1741/84 1371/1446/1300 89/1739/80
f 92/1741/84 1586/1670/1492 1371/1446/1300
f 95/1742/87 1586/1670/1492 92/1741/84
f 98/1743/90 1586/1670/1492 95/1742/87
f 101/1744/93 1586/1670/1492 98/1743/90
f 101/1744/93 1594/1678/1500 1586/1670/1492
f 104/1745/96 1594/1678/1500 101/1744/93
f 104/1745/96 107/1746/99 1594/1678/1500
f 110/1747/102 1594/1678/1500 107/1746/99
f 110/1747/102 1603/1686/1508 1594/1678/1500
f 110/1747/102 1602/1694/1516 1603/1686/1508
f 113/1748/105 1602/1694/1516 110/1747/102
f 116/1749/108 1602/1694/1516 113/1748/105
f 289/1750/264 1638/1722/1544 286/1751/265
f 289/1750/264 1639/1723/1545 1638/1722/1544
f 292/1752/268 1639/1723/1545 289/1750/264
f 292/1752/268 1647/1731/1044 1639/1723/1545
f 295/1753/271 1647/1731/1044 292/1752/268
f 1443/1518/1364 1378/1453/1307 1593/1677/1499
f 1593/1677/1499 1655/1754/1557 1443/1518/1364
f 1444/1519/1365 1443/1518/1364 1655/1754/1557
f 1655/1754/1557 1656/1755/1558 1444/1519/1365
f 1445/1520/1366 1444/1519/1365 1656/1755/1558
f 1656/1755/1558 1657/1756/1559 1445/1520/1366
f 1446/1521/1367 1445/1520/1366 1657/1756/1559
f 1657/1756/1559 1658/1757/1560 1446/1521/1367
f 1447/1522/1368 1446/1521/1367 1658/1757/1560
f 1658/1757/1560 1659/1758/1561 1447/1522/1368
f 1448/1523/1369 1447/1522/1368 1659/1758/1561
f 1659/1758/1561 1660/1759/1562 1448/1523/1369
f 1449/1524/1370 1448/1523/1369 1660/1759/1562
f 1660/1759/1562 1661/1760/1563 1449/1524/1370
f 1450/1525/1371 1449/1524/1370 1661/1760/1563
f 1661/1760/1563 1662/1761/1564 1450/1525/1371
f 1655/1754/1557 1593/1677/1499 1601/1685/1507
f 1601/1685/1507 1663/1762/1565 1655/1754/1557
f 1656/1755/1558 1655/1754/1557 1663/1762/1565
f 1663/1762/1565 1664/1763/1566 1656/1755/1558
f 1657/1756/1559 1656/1755/1558 1664/1763/1566
f 1664/1763/1566 1665/1764/1567 1657/1756/1559
f 1658/1757/1560 1657/1756/1559 1665/1764/1567
f 1665/1764/1567 1666/1765/1568 1658/1757/1560
f 1659/1758/1561 1658/1757/1560 1666/1765/1568
f 1666/1765/1568 1667/1766/1569 1659/1758/1561
f 1660/1759/1562 1659/1758/1561 1667/1766/1569
f 1667/1766/1569 1668/1767/1570 1660/1759/1562
f 1661/1760/1563 1660/1759/1562 1668/1767/1570
f 1668/1767/1570 1669/1768/1571 1661/1760/1563
f 1662/1761/1564 1661/1760/1563 1669/1768/1571
f 1669/1768/1571 1670/1769/1572 1662/1761/1564
f 1663/1762/1565 1601/1685/1507 1610/1693/1515
f 1610/1693/1515 1671/1770/1573 1663/1762/1565
f 1664/1763/1566 1663/1762/1565 1671/1770/1573
f 1671/1770/1573 1672/1771/1574 1664/1763/1566
f 1665/1764/1567 1664/1763/1566 1672/1771/1574
f 1672/1771/1574 1673/1772/1575 1665/1764/1567
f 1666/1765/1568 1665/1764/1567 1673/1772/1575
f 1673/1772/1575 1674/1773/1576 1666/1765/1568
f 1667/1766/1569 1666/1765/1568 1674/1773/1576
f 1674/1773/1576 1675/1774/1577 1667/1766/1569
f 1668/1767/1570 1667/1766/1569 1675/1774/1577
f 1675/1774/1577 1676/1775/1578 1668/1767/1570
f 1669/1768/1571 1668/1767/1570 1676/1775/1578
f 1676/1775/1578 1677/1776/1579 1669/1768/1571
f 1670/1769/1572 1669/1768/1571 1677/1776/1579
f 1677/1776/1579 1678/1777/1580 1670/1769/1572
f 1671/1770/1573 1610/1693/1515 1619/1703/1525
f 1619/1703/1525 1679/1778/1581 1671/1770/1573
f 1672/1771/1574 1671/1770/1573 1679/1778/1581
f 1679/1778/1581 1680/1779/1582 1672/1771/1574
f 1673/1772/1575 1672/1771/1574 1680/1779/1582
f 1680/1779/1582 1681/1780/1583 1673/1772/1575
f 1674/1773/1576 1673/1772/1575 1681/1780/1583
f 1681/1780/1583 1682/1781/1584 1674/1773/1576
f 1675/1774/1577 1674/1773/1576 1682/1781/1584
f 1682/1781/1584 1683/1782/1585 1675/1774/1577
f 1676/1775/1578 1675/1774/1577 1683/1782/1585
f 1683/1782/1585 1684/1783/1586 1676/1775/1578
f 1677/1776/1579 1676/1775/1578 1684/1783/1586
f 1684/1783/1586 1685/1784/1587 1677/1776/1579
f 1678/1777/1580 1677/1776/1579 1685/1784/1587
f 1685/1784/1587 1686/1785/1588 1678/1777/1580
f 1679/1778/1581 1619/1703/1525 1628/1712/1534
f 1628/1712/1534 1687/1786/1589 1679/1778/1581
f 1680/1779/1582 1679/1778/1581 1687/1786/1589
f 1687/1786/1589 1688/1787/1590 1680/1779/1582
f 1681/1780/1583 1680/1779/1582 1688/1787/1590
f 1688/1787/1590 1689/1788/1591 1681/1780/1583
f 1682/1781/1584 1681/1780/1583 1689/1788/1591
f 1689/1788/1591 1690/1789/1592 1682/1781/1584
f 1683/1782/1585 1682/1781/1584 1690/1789/1592
f 1690/1789/1592 1691/1790/1593 1683/1782/1585
f 1684/1783/1586 1683/1782/1585 1691/1790/1593
f 1691/1790/1593 1692/1791/1594 1684/1783/1586
f 1685/1784/1587 1684/1783/1586 1692/1791/1594
f 1692/1791/1594 1693/1792/1595 1685/1784/1587
f 1687/1786/1589 1628/1712/1534 1637/1721/1543
f 1637/1721/1543 1694/1793/1596 1687/1786/1589
f 1688/1787/1590 1687/1786/1589 1694/1793/1596
f 1694/1793/1596 1695/1794/1597 1688/1787/1590
f 1689/1788/1591 1688/1787/1590 1695/1794/1597
f 1695/1794/1597 1696/1795/1598 1689/1788/1591
f 1690/1789/1592 1689/1788/1591 1696/1795/1598
f 1696/1795/1598 1697/1796/1599 1690/1789/1592
f 1691/1790/1593 1690/1789/1592 1697/1796/1599
f 1697/1796/1599 1698/1797/1600 1691/1790/1593
f 1692/1791/1594 1691/1790/1593 1698/1797/1600
f 1698/1797/1600 1699/1798/1601 1692/1791/1594
f 1694/1793/1596 1637/1721/1543 1646/1730/1552
f 1646/1730/1552 1700/1799/1602 1694/1793/1596
f 1695/1794/1597 1694/1793/1596 1700/1799/1602
f 1700/1799/1602 1701/1800/1603 1695/1794/1597
f 1696/1795/1598 1695/1794/1597 1701/1800/1603
f 1701/1800/1603 1702/1801/1604 1696/1795/1598
f 1697/1796/1599 1696/1795/1598 1702/1801/1604
f 1702/1801/1604 1703/1802/1605 1697/1796/1599
f 1698/1797/1600 1697/1796/1599 1703/1802/1605
f 1703/1802/1605 1704/1803/1606 1698/1797/1600
f 1699/1798/1601 1698/1797/1600 1704/1803/1606
f 1704/1803/1606 1705/1804/1607 1699/1798/1601
f 1700/1799/1602 1646/1730/1552 1654/1738/9
f 1654/1738/9 1706/1805/1108 1700/1799/1602
f 1701/1800/1603 1700/1799/1602 1706/1805/1108
f 1706/1805/1108 1707/1806/1608 1701/1800/1603
f 1702/1801/1604 1701/1800/1603 1707/1806/1608
f 1707/1806/1608 1708/1807/1609 1702/1801/1604
f 1703/1802/1605 1702/1801/1604 1708/1807/1609
f 1708/1807/1609 1709/1808/1111 1703/1802/1605
f 1704/1803/1606 1703/1802/1605 1709/1808/1111
f 1709/1808/1111 1710/1809/1610 1704/1803/1606
f 1705/1804/1607 1704/1803/1606 1710/1809/1610
f 1710/1809/1610 1711/1810/1611 1705/1804/1607
f 637/1811/601 634/1812/600 1686/1785/1588
f 637/1811/601 1686/1785/1588 1685/1784/1587
f 637/1811/601 1685/1784/1587 1693/1792/1595
f 640/1813/604 637/1811/601 1693/1792/1595
f 643/1814/607 640/1813/604 1693/1792/1595
f 646/1815/610 643/1814/607 1693/1792/1595
f 646/1815/610 1693/1792/1595 1692/1791/1594
f 646/1815/610 1692/1791/1594 1699/1798/1601
f 649/1816/613 646/1815/610 1699/1798/1601
f 652/1817/616 649/1816/613 1699/1798/1601
f 652/1817/616 1699/1798/1601 1705/1804/1607
f 655/1818/619 652/1817/616 1705/1804/1607
f 658/1819/622 655/1818/619 1705/1804/1607
f 658/1819/622 1705/1804/1607 1711/1810/1611
f 661/1820/625 658/1819/622 1711/1810/1611
f 661/1820/625 1711/1810/1611 664/1821/628
f 1712/1822/1612 1515/1590/1428 1516/1591/1429
f 1516/1591/1429 1713/1823/1613 1712/1822/1612
f 1713/1823/1613 1516/1591/1429 1517/1592/1430
f 1517/1592/1430 1714/1824/1614 1713/1823/1613
f 1714/1824/1614 1517/1592/1430 1518/1593/1431
f 1518/1593/1431 1715/1825/1615 1714/1824/1614
f 1715/1825/1615 1518/1593/1431 1519/1594/1432
f 1519/1594/1432 1716/1826/1616 1715/1825/1615
f 1716/1826/1616 1519/1594/1432 1520/1595/1433
f 1520/1595/1433 1717/1827/1617 1716/1826/1616
f 1717/1827/1617 1520/1595/1433 1521/1596/1434
f 1521/1596/1434 1718/1828/1618 1717/1827/1617
f 1718/1828/1618 1521/1596/1434 1522/1597/1435
f 1522/1597/1435 1719/1829/1619 1718/1828/1618
f 1719/1829/1619 1522/1597/1435 1450/1525/1371
f 1450/1525/1371 1662/1761/1564 1719/1829/1619
f 1720/1830/1620 1712/1822/1612 1713/1823/1613
f 1713/1823/1613 1721/1831/1621 1720/1830/1620
f 1721/1831/1621 1713/1823/1613 1714/1824/1614
f 1714/1824/1614 1722/1832/1622 1721/1831/1621
f 1722/1832/1622 1714/1824/1614 1715/1825/1615
f 1715/1825/1615 1723/1833/1623 1722/1832/1622
f 1723/1833/1623 1715/1825/1615 1716/1826/1616
f 1716/1826/1616 1724/1834/1624 1723/1833/1623
f 1724/1834/1624 1716/1826/1616 1717/1827/1617
f 1717/1827/1617 1725/1835/1625 1724/1834/1624
f 1725/1835/1625 1717/1827/1617 1718/1828/1618
f 1718/1828/1618 1726/1836/1626 1725/1835/1625
f 1726/1836/1626 1718/1828/1618 1719/1829/1619
f 1719/1829/1619 1727/1837/1627 1726/1836/1626
f 1727/1837/1627 1719/1829/1619 1662/1761/1564
f 1662/1761/1564 1670/1769/1572 1727/1837/1627
f 1728/1838/1628 1720/1830/1620 1721/1831/1621
f 1721/1831/1621 1729/1839/1629 1728/1838/1628
f 1729/1839/1629 1721/1831/1621 1722/1832/1622
f 1722/1832/1622 1730/1840/1630 1729/1839/1629
f 1730/1840/1630 1722/1832/1622 1723/1833/1623
f 1723/1833/1623 1731/1841/1631 1730/1840/1630
f 1731/1841/1631 1723/1833/1623 1724/1834/1624
f 1724/1834/1624 1732/1842/1632 1731/1841/1631
f 1732/1842/1632 1724/1834/1624 1725/1835/1625
f 1725/1835/1625 1733/1843/1633 1732/1842/1632
f 1733/1843/1633 1725/1835/1625 1726/1836/1626
f 1726/1836/1626 1734/1844/1634 1733/1843/1633
f 1734/1844/1634 1726/1836/1626 1727/1837/1627
f 1727/1837/1627 1735/1845/1635 1734/1844/1634
f 1735/1845/1635 1727/1837/1627 1670/1769/1572
f 1670/1769/1572 1678/1777/1580 1735/1845/1635
f 1736/1846/1636 1728/1838/1628 1729/1839/1629
f 1729/1839/1629 1737/1847/1637 1736/1846/1636
f 1737/1847/1637 1729/1839/1629 1730/1840/1630
f 1730/1840/1630 1738/1848/1638 1737/1847/1637
f 1738/1848/1638 1730/1840/1630 1731/1841/1631
f 1731/1841/1631 1739/1849/1639 1738/1848/1638
f 1739/1849/1639 1731/1841/1631 1732/1842/1632
f 1732/1842/1632 1740/1850/1640 1739/1849/1639
f 1740/1850/1640 1732/1842/1632 1733/1843/1633
f 1733/1843/1633 1741/1851/1641 1740/1850/1640
f 1741/1851/1641 1733/1843/1633 1734/1844/1634
f 1734/1844/1634 1742/1852/1642 1741/1851/1641
f 1742/1852/1642 1734/1844/1634 1735/1845/1635
f 1735/1845/1635 1743/1853/1643 1742/1852/1642
f 1743/1853/1643 1735/1845/1635 1678/1777/1580
f 1678/1777/1580 1686/1785/1588 1743/1853/1643
f 1744/1854/1644 1736/1846/1636 1737/1847/1637
f 1737/1847/1637 1745/1855/1645 1744/1854/1644
f 1745/1855/1645 1737/1847/1637 1738/1848/1638
f 1738/1848/1638 1746/1856/1646 1745/1855/1645
f 1746/1856/1646 1738/1848/1638 1739/1849/1639
f 1739/1849/1639 1747/1857/1647 1746/1856/1646
f 1747/1857/1647 1739/1849/1639 1740/1850/1640
f 1740/1850/1640 1748/1858/1648 1747/1857/1647
f 1748/1858/1648 1740/1850/1640 1741/1851/1641
f 1741/1851/1641 1749/1859/1649 1748/1858/1648
f 1749/1859/1649 1741/1851/1641 1742/1852/1642
f 1742/1852/1642 1750/1860/1650 1749/1859/1649
f 1750/1860/1650 1742/1852/1642 1743/1853/1643
f 1743/1853/1643 1751/1861/1651 1750/1860/1650
f 1752/1862/1652 1744/1854/1644 1745/1855/1645
f 1745/1855/1645 1753/1863/1653 1752/1862/1652
f 1753/1863/1653 1745/1855/1645 1746/1856/1646
f 1746/1856/1646 1754/1864/1654 1753/1863/1653
f 1754/1864/1654 1746/1856/1646 1747/1857/1647
f 1747/1857/1647 1755/1865/1655 1754/1864/1654
f 1755/1865/1655 1747/1857/1647 1748/1858/1648
f 1748/1858/1648 1756/1866/1656 1755/1865/1655
f 1756/1866/1656 1748/1858/1648 1749/1859/1649
f 1749/1859/1649 1757/1867/1657 1756/1866/1656
f 1757/1867/1657 1749/1859/1649 1750/1860/1650
f 1750/1860/1650 1758/1868/1658 1757/1867/1657
f 1759/1869/1659 1752/1862/1652 1753/1863/1653
f 1753/1863/1653 1760/1870/1660 1759/1869/1659
f 1760/1870/1660 1753/1863/1653 1754/1864/1654
f 1754/1864/1654 1761/1871/1661 1760/1870/1660
f 1761/1871/1661 1754/1864/1654 1755/1865/1655
f 1755/1865/1655 1762/1872/1662 1761/1871/1661
f 1762/1872/1662 1755/1865/1655 1756/1866/1656
f 1756/1866/1656 1763/1873/1663 1762/1872/1662
f 1763/1873/1663 1756/1866/1656 1757/1867/1657
f 1757/1867/1657 1764/1874/1664 1763/1873/1663
f 1764/1874/1664 1757/1867/1657 1758/1868/1658
f 1758/1868/1658 1765/1875/1665 1764/1874/1664
f 1766/1876/115 1759/1869/1659 1760/1870/1660
f 1760/1870/1660 1767/1877/1666 1766/1876/115
f 1767/1877/1666 1760/1870/1660 1761/1871/1661
f 1761/1871/1661 1768/1878/1667 1767/1877/1666
f 1768/1878/1667 1761/1871/1661 1762/1872/1662
f 1762/1872/1662 1769/1879/1668 1768/1878/1667
f 1769/1879/1668 1762/1872/1662 1763/1873/1663
f 1763/1873/1663 1770/1880/1176 1769/1879/1668
f 1770/1880/1176 1763/1873/1663 1764/1874/1664
f 1764/1874/1664 1771/1881/1669 1770/1880/1176
f 1771/1881/1669 1764/1874/1664 1765/1875/1665
f 1765/1875/1665 1772/1882/1178 1771/1881/1669
f 634/1812/600 745/1883/709 1686/1785/1588
f 1686/1785/1588 745/1883/709 1743/1853/1643
f 1743/1853/1643 745/1883/709 1751/1861/1651
f 745/1883/709 748/1884/712 1751/1861/1651
f 748/1884/712 751/1885/715 1751/1861/1651
f 751/1885/715 754/1886/718 1751/1861/1651
f 1751/1861/1651 754/1886/718 1750/1860/1650
f 1750/1860/1650 754/1886/718 1758/1868/1658
f 754/1886/718 757/1887/721 1758/1868/1658
f 757/1887/721 760/1888/724 1758/1868/1658
f 1758/1868/1658 760/1888/724 1765/1875/1665
f 760/1888/724 763/1889/727 1765/1875/1665
f 763/1889/727 766/1890/730 1765/1875/1665
f 1765/1875/1665 766/1890/730 1772/1882/1178
f 766/1890/730 769/1891/733 1772/1882/1178
f 1772/1882/1178 769/1891/733 772/1892/736
f 1773/1893/1670 1579/1663/1485 1580/1664/1486
f 1580/1664/1486 1774/1894/1671 1773/1893/1670
f 1774/1894/1671 1580/1664/1486 1581/1665/1487
f 1581/1665/1487 1775/1895/1672 1774/1894/1671
f 1775/1895/1672 1581/1665/1487 1582/1666/1488
f 1582/1666/1488 1776/1896/1673 1775/1895/1672
f 1776/1896/1673 1582/1666/1488 1583/1667/1489
f 1583/1667/1489 1777/1897/1674 1776/1896/1673
f 1777/1897/1674 1583/1667/1489 1584/1668/1490
f 1584/1668/1490 1778/1898/1675 1777/1897/1674
f 1778/1898/1675 1584/1668/1490 1585/1669/1491
f 1585/1669/1491 1779/1899/1676 1778/1898/1675
f 1779/1899/1676 1585/1669/1491 1515/1590/1428
f 1515/1590/1428 1712/1822/1612 1779/1899/1676
f 1780/1900/1677 1773/1893/1670 1774/1894/1671
f 1774/1894/1671 1781/1901/1678 1780/1900/1677
f 1781/1901/1678 1774/1894/1671 1775/1895/1672
f 1775/1895/1672 1782/1902/1679 1781/1901/1678
f 1782/1902/1679 1775/1895/1672 1776/1896/1673
f 1776/1896/1673 1783/1903/1680 1782/1902/1679
f 1783/1903/1680 1776/1896/1673 1777/1897/1674
f 1777/1897/1674 1784/1904/1681 1783/1903/1680
f 1784/1904/1681 1777/1897/1674 1778/1898/1675
f 1778/1898/1675 1785/1905/1682 1784/1904/1681
f 1785/1905/1682 1778/1898/1675 1779/1899/1676
f 1779/1899/1676 1786/1906/1683 1785/1905/1682
f 1786/1906/1683 1779/1899/1676 1712/1822/1612
f 1712/1822/1612 1720/1830/1620 1786/1906/1683
f 1787/1907/1684 1780/1900/1677 1781/1901/1678
f 1781/1901/1678 1788/1908/1685 1787/1907/1684
f 1788/1908/1685 1781/1901/1678 1782/1902/1679
f 1782/1902/1679 1789/1909/1686 1788/1908/1685
f 1789/1909/1686 1782/1902/1679 1783/1903/1680
f 1783/1903/1680 1790/1910/1687 1789/1909/1686
f 1790/1910/1687 1783/1903/1680 1784/1904/1681
f 1784/1904/1681 1791/1911/1688 1790/1910/1687
f 1791/1911/1688 1784/1904/1681 1785/1905/1682
f 1785/1905/1682 1792/1912/1689 1791/1911/1688
f 1792/1912/1689 1785/1905/1682 1786/1906/1683
f 1786/1906/1683 1793/1913/1690 1792/1912/1689
f 1793/1913/1690 1786/1906/1683 1720/1830/1620
f 1720/1830/1620 1728/1838/1628 1793/1913/1690
f 1611/1914/1517 1602/1915/1516 1787/1907/1684
f 1787/1907/1684 1794/1916/1691 1611/1914/1517
f 1794/1916/1691 1787/1907/1684 1788/1908/1685
f 1788/1908/1685 1795/1917/1692 1794/1916/1691
f 1795/1917/1692 1788/1908/1685 1789/1909/1686
f 1789/1909/1686 1796/1918/1693 1795/1917/1692
f 1796/1918/1693 1789/1909/1686 1790/1910/1687
f 1790/1910/1687 1797/1919/1694 1796/1918/1693
f 1797/1919/1694 1790/1910/1687 1791/1911/1688
f 1791/1911/1688 1798/1920/1695 1797/1919/1694
f 1798/1920/1695 1791/1911/1688 1792/1912/1689
f 1792/1912/1689 1799/1921/1696 1798/1920/1695
f 1799/1921/1696 1792/1912/1689 1793/1913/1690
f 1793/1913/1690 1800/1922/1697 1799/1921/1696
f 1800/1922/1697 1793/1913/1690 1728/1838/1628
f 1728/1838/1628 1736/1846/1636 1800/1922/1697
f 1620/1923/1526 1611/1914/1517 1794/1916/1691
f 1794/1916/1691 1801/1924/1698 1620/1923/1526
f 1801/1924/1698 1794/1916/1691 1795/1917/1692
f 1795/1917/1692 1802/1925/1699 1801/1924/1698
f 1802/1925/1699 1795/1917/1692 1796/1918/1693
f 1796/1918/1693 1803/1926/1700 1802/1925/1699
f 1803/1926/1700 1796/1918/1693 1797/1919/1694
f 1797/1919/1694 1804/1927/1701 1803/1926/1700
f 1804/1927/1701 1797/1919/1694 1798/1920/1695
f 1798/1920/1695 1805/1928/1702 1804/1927/1701
f 1805/1928/1702 1798/1920/1695 1799/1921/1696
f 1799/1921/1696 1806/1929/1703 1805/1928/1702
f 1806/1929/1703 1799/1921/1696 1800/1922/1697
f 1800/1922/1697 1807/1930/1704 1806/1929/1703
f 1807/1930/1704 1800/1922/1697 1736/1846/1636
f 1736/1846/1636 1744/1854/1644 1807/1930/1704
f 1629/1931/1535 1620/1923/1526 1801/1924/1698
f 1801/1924/1698 1808/1932/1705 1629/1931/1535
f 1808/1932/1705 1801/1924/1698 1802/1925/1699
f 1802/1925/1699 1809/1933/1706 1808/1932/1705
f 1809/1933/1706 1802/1925/1699 1803/1926/1700
f 1803/1926/1700 1810/1934/1707 1809/1933/1706
f 1810/1934/1707 1803/1926/1700 1804/1927/1701
f 1804/1927/1701 1811/1935/1708 1810/1934/1707
f 1811/1935/1708 1804/1927/1701 1805/1928/1702
f 1805/1928/1702 1812/1936/1709 1811/1935/1708
f 1812/1936/1709 1805/1928/1702 1806/1929/1703
f 1806/1929/1703 1813/1937/1710 1812/1936/1709
f 1813/1937/1710 1806/1929/1703 1807/1930/1704
f 1807/1930/1704 1814/1938/1711 1813/1937/1710
f 1814/1938/1711 1807/1930/1704 1744/1854/1644
f 1744/1854/1644 1752/1862/1652 1814/1938/1711
f 1638/1939/1544 1629/1931/1535 1808/1932/1705
f 1808/1932/1705 1815/1940/1712 1638/1939/1544
f 1815/1940/1712 1808/1932/1705 1809/1933/1706
f 1809/1933/1706 1816/1941/1713 1815/1940/1712
f 1816/1941/1713 1809/1933/1706 1810/1934/1707
f 1810/1934/1707 1817/1942/1714 1816/1941/1713
f 1817/1942/1714 1810/1934/1707 1811/1935/1708
f 1811/1935/1708 1818/1943/1715 1817/1942/1714
f 1818/1943/1715 1811/1935/1708 1812/1936/1709
f 1812/1936/1709 1819/1944/1716 1818/1943/1715
f 1819/1944/1716 1812/1936/1709 1813/1937/1710
f 1813/1937/1710 1820/1945/1717 1819/1944/1716
f 1820/1945/1717 1813/1937/1710 1814/1938/1711
f 1814/1938/1711 1821/1946/1718 1820/1945/1717
f 1821/1946/1718 1814/1938/1711 1752/1862/1652
f 1752/1862/1652 1759/1869/1659 1821/1946/1718
f 1822/1947/1719 1815/1940/1712 1816/1941/1713
f 1816/1941/1713 1823/1948/1720 1822/1947/1719
f 1823/1948/1720 1816/1941/1713 1817/1942/1714
f 1817/1942/1714 1824/1949/1721 1823/1948/1720
f 1824/1949/1721 1817/1942/1714 1818/1943/1715
f 1818/1943/1715 1825/1950/1232 1824/1949/1721
f 1825/1950/1232 1818/1943/1715 1819/1944/1716
f 1819/1944/1716 1826/1951/1722 1825/1950/1232
f 1826/1951/1722 1819/1944/1716 1820/1945/1717
f 1820/1945/1717 1827/1952/1234 1826/1951/1722
f 1827/1952/1234 1820/1945/1717 1821/1946/1718
f 1821/1946/1718 1828/1953/1235 1827/1952/1234
f 1828/1953/1235 1821/1946/1718 1759/1869/1659
f 1759/1869/1659 1766/1876/115 1828/1953/1235
f 1370/1662/1299 184/1954/168 86/1955/81
f 1579/1663/1485 184/1954/168 1370/1662/1299
f 1579/1663/1485 187/1956/171 184/1954/168
f 1773/1893/1670 187/1956/171 1579/1663/1485
f 1773/1893/1670 190/1957/174 187/1956/171
f 1773/1893/1670 193/1958/177 190/1957/174
f 1773/1893/1670 196/1959/180 193/1958/177
f 1780/1900/1677 196/1959/180 1773/1893/1670
f 1780/1900/1677 199/1960/183 196/1959/180
f 202/1961/186 199/1960/183 1780/1900/1677
f 1780/1900/1677 205/1962/189 202/1961/186
f 1787/1907/1684 205/1962/189 1780/1900/1677
f 1602/1915/1516 205/1962/189 1787/1907/1684
f 1602/1915/1516 208/1963/192 205/1962/189
f 1602/1915/1516 116/1964/108 208/1963/192
f 1638/1939/1544 381/1965/349 286/1966/265
f 1815/1940/1712 381/1965/349 1638/1939/1544
f 1815/1940/1712 384/1967/352 381/1965/349
f 1822/1947/1719 384/1967/352 1815/1940/1712
f 1822/1947/1719 387/1968/355 384/1967/352
f 1648/1732/1045 1647/1731/1044 1829/1969/1723
f 1829/1969/1723 1830/1970/1724 1648/1732/1045
f 1649/1733/1553 1648/1732/1045 1830/1970/1724
f 1830/1970/1724 1831/1971/1725 1649/1733/1553
f 1650/1734/1047 1649/1733/1553 1831/1971/1725
f 1831/1971/1725 1832/1972/1726 1650/1734/1047
f 1651/1735/1554 1650/1734/1047 1832/1972/1726
f 1832/1972/1726 1833/1973/1727 1651/1735/1554
f 1652/1736/1555 1651/1735/1554 1833/1973/1727
f 1833/1973/1727 1834/1974/1728 1652/1736/1555
f 1653/1737/1556 1652/1736/1555 1834/1974/1728
f 1834/1974/1728 1835/1975/1729 1653/1737/1556
f 1654/1738/9 1653/1737/1556 1835/1975/1729
f 1835/1975/1729 1836/1976/1730 1654/1738/9
f 1830/1970/1724 1829/1969/1723 1837/1977/1731
f 1837/1977/1731 1838/1978/1732 1830/1970/1724
f 1831/1971/1725 1830/1970/1724 1838/1978/1732
f 1838/1978/1732 1839/1979/1733 1831/1971/1725
f 1832/1972/1726 1831/1971/1725 1839/1979/1733
f 1839/1979/1733 1840/1980/1734 1832/1972/1726
f 1833/1973/1727 1832/1972/1726 1840/1980/1734
f 1840/1980/1734 1841/1981/1735 1833/1973/1727
f 1834/1974/1728 1833/1973/1727 1841/1981/1735
f 1841/1981/1735 1842/1982/1736 1834/1974/1728
f 1835/1975/1729 1834/1974/1728 1842/1982/1736
f 1842/1982/1736 1843/1983/1737 1835/1975/1729
f 1836/1976/1730 1835/1975/1729 1843/1983/1737
f 1843/1983/1737 1844/1984/1738 1836/1976/1730
f 1838/1978/1732 1837/1977/1731 1846/1985/1739
f 1846/1985/1739 1847/1986/1740 1838/1978/1732
f 1839/1979/1733 1838/1978/1732 1847/1986/1740
f 1847/1986/1740 1848/1987/1741 1839/1979/1733
f 1840/1980/1734 1839/1979/1733 1848/1987/1741
f 1848/1987/1741 1849/1988/1742 1840/1980/1734
f 1841/1981/1735 1840/1980/1734 1849/1988/1742
f 1849/1988/1742 1850/1989/1743 1841/1981/1735
f 1842/1982/1736 1841/1981/1735 1850/1989/1743
f 1850/1989/1743 1851/1990/1744 1842/1982/1736
f 1843/1983/1737 1842/1982/1736 1851/1990/1744
f 1851/1990/1744 1852/1991/1745 1843/1983/1737
f 1844/1984/1738 1843/1983/1737 1852/1991/1745
f 1852/1991/1745 1853/1992/1746 1844/1984/1738
f 1846/1985/1739 1845/1993/1747 1854/1994/1748
f 1854/1994/1748 1855/1995/1749 1846/1985/1739
f 1847/1986/1740 1846/1985/1739 1855/1995/1749
f 1855/1995/1749 1856/1996/1750 1847/1986/1740
f 1848/1987/1741 1847/1986/1740 1856/1996/1750
f 1856/1996/1750 1857/1997/1751 1848/1987/1741
f 1849/1988/1742 1848/1987/1741 1857/1997/1751
f 1857/1997/1751 1858/1998/1752 1849/1988/1742
f 1850/1989/1743 1849/1988/1742 1858/1998/1752
f 1858/1998/1752 1859/1999/1753 1850/1989/1743
f 1851/1990/1744 1850/1989/1743 1859/1999/1753
f 1859/1999/1753 1860/2000/1754 1851/1990/1744
f 1852/1991/1745 1851/1990/1744 1860/2000/1754
f 1860/2000/1754 1861/2001/1755 1852/1991/1745
f 1853/1992/1746 1852/1991/1745 1861/2001/1755
f 1861/2001/1755 1862/2002/1756 1853/1992/1746
f 1855/1995/1749 1854/1994/1748 1863/2003/1757
f 1863/2003/1757 1864/2004/1758 1855/1995/1749
f 1856/1996/1750 1855/1995/1749 1864/2004/1758
f 1864/2004/1758 1865/2005/1759 1856/1996/1750
f 1857/1997/1751 1856/1996/1750 1865/2005/1759
f 1865/2005/1759 1866/2006/1760 1857/1997/1751
f 1858/1998/1752 1857/1997/1751 1866/2006/1760
f 1866/2006/1760 1867/2007/1761 1858/1998/1752
f 1859/1999/1753 1858/1998/1752 1867/2007/1761
f 1867/2007/1761 1868/2008/1762 1859/1999/1753
f 1860/2000/1754 1859/1999/1753 1868/2008/1762
f 1868/2008/1762 1869/2009/1763 1860/2000/1754
f 1861/2001/1755 1860/2000/1754 1869/2009/1763
f 1869/2009/1763 1870/2010/1764 1861/2001/1755
f 1862/2002/1756 1861/2001/1755 1870/2010/1764
f 1870/2010/1764 1871/2011/1765 1862/2002/1756
f 1864/2004/1758 1863/2003/1757 1872/2012/1766
f 1872/2012/1766 1873/2013/1767 1864/2004/1758
f 1865/2005/1759 1864/2004/1758 1873/2013/1767
f 1873/2013/1767 1874/2014/1768 1865/2005/1759
f 1866/2006/1760 1865/2005/1759 1874/2014/1768
f 1874/2014/1768 1875/2015/1769 1866/2006/1760
f 1867/2007/1761 1866/2006/1760 1875/2015/1769
f 1875/2015/1769 1876/2016/1770 1867/2007/1761
f 1868/2008/1762 1867/2007/1761 1876/2016/1770
f 1876/2016/1770 1877/2017/1771 1868/2008/1762
f 1869/2009/1763 1868/2008/1762 1877/2017/1771
f 1877/2017/1771 1878/2018/1772 1869/2009/1763
f 1870/2010/1764 1869/2009/1763 1878/2018/1772
f 1878/2018/1772 1879/2019/1773 1870/2010/1764
f 1871/2011/1765 1870/2010/1764 1879/2019/1773
f 1879/2019/1773 1880/2020/1774 1871/2011/1765
f 1873/2013/1767 1872/2012/1766 1881/2021/1775
f 1881/2021/1775 1882/2022/1776 1873/2013/1767
f 1874/2014/1768 1873/2013/1767 1882/2022/1776
f 1882/2022/1776 1883/2023/1777 1874/2014/1768
f 1875/2015/1769 1874/2014/1768 1883/2023/1777
f 1883/2023/1777 1884/2024/1778 1875/2015/1769
f 1876/2016/1770 1875/2015/1769 1884/2024/1778
f 1884/2024/1778 1885/2025/1779 1876/2016/1770
f 1877/2017/1771 1876/2016/1770 1885/2025/1779
f 1885/2025/1779 1886/2026/1780 1877/2017/1771
f 1878/2018/1772 1877/2017/1771 1886/2026/1780
f 1886/2026/1780 1887/2027/1781 1878/2018/1772
f 1879/2019/1773 1878/2018/1772 1887/2027/1781
f 1887/2027/1781 1888/2028/1782 1879/2019/1773
f 1880/2020/1774 1879/2019/1773 1888/2028/1782
f 1888/2028/1782 1889/2029/1783 1880/2020/1774
f 1882/2022/1776 1881/2021/1775 1890/2030/58
f 1890/2030/58 1891/2031/1044 1882/2022/1776
f 1883/2023/1777 1882/2022/1776 1891/2031/1044
f 1891/2031/1044 1892/2032/1045 1883/2023/1777
f 1884/2024/1778 1883/2023/1777 1892/2032/1045
f 1892/2032/1045 1893/2033/1784 1884/2024/1778
f 1885/2025/1779 1884/2024/1778 1893/2033/1784
f 1893/2033/1784 1894/2034/1047 1885/2025/1779
f 1886/2026/1780 1885/2025/1779 1894/2034/1047
f 1894/2034/1047 1895/2035/1554 1886/2026/1780
f 1887/2027/1781 1886/2026/1780 1895/2035/1554
f 1895/2035/1554 1896/2036/1785 1887/2027/1781
f 1888/2028/1782 1887/2027/1781 1896/2036/1785
f 1896/2036/1785 1897/2037/1556 1888/2028/1782
f 1889/2029/1783 1888/2028/1782 1897/2037/1556
f 1897/2037/1556 1898/2038/9 1889/2029/1783
f 298/2039/274 1647/1731/1044 295/1753/271
f 298/2039/274 1829/1969/1723 1647/1731/1044
f 301/2040/277 1829/1969/1723 298/2039/274
f 301/2040/277 304/2041/280 1829/1969/1723
f 307/2042/283 1829/1969/1723 304/2041/280
f 307/2042/283 1837/1977/1731 1829/1969/1723
f 307/2042/283 310/2043/286 1837/1977/1731
f 310/2043/286 313/2044/289 1837/1977/1731
f 313/2044/289 316/2045/292 1837/1977/1731
f 316/2045/292 319/2046/295 1845/1993/1747
f 316/2045/292 1845/1993/1747 1846/1985/1739
f 316/2045/292 1846/1985/1739 1837/1977/1731
f 1706/1805/1108 1654/1738/9 1836/1976/1730
f 1836/1976/1730 1899/2047/1786 1706/1805/1108
f 1707/1806/1608 1706/1805/1108 1899/2047/1786
f 1899/2047/1786 1900/2048/1787 1707/1806/1608
f 1708/1807/1609 1707/1806/1608 1900/2048/1787
f 1900/2048/1787 1901/2049/1788 1708/1807/1609
f 1709/1808/1111 1708/1807/1609 1901/2049/1788
f 1901/2049/1788 1902/2050/1789 1709/1808/1111
f 1710/1809/1610 1709/1808/1111 1902/2050/1789
f 1902/2050/1789 1903/2051/1790 1710/1809/1610
f 1711/1810/1611 1710/1809/1610 1903/2051/1790
f 1903/2051/1790 1904/2052/1791 1711/1810/1611
f 1899/2047/1786 1836/1976/1730 1844/1984/1738
f 1844/1984/1738 1906/2053/1792 1899/2047/1786
f 1900/2048/1787 1899/2047/1786 1906/2053/1792
f 1906/2053/1792 1907/2054/1793 1900/2048/1787
f 1901/2049/1788 1900/2048/1787 1907/2054/1793
f 1907/2054/1793 1908/2055/1794 1901/2049/1788
f 1902/2050/1789 1901/2049/1788 1908/2055/1794
f 1908/2055/1794 1909/2056/1795 1902/2050/1789
f 1903/2051/1790 1902/2050/1789 1909/2056/1795
f 1909/2056/1795 1910/2057/1796 1903/2051/1790
f 1904/2052/1791 1903/2051/1790 1910/2057/1796
f 1910/2057/1796 1911/2058/1797 1904/2052/1791
f 1905/2059/1798 1904/2052/1791 1911/2058/1797
f 1911/2058/1797 1912/2060/1799 1905/2059/1798
f 1906/2053/1792 1844/1984/1738 1853/1992/1746
f 1853/1992/1746 1914/2061/1800 1906/2053/1792
f 1907/2054/1793 1906/2053/1792 1914/2061/1800
f 1914/2061/1800 1915/2062/1801 1907/2054/1793
f 1908/2055/1794 1907/2054/1793 1915/2062/1801
f 1915/2062/1801 1916/2063/1802 1908/2055/1794
f 1909/2056/1795 1908/2055/1794 1916/2063/1802
f 1916/2063/1802 1917/2064/1803 1909/2056/1795
f 1910/2057/1796 1909/2056/1795 1917/2064/1803
f 1917/2064/1803 1918/2065/1804 1910/2057/1796
f 1911/2058/1797 1910/2057/1796 1918/2065/1804
f 1918/2065/1804 1919/2066/1805 1911/2058/1797
f 1912/2060/1799 1911/2058/1797 1919/2066/1805
f 1919/2066/1805 1920/2067/1806 1912/2060/1799
f 1913/2068/1807 1912/2060/1799 1920/2067/1806
f 1920/2067/1806 1921/2069/1808 1913/2068/1807
f 1914/2061/1800 1853/1992/1746 1862/2002/1756
f 1862/2002/1756 1922/2070/1809 1914/2061/1800
f 1915/2062/1801 1914/2061/1800 1922/2070/1809
f 1922/2070/1809 1923/2071/1810 1915/2062/1801
f 1916/2063/1802 1915/2062/1801 1923/2071/1810
f 1923/2071/1810 1924/2072/1811 1916/2063/1802
f 1917/2064/1803 1916/2063/1802 1924/2072/1811
f 1924/2072/1811 1925/2073/1812 1917/2064/1803
f 1918/2065/1804 1917/2064/1803 1925/2073/1812
f 1925/2073/1812 1926/2074/1813 1918/2065/1804
f 1919/2066/1805 1918/2065/1804 1926/2074/1813
f 1926/2074/1813 1927/2075/1814 1919/2066/1805
f 1920/2067/1806 1919/2066/1805 1927/2075/1814
f 1927/2075/1814 1928/2076/1815 1920/2067/1806
f 1921/2069/1808 1920/2067/1806 1928/2076/1815
f 1928/2076/1815 1929/2077/1816 1921/2069/1808
f 1922/2070/1809 1862/2002/1756 1871/2011/1765
f 1871/2011/1765 1930/2078/1817 1922/2070/1809
f 1923/2071/1810 1922/2070/1809 1930/2078/1817
f 1930/2078/1817 1931/2079/1818 1923/2071/1810
f 1924/2072/1811 1923/2071/1810 1931/2079/1818
f 1931/2079/1818 1932/2080/1819 1924/2072/1811
f 1925/2073/1812 1924/2072/1811 1932/2080/1819
f 1932/2080/1819 1933/2081/1820 1925/2073/1812
f 1926/2074/1813 1925/2073/1812 1933/2081/1820
f 1933/2081/1820 1934/2082/1821 1926/2074/1813
f 1927/2075/1814 1926/2074/1813 1934/2082/1821
f 1934/2082/1821 1935/2083/1822 1927/2075/1814
f 1928/2076/1815 1927/2075/1814 1935/2083/1822
f 1935/2083/1822 1936/2084/1823 1928/2076/1815
f 1929/2077/1816 1928/2076/1815 1936/2084/1823
f 1936/2084/1823 1937/2085/1824 1929/2077/1816
f 1930/2078/1817 1871/2011/1765 1880/2020/1774
f 1880/2020/1774 1938/2086/1825 1930/2078/1817
f 1931/2079/1818 1930/2078/1817 1938/2086/1825
f 1938/2086/1825 1939/2087/1826 1931/2079/1818
f 1932/2080/1819 1931/2079/1818 1939/2087/1826
f 1939/2087/1826 1940/2088/1827 1932/2080/1819
f 1933/2081/1820 1932/2080/1819 1940/2088/1827
f 1940/2088/1827 1941/2089/1828 1933/2081/1820
f 1934/2082/1821 1933/2081/1820 1941/2089/1828
f 1941/2089/1828 1942/2090/1829 1934/2082/1821
f 1935/2083/1822 1934/2082/1821 1942/2090/1829
f 1942/2090/1829 1943/2091/1830 1935/2083/1822
f 1936/2084/1823 1935/2083/1822 1943/2091/1830
f 1943/2091/1830 1944/2092/1831 1936/2084/1823
f 1937/2085/1824 1936/2084/1823 1944/2092/1831
f 1944/2092/1831 1945/2093/1832 1937/2085/1824
f 1938/2086/1825 1880/2020/1774 1889/2029/1783
f 1889/2029/1783 1946/2094/1833 1938/2086/1825
f 1939/2087/1826 1938/2086/1825 1946/2094/1833
f 1946/2094/1833 1947/2095/1834 1939/2087/1826
f 1940/2088/1827 1939/2087/1826 1947/2095/1834
f 1947/2095/1834 1948/2096/1835 1940/2088/1827
f 1941/2089/1828 1940/2088/1827 1948/2096/1835
f 1948/2096/1835 1949/2097/1836 1941/2089/1828
f 1942/2090/1829 1941/2089/1828 1949/2097/1836
f 1949/2097/1836 1950/2098/1837 1942/2090/1829
f 1943/2091/1830 1942/2090/1829 1950/2098/1837
f 1950/2098/1837 1951/2099/1838 1943/2091/1830
f 1944/2092/1831 1943/2091/1830 1951/2099/1838
f 1951/2099/1838 1952/2100/1839 1944/2092/1831
f 1945/2093/1832 1944/2092/1831 1952/2100/1839
f 1952/2100/1839 1953/2101/1840 1945/2093/1832
f 1946/2094/1833 1889/2029/1783 1898/2038/9
f 1898/2038/9 1954/2102/1108 1946/2094/1833
f 1947/2095/1834 1946/2094/1833 1954/2102/1108
f 1954/2102/1108 1955/2103/1109 1947/2095/1834
f 1948/2096/1835 1947/2095/1834 1955/2103/1109
f 1955/2103/1109 1956/2104/1841 1948/2096/1835
f 1949/2097/1836 1948/2096/1835 1956/2104/1841
f 1956/2104/1841 1957/2105/1111 1949/2097/1836
f 1950/2098/1837 1949/2097/1836 1957/2105/1111
f 1957/2105/1111 1958/2106/1610 1950/2098/1837
f 1951/2099/1838 1950/2098/1837 1958/2106/1610
f 1958/2106/1610 1959/2107/1611 1951/2099/1838
f 1952/2100/1839 1951/2099/1838 1959/2107/1611
f 1959/2107/1611 1960/2108/1114 1952/2100/1839
f 1953/2101/1840 1952/2100/1839 1960/2108/1114
f 1960/2108/1114 1961/2109/65 1953/2101/1840
f 667/2110/631 664/1821/628 1711/1810/1611
f 667/2110/631 1711/1810/1611 1904/2052/1791
f 667/2110/631 1904/2052/1791 1905/2059/1798
f 670/2111/634 667/2110/631 1905/2059/1798
f 670/2111/634 1905/2059/1798 673/2112/637
f 673/2112/637 1912/2060/1799 676/2113/640
f 673/2112/637 1905/2059/1798 1912/2060/1799
f 676/2113/640 1913/2068/1807 679/2114/643
f 676/2113/640 1912/2060/1799 1913/2068/1807
f 1962/2115/1842 1766/1876/115 1767/1877/1666
f 1767/1877/1666 1963/2116/1843 1962/2115/1842
f 1963/2116/1843 1767/1877/1666 1768/1878/1667
f 1768/1878/1667 1964/2117/1844 1963/2116/1843
f 1964/2117/1844 1768/1878/1667 1769/1879/1668
f 1769/1879/1668 1965/2118/1845 1964/2117/1844
f 1965/2118/1845 1769/1879/1668 1770/1880/1176
f 1770/1880/1176 1966/2119/1846 1965/2118/1845
f 1966/2119/1846 1770/1880/1176 1771/1881/1669
f 1771/1881/1669 1967/2120/1847 1966/2119/1846
f 1967/2120/1847 1771/1881/1669 1772/1882/1178
f 1772/1882/1178 1968/2121/1848 1967/2120/1847
f 1970/2122/1849 1962/2115/1842 1963/2116/1843
f 1963/2116/1843 1971/2123/1850 1970/2122/1849
f 1971/2123/1850 1963/2116/1843 1964/2117/1844
f 1964/2117/1844 1972/2124/1851 1971/2123/1850
f 1972/2124/1851 1964/2117/1844 1965/2118/1845
f 1965/2118/1845 1973/2125/1852 1972/2124/1851
f 1973/2125/1852 1965/2118/1845 1966/2119/1846
f 1966/2119/1846 1974/2126/1853 1973/2125/1852
f 1974/2126/1853 1966/2119/1846 1967/2120/1847
f 1967/2120/1847 1975/2127/1854 1974/2126/1853
f 1975/2127/1854 1967/2120/1847 1968/2121/1848
f 1968/2121/1848 1976/2128/1855 1975/2127/1854
f 1976/2128/1855 1968/2121/1848 1969/2129/1856
f 1969/2129/1856 1977/2130/1857 1976/2128/1855
f 1978/2131/1858 1970/2122/1849 1971/2123/1850
f 1971/2123/1850 1979/2132/1859 1978/2131/1858
f 1979/2132/1859 1971/2123/1850 1972/2124/1851
f 1972/2124/1851 1980/2133/1860 1979/2132/1859
f 1980/2133/1860 1972/2124/1851 1973/2125/1852
f 1973/2125/1852 1981/2134/1861 1980/2133/1860
f 1981/2134/1861 1973/2125/1852 1974/2126/1853
f 1974/2126/1853 1982/2135/1862 1981/2134/1861
f 1982/2135/1862 1974/2126/1853 1975/2127/1854
f 1975/2127/1854 1983/2136/1863 1982/2135/1862
f 1983/2136/1863 1975/2127/1854 1976/2128/1855
f 1976/2128/1855 1984/2137/1864 1983/2136/1863
f 1984/2137/1864 1976/2128/1855 1977/2130/1857
f 1977/2130/1857 1985/2138/1865 1984/2137/1864
f 1985/2138/1865 1977/2130/1857 1913/2068/1807
f 1913/2068/1807 1921/2069/1808 1985/2138/1865
f 1986/2139/1866 1978/2131/1858 1979/2132/1859
f 1979/2132/1859 1987/2140/1867 1986/2139/1866
f 1987/2140/1867 1979/2132/1859 1980/2133/1860
f 1980/2133/1860 1988/2141/1868 1987/2140/1867
f 1988/2141/1868 1980/2133/1860 1981/2134/1861
f 1981/2134/1861 1989/2142/1869 1988/2141/1868
f 1989/2142/1869 1981/2134/1861 1982/2135/1862
f 1982/2135/1862 1990/2143/1870 1989/2142/1869
f 1990/2143/1870 1982/2135/1862 1983/2136/1863
f 1983/2136/1863 1991/2144/1871 1990/2143/1870
f 1991/2144/1871 1983/2136/1863 1984/2137/1864
f 1984/2137/1864 1992/2145/1872 1991/2144/1871
f 1992/2145/1872 1984/2137/1864 1985/2138/1865
f 1985/2138/1865 1993/2146/1873 1992/2145/1872
f 1993/2146/1873 1985/2138/1865 1921/2069/1808
f 1921/2069/1808 1929/2077/1816 1993/2146/1873
f 1994/2147/1874 1986/2139/1866 1987/2140/1867
f 1987/2140/1867 1995/2148/1875 1994/2147/1874
f 1995/2148/1875 1987/2140/1867 1988/2141/1868
f 1988/2141/1868 1996/2149/1876 1995/2148/1875
f 1996/2149/1876 1988/2141/1868 1989/2142/1869
f 1989/2142/1869 1997/2150/1877 1996/2149/1876
f 1997/2150/1877 1989/2142/1869 1990/2143/1870
f 1990/2143/1870 1998/2151/1878 1997/2150/1877
f 1998/2151/1878 1990/2143/1870 1991/2144/1871
f 1991/2144/1871 1999/2152/1879 1998/2151/1878
f 1999/2152/1879 1991/2144/1871 1992/2145/1872
f 1992/2145/1872 2000/2153/1880 1999/2152/1879
f 2000/2153/1880 1992/2145/1872 1993/2146/1873
f 1993/2146/1873 2001/2154/1881 2000/2153/1880
f 2001/2154/1881 1993/2146/1873 1929/2077/1816
f 1929/2077/1816 1937/2085/1824 2001/2154/1881
f 2002/2155/1882 1994/2147/1874 1995/2148/1875
f 1995/2148/1875 2003/2156/1883 2002/2155/1882
f 2003/2156/1883 1995/2148/1875 1996/2149/1876
f 1996/2149/1876 2004/2157/1884 2003/2156/1883
f 2004/2157/1884 1996/2149/1876 1997/2150/1877
f 1997/2150/1877 2005/2158/1885 2004/2157/1884
f 2005/2158/1885 1997/2150/1877 1998/2151/1878
f 1998/2151/1878 2006/2159/1886 2005/2158/1885
f 2006/2159/1886 1998/2151/1878 1999/2152/1879
f 1999/2152/1879 2007/2160/1887 2006/2159/1886
f 2007/2160/1887 1999/2152/1879 2000/2153/1880
f 2000/2153/1880 2008/2161/1888 2007/2160/1887
f 2008/2161/1888 2000/2153/1880 2001/2154/1881
f 2001/2154/1881 2009/2162/1889 2008/2161/1888
f 2009/2162/1889 2001/2154/1881 1937/2085/1824
f 1937/2085/1824 1945/2093/1832 2009/2162/1889
f 2010/2163/1890 2002/2155/1882 2003/2156/1883
f 2003/2156/1883 2011/2164/1891 2010/2163/1890
f 2011/2164/1891 2003/2156/1883 2004/2157/1884
f 2004/2157/1884 2012/2165/1892 2011/2164/1891
f 2012/2165/1892 2004/2157/1884 2005/2158/1885
f 2005/2158/1885 2013/2166/1893 2012/2165/1892
f 2013/2166/1893 2005/2158/1885 2006/2159/1886
f 2006/2159/1886 2014/2167/1894 2013/2166/1893
f 2014/2167/1894 2006/2159/1886 2007/2160/1887
f 2007/2160/1887 2015/2168/1895 2014/2167/1894
f 2015/2168/1895 2007/2160/1887 2008/2161/1888
f 2008/2161/1888 2016/2169/1896 2015/2168/1895
f 2016/2169/1896 2008/2161/1888 2009/2162/1889
f 2009/2162/1889 2017/2170/1897 2016/2169/1896
f 2017/2170/1897 2009/2162/1889 1945/2093/1832
f 1945/2093/1832 1953/2101/1840 2017/2170/1897
f 2018/2171/115 2010/2163/1890 2011/2164/1891
f 2011/2164/1891 2019/2172/1173 2018/2171/115
f 2019/2172/1173 2011/2164/1891 2012/2165/1892
f 2012/2165/1892 2020/2173/1898 2019/2172/1173
f 2020/2173/1898 2012/2165/1892 2013/2166/1893
f 2013/2166/1893 2021/2174/1899 2020/2173/1898
f 2021/2174/1899 2013/2166/1893 2014/2167/1894
f 2014/2167/1894 2022/2175/1176 2021/2174/1899
f 2022/2175/1176 2014/2167/1894 2015/2168/1895
f 2015/2168/1895 2023/2176/1900 2022/2175/1176
f 2023/2176/1900 2015/2168/1895 2016/2169/1896
f 2016/2169/1896 2024/2177/1178 2023/2176/1900
f 2024/2177/1178 2016/2169/1896 2017/2170/1897
f 2017/2170/1897 2025/2178/1901 2024/2177/1178
f 2025/2178/1901 2017/2170/1897 1953/2101/1840
f 1953/2101/1840 1961/2109/65 2025/2178/1901
f 772/1892/736 775/2179/739 1772/1882/1178
f 1772/1882/1178 775/2179/739 1968/2121/1848
f 1968/2121/1848 775/2179/739 1969/2129/1856
f 775/2179/739 778/2180/742 1969/2129/1856
f 1969/2129/1856 778/2180/742 781/2181/745
f 1977/2130/1857 781/2181/745 784/2182/748
f 1969/2129/1856 781/2181/745 1977/2130/1857
f 1913/2068/1807 784/2182/748 679/2114/643
f 1977/2130/1857 784/2182/748 1913/2068/1807
f 2026/2183/1902 1822/1947/1719 1823/1948/1720
f 1823/1948/1720 2027/2184/1903 2026/2183/1902
f 2027/2184/1903 1823/1948/1720 1824/1949/1721
f 1824/1949/1721 2028/2185/1904 2027/2184/1903
f 2028/2185/1904 1824/1949/1721 1825/1950/1232
f 1825/1950/1232 2029/2186/1905 2028/2185/1904
f 2029/2186/1905 1825/1950/1232 1826/1951/1722
f 1826/1951/1722 2030/2187/1906 2029/2186/1905
f 2030/2187/1906 1826/1951/1722 1827/1952/1234
f 1827/1952/1234 2031/2188/1907 2030/2187/1906
f 2031/2188/1907 1827/1952/1234 1828/1953/1235
f 1828/1953/1235 2032/2189/1908 2031/2188/1907
f 2032/2189/1908 1828/1953/1235 1766/1876/115
f 1766/1876/115 1962/2115/1842 2032/2189/1908
f 2033/2190/1909 2026/2183/1902 2027/2184/1903
f 2027/2184/1903 2034/2191/1910 2033/2190/1909
f 2034/2191/1910 2027/2184/1903 2028/2185/1904
f 2028/2185/1904 2035/2192/1911 2034/2191/1910
f 2035/2192/1911 2028/2185/1904 2029/2186/1905
f 2029/2186/1905 2036/2193/1912 2035/2192/1911
f 2036/2193/1912 2029/2186/1905 2030/2187/1906
f 2030/2187/1906 2037/2194/1913 2036/2193/1912
f 2037/2194/1913 2030/2187/1906 2031/2188/1907
f 2031/2188/1907 2038/2195/1914 2037/2194/1913
f 2038/2195/1914 2031/2188/1907 2032/2189/1908
f 2032/2189/1908 2039/2196/1915 2038/2195/1914
f 2039/2196/1915 2032/2189/1908 1962/2115/1842
f 1962/2115/1842 1970/2122/1849 2039/2196/1915
f 2040/2197/1916 2033/2190/1909 2034/2191/1910
f 2034/2191/1910 2041/2198/1917 2040/2197/1916
f 2041/2198/1917 2034/2191/1910 2035/2192/1911
f 2035/2192/1911 2042/2199/1918 2041/2198/1917
f 2042/2199/1918 2035/2192/1911 2036/2193/1912
f 2036/2193/1912 2043/2200/1919 2042/2199/1918
f 2043/2200/1919 2036/2193/1912 2037/2194/1913
f 2037/2194/1913 2044/2201/1920 2043/2200/1919
f 2044/2201/1920 2037/2194/1913 2038/2195/1914
f 2038/2195/1914 2045/2202/1921 2044/2201/1920
f 2045/2202/1921 2038/2195/1914 2039/2196/1915
f 2039/2196/1915 2046/2203/1922 2045/2202/1921
f 2046/2203/1922 2039/2196/1915 1970/2122/1849
f 1970/2122/1849 1978/2131/1858 2046/2203/1922
f 1854/2204/1748 1845/2205/1747 2040/2197/1916
f 2040/2197/1916 2047/2206/1923 1854/2204/1748
f 2047/2206/1923 2040/2197/1916 2041/2198/1917
f 2041/2198/1917 2048/2207/1924 2047/2206/1923
f 2048/2207/1924 2041/2198/1917 2042/2199/1918
f 2042/2199/1918 2049/2208/1925 2048/2207/1924
f 2049/2208/1925 2042/2199/1918 2043/2200/1919
f 2043/2200/1919 2050/2209/1926 2049/2208/1925
f 2050/2209/1926 2043/2200/1919 2044/2201/1920
f 2044/2201/1920 2051/2210/1927 2050/2209/1926
f 2051/2210/1927 2044/2201/1920 2045/2202/1921
f 2045/2202/1921 2052/2211/1928 2051/2210/1927
f 2052/2211/1928 2045/2202/1921 2046/2203/1922
f 2046/2203/1922 2053/2212/1929 2052/2211/1928
f 2053/2212/1929 2046/2203/1922 1978/2131/1858
f 1978/2131/1858 1986/2139/1866 2053/2212/1929
f 1863/2213/1757 1854/2204/1748 2047/2206/1923
f 2047/2206/1923 2054/2214/1930 1863/2213/1757
f 2054/2214/1930 2047/2206/1923 2048/2207/1924
f 2048/2207/1924 2055/2215/1931 2054/2214/1930
f 2055/2215/1931 2048/2207/1924 2049/2208/1925
f 2049/2208/1925 2056/2216/1932 2055/2215/1931
f 2056/2216/1932 2049/2208/1925 2050/2209/1926
f 2050/2209/1926 2057/2217/1933 2056/2216/1932
f 2057/2217/1933 2050/2209/1926 2051/2210/1927
f 2051/2210/1927 2058/2218/1934 2057/2217/1933
f 2058/2218/1934 2051/2210/1927 2052/2211/1928
f 2052/2211/1928 2059/2219/1935 2058/2218/1934
f 2059/2219/1935 2052/2211/1928 2053/2212/1929
f 2053/2212/1929 2060/2220/1936 2059/2219/1935
f 2060/2220/1936 2053/2212/1929 1986/2139/1866
f 1986/2139/1866 1994/2147/1874 2060/2220/1936
f 1872/2221/1766 1863/2213/1757 2054/2214/1930
f 2054/2214/1930 2061/2222/1937 1872/2221/1766
f 2061/2222/1937 2054/2214/1930 2055/2215/1931
f 2055/2215/1931 2062/2223/1938 2061/2222/1937
f 2062/2223/1938 2055/2215/1931 2056/2216/1932
f 2056/2216/1932 2063/2224/1939 2062/2223/1938
f 2063/2224/1939 2056/2216/1932 2057/2217/1933
f 2057/2217/1933 2064/2225/1940 2063/2224/1939
f 2064/2225/1940 2057/2217/1933 2058/2218/1934
f 2058/2218/1934 2065/2226/1941 2064/2225/1940
f 2065/2226/1941 2058/2218/1934 2059/2219/1935
f 2059/2219/1935 2066/2227/1942 2065/2226/1941
f 2066/2227/1942 2059/2219/1935 2060/2220/1936
f 2060/2220/1936 2067/2228/1943 2066/2227/1942
f 2067/2228/1943 2060/2220/1936 1994/2147/1874
f 1994/2147/1874 2002/2155/1882 2067/2228/1943
f 1881/2229/1775 1872/2221/1766 2061/2222/1937
f 2061/2222/1937 2068/2230/1944 1881/2229/1775
f 2068/2230/1944 2061/2222/1937 2062/2223/1938
f 2062/2223/1938 2069/2231/1945 2068/2230/1944
f 2069/2231/1945 2062/2223/1938 2063/2224/1939
f 2063/2224/1939 2070/2232/1946 2069/2231/1945
f 2070/2232/1946 2063/2224/1939 2064/2225/1940
f 2064/2225/1940 2071/2233/1947 2070/2232/1946
f 2071/2233/1947 2064/2225/1940 2065/2226/1941
f 2065/2226/1941 2072/2234/1948 2071/2233/1947
f 2072/2234/1948 2065/2226/1941 2066/2227/1942
f 2066/2227/1942 2073/2235/1949 2072/2234/1948
f 2073/2235/1949 2066/2227/1942 2067/2228/1943
f 2067/2228/1943 2074/2236/1950 2073/2235/1949
f 2074/2236/1950 2067/2228/1943 2002/2155/1882
f 2002/2155/1882 2010/2163/1890 2074/2236/1950
f 1890/2237/58 1881/2229/1775 2068/2230/1944
f 2068/2230/1944 2075/2238/1951 1890/2237/58
f 2075/2238/1951 2068/2230/1944 2069/2231/1945
f 2069/2231/1945 2076/2239/1230 2075/2238/1951
f 2076/2239/1230 2069/2231/1945 2070/2232/1946
f 2070/2232/1946 2077/2240/1952 2076/2239/1230
f 2077/2240/1952 2070/2232/1946 2071/2233/1947
f 2071/2233/1947 2078/2241/1232 2077/2240/1952
f 2078/2241/1232 2071/2233/1947 2072/2234/1948
f 2072/2234/1948 2079/2242/1953 2078/2241/1232
f 2079/2242/1953 2072/2234/1948 2073/2235/1949
f 2073/2235/1949 2080/2243/1954 2079/2242/1953
f 2080/2243/1954 2073/2235/1949 2074/2236/1950
f 2074/2236/1950 2081/2244/1235 2080/2243/1954
f 2081/2244/1235 2074/2236/1950 2010/2163/1890
f 2010/2163/1890 2018/2171/115 2081/2244/1235
f 1822/1947/1719 390/2245/358 387/1968/355
f 2026/2183/1902 390/2245/358 1822/1947/1719
f 2026/2183/1902 393/2246/361 390/2245/358
f 396/2247/364 393/2246/361 2026/2183/1902
f 2026/2183/1902 399/2248/367 396/2247/364
f 2033/2190/1909 399/2248/367 2026/2183/1902
f 402/2249/370 399/2248/367 2033/2190/1909
f 405/2250/373 402/2249/370 2033/2190/1909
f 408/2251/376 405/2250/373 2033/2190/1909
f 319/2252/295 408/2251/376 1845/2205/1747
f 1845/2205/1747 408/2251/376 2040/2197/1916
f 2040/2197/1916 408/2251/376 2033/2190/1909
f 1891/2253/1044 1890/2254/58 2082/2255/1955
f 2082/2255/1955 2083/2256/1956 1891/2253/1044
f 1892/2257/1045 1891/2253/1044 2083/2256/1956
f 2083/2256/1956 2084/2258/1957 1892/2257/1045
f 1893/2259/1784 1892/2257/1045 2084/2258/1957
f 2084/2258/1957 2085/2260/1958 1893/2259/1784
f 1894/2261/1047 1893/2259/1784 2085/2260/1958
f 2085/2260/1958 2086/2262/1959 1894/2261/1047
f 1895/2263/1554 1894/2261/1047 2086/2262/1959
f 2086/2262/1959 2087/2264/1960 1895/2263/1554
f 1896/2265/1785 1895/2263/1554 2087/2264/1960
f 2087/2264/1960 2088/2266/1961 1896/2265/1785
f 1897/2267/1556 1896/2265/1785 2088/2266/1961
f 2088/2266/1961 2089/2268/1962 1897/2267/1556
f 1898/2269/9 1897/2267/1556 2089/2268/1962
f 2089/2268/1962 2090/2270/1963 1898/2269/9
f 2083/2256/1956 2082/2255/1955 2091/2271/1964
f 2091/2271/1964 2092/2272/1965 2083/2256/1956
f 2084/2258/1957 2083/2256/1956 2092/2272/1965
f 2092/2272/1965 2093/2273/1966 2084/2258/1957
f 2085/2260/1958 2084/2258/1957 2093/2273/1966
f 2093/2273/1966 2094/2274/1967 2085/2260/1958
f 2086/2262/1959 2085/2260/1958 2094/2274/1967
f 2094/2274/1967 2095/2275/1968 2086/2262/1959
f 2087/2264/1960 2086/2262/1959 2095/2275/1968
f 2095/2275/1968 2096/2276/1969 2087/2264/1960
f 2088/2266/1961 2087/2264/1960 2096/2276/1969
f 2096/2276/1969 2097/2277/1970 2088/2266/1961
f 2089/2268/1962 2088/2266/1961 2097/2277/1970
f 2097/2277/1970 2098/2278/1971 2089/2268/1962
f 2090/2270/1963 2089/2268/1962 2098/2278/1971
f 2098/2278/1971 2099/2279/1972 2090/2270/1963
f 2092/2272/1965 2091/2271/1964 2100/2280/1973
f 2100/2280/1973 2101/2281/1974 2092/2272/1965
f 2093/2273/1966 2092/2272/1965 2101/2281/1974
f 2101/2281/1974 2102/2282/1975 2093/2273/1966
f 2094/2274/1967 2093/2273/1966 2102/2282/1975
f 2102/2282/1975 2103/2283/1976 2094/2274/1967
f 2095/2275/1968 2094/2274/1967 2103/2283/1976
f 2103/2283/1976 2104/2284/1977 2095/2275/1968
f 2096/2276/1969 2095/2275/1968 2104/2284/1977
f 2104/2284/1977 2105/2285/1978 2096/2276/1969
f 2097/2277/1970 2096/2276/1969 2105/2285/1978
f 2105/2285/1978 2106/2286/1979 2097/2277/1970
f 2098/2278/1971 2097/2277/1970 2106/2286/1979
f 2106/2286/1979 2107/2287/1980 2098/2278/1971
f 2099/2279/1972 2098/2278/1971 2107/2287/1980
f 2107/2287/1980 2108/2288/1981 2099/2279/1972
f 2101/2281/1974 2100/2280/1973 2109/2289/1982
f 2109/2289/1982 2110/2290/1983 2101/2281/1974
f 2102/2282/1975 2101/2281/1974 2110/2290/1983
f 2110/2290/1983 2111/2291/1984 2102/2282/1975
f 2103/2283/1976 2102/2282/1975 2111/2291/1984
f 2111/2291/1984 2112/2292/1985 2103/2283/1976
f 2104/2284/1977 2103/2283/1976 2112/2292/1985
f 2112/2292/1985 2113/2293/1986 2104/2284/1977
f 2105/2285/1978 2104/2284/1977 2113/2293/1986
f 2113/2293/1986 2114/2294/1987 2105/2285/1978
f 2106/2286/1979 2105/2285/1978 2114/2294/1987
f 2114/2294/1987 2115/2295/1988 2106/2286/1979
f 2107/2287/1980 2106/2286/1979 2115/2295/1988
f 2115/2295/1988 2116/2296/1989 2107/2287/1980
f 2108/2288/1981 2107/2287/1980 2116/2296/1989
f 2116/2296/1989 2117/2297/1990 2108/2288/1981
f 2110/2290/1983 2109/2289/1982 2118/2298/1991
f 2118/2298/1991 2119/2299/1992 2110/2290/1983
f 2111/2291/1984 2110/2290/1983 2119/2299/1992
f 2119/2299/1992 2120/2300/1993 2111/2291/1984
f 2112/2292/1985 2111/2291/1984 2120/2300/1993
f 2120/2300/1993 2121/2301/1994 2112/2292/1985
f 2113/2293/1986 2112/2292/1985 2121/2301/1994
f 2121/2301/1994 2122/2302/1995 2113/2293/1986
f 2114/2294/1987 2113/2293/1986 2122/2302/1995
f 2122/2302/1995 2123/2303/1996 2114/2294/1987
f 2115/2295/1988 2114/2294/1987 2123/2303/1996
f 2123/2303/1996 2124/2304/1997 2115/2295/1988
f 2116/2296/1989 2115/2295/1988 2124/2304/1997
f 2124/2304/1997 2125/2305/1998 2116/2296/1989
f 2117/2297/1990 2116/2296/1989 2125/2305/1998
f 2125/2305/1998 2126/2306/1999 2117/2297/1990
f 2119/2299/1992 2118/2298/1991 2127/2307/2000
f 2127/2307/2000 2128/2308/2001 2119/2299/1992
f 2120/2300/1993 2119/2299/1992 2128/2308/2001
f 2128/2308/2001 2129/2309/2002 2120/2300/1993
f 2121/2301/1994 2120/2300/1993 2129/2309/2002
f 2129/2309/2002 2130/2310/2003 2121/2301/1994
f 2122/2302/1995 2121/2301/1994 2130/2310/2003
f 2130/2310/2003 2131/2311/2004 2122/2302/1995
f 2123/2303/1996 2122/2302/1995 2131/2311/2004
f 2131/2311/2004 2132/2312/2005 2123/2303/1996
f 2124/2304/1997 2123/2303/1996 2132/2312/2005
f 2132/2312/2005 2133/2313/2006 2124/2304/1997
f 2125/2305/1998 2124/2304/1997 2133/2313/2006
f 2133/2313/2006 2134/2314/2007 2125/2305/1998
f 2126/2306/1999 2125/2305/1998 2134/2314/2007
f 2134/2314/2007 2135/2315/2008 2126/2306/1999
f 2128/2308/2001 2127/2307/2000 2136/2316/2009
f 2136/2316/2009 2137/2317/2010 2128/2308/2001
f 2129/2309/2002 2128/2308/2001 2137/2317/2010
f 2137/2317/2010 2138/2318/2011 2129/2309/2002
f 2130/2310/2003 2129/2309/2002 2138/2318/2011
f 2138/2318/2011 2139/2319/2012 2130/2310/2003
f 2131/2311/2004 2130/2310/2003 2139/2319/2012
f 2139/2319/2012 2140/2320/2013 2131/2311/2004
f 2132/2312/2005 2131/2311/2004 2140/2320/2013
f 2140/2320/2013 2141/2321/2014 2132/2312/2005
f 2133/2313/2006 2132/2312/2005 2141/2321/2014
f 2141/2321/2014 2142/2322/2015 2133/2313/2006
f 2134/2314/2007 2133/2313/2006 2142/2322/2015
f 2142/2322/2015 2143/2323/2016 2134/2314/2007
f 2135/2315/2008 2134/2314/2007 2143/2323/2016
f 2143/2323/2016 2144/2324/2017 2135/2315/2008
f 2137/2317/2010 2136/2316/2009 2145/2325/2018
f 2138/2318/2011 2137/2317/2010 2145/2325/2018
f 2139/2319/2012 2138/2318/2011 2145/2325/2018
f 2140/2320/2013 2139/2319/2012 2145/2325/2018
f 2141/2321/2014 2140/2320/2013 2145/2325/2018
f 2142/2322/2015 2141/2321/2014 2145/2325/2018
f 2143/2323/2016 2142/2322/2015 2145/2325/2018
f 2144/2324/2017 2143/2323/2016 2145/2325/2018
f 1954/2326/1108 1898/2269/9 2090/2270/1963
f 2090/2270/1963 2146/2327/2019 1954/2326/1108
f 1955/2328/1109 1954/2326/1108 2146/2327/2019
f 2146/2327/2019 2147/2329/2020 1955/2328/1109
f 1956/2330/1841 1955/2328/1109 2147/2329/2020
f 2147/2329/2020 2148/2331/2021 1956/2330/1841
f 1957/2332/1111 1956/2330/1841 2148/2331/2021
f 2148/2331/2021 2149/2333/2022 1957/2332/1111
f 1958/2334/1610 1957/2332/1111 2149/2333/2022
f 2149/2333/2022 2150/2335/2023 1958/2334/1610
f 1959/2336/1611 1958/2334/1610 2150/2335/2023
f 2150/2335/2023 2151/2337/2024 1959/2336/1611
f 1960/2338/1114 1959/2336/1611 2151/2337/2024
f 2151/2337/2024 2152/2339/2025 1960/2338/1114
f 1961/2340/65 1960/2338/1114 2152/2339/2025
f 2152/2339/2025 2153/2341/2026 1961/2340/65
f 2146/2327/2019 2090/2270/1963 2099/2279/1972
f 2099/2279/1972 2154/2342/2027 2146/2327/2019
f 2147/2329/2020 2146/2327/2019 2154/2342/2027
f 2154/2342/2027 2155/2343/2028 2147/2329/2020
f 2148/2331/2021 2147/2329/2020 2155/2343/2028
f 2155/2343/2028 2156/2344/2029 2148/2331/2021
f 2149/2333/2022 2148/2331/2021 2156/2344/2029
f 2156/2344/2029 2157/2345/2030 2149/2333/2022
f 2150/2335/2023 2149/2333/2022 2157/2345/2030
f 2157/2345/2030 2158/2346/2031 2150/2335/2023
f 2151/2337/2024 2150/2335/2023 2158/2346/2031
f 2158/2346/2031 2159/2347/2032 2151/2337/2024
f 2152/2339/2025 2151/2337/2024 2159/2347/2032
f 2159/2347/2032 2160/2348/2033 2152/2339/2025
f 2153/2341/2026 2152/2339/2025 2160/2348/2033
f 2160/2348/2033 2161/2349/2034 2153/2341/2026
f 2154/2342/2027 2099/2279/1972 2108/2288/1981
f 2108/2288/1981 2162/2350/2035 2154/2342/2027
f 2155/2343/2028 2154/2342/2027 2162/2350/2035
f 2162/2350/2035 2163/2351/2036 2155/2343/2028
f 2156/2344/2029 2155/2343/2028 2163/2351/2036
f 2163/2351/2036 2164/2352/2037 2156/2344/2029
f 2157/2345/2030 2156/2344/2029 2164/2352/2037
f 2164/2352/2037 2165/2353/2038 2157/2345/2030
f 2158/2346/2031 2157/2345/2030 2165/2353/2038
f 2165/2353/2038 2166/2354/2039 2158/2346/2031
f 2159/2347/2032 2158/2346/2031 2166/2354/2039
f 2166/2354/2039 2167/2355/2040 2159/2347/2032
f 2160/2348/2033 2159/2347/2032 2167/2355/2040
f 2167/2355/2040 2168/2356/2041 2160/2348/2033
f 2161/2349/2034 2160/2348/2033 2168/2356/2041
f 2168/2356/2041 2169/2357/2042 2161/2349/2034
f 2162/2350/2035 2108/2288/1981 2117/2297/1990
f 2117/2297/1990 2170/2358/2043 2162/2350/2035
f 2163/2351/2036 2162/2350/2035 2170/2358/2043
f 2170/2358/2043 2171/2359/2044 2163/2351/2036
f 2164/2352/2037 2163/2351/2036 2171/2359/2044
f 2171/2359/2044 2172/2360/2045 2164/2352/2037
f 2165/2353/2038 2164/2352/2037 2172/2360/2045
f 2172/2360/2045 2173/2361/2046 2165/2353/2038
f 2166/2354/2039 2165/2353/2038 2173/2361/2046
f 2173/2361/2046 2174/2362/2047 2166/2354/2039
f 2167/2355/2040 2166/2354/2039 2174/2362/2047
f 2174/2362/2047 2175/2363/2048 2167/2355/2040
f 2168/2356/2041 2167/2355/2040 2175/2363/2048
f 2175/2363/2048 2176/2364/2049 2168/2356/2041
f 2169/2357/2042 2168/2356/2041 2176/2364/2049
f 2176/2364/2049 2177/2365/2050 2169/2357/2042
f 2170/2358/2043 2117/2297/1990 2126/2306/1999
f 2126/2306/1999 2178/2366/2051 2170/2358/2043
f 2171/2359/2044 2170/2358/2043 2178/2366/2051
f 2178/2366/2051 2179/2367/2052 2171/2359/2044
f 2172/2360/2045 2171/2359/2044 2179/2367/2052
f 2179/2367/2052 2180/2368/2053 2172/2360/2045
f 2173/2361/2046 2172/2360/2045 2180/2368/2053
f 2180/2368/2053 2181/2369/2054 2173/2361/2046
f 2174/2362/2047 2173/2361/2046 2181/2369/2054
f 2181/2369/2054 2182/2370/2055 2174/2362/2047
f 2175/2363/2048 2174/2362/2047 2182/2370/2055
f 2182/2370/2055 2183/2371/2056 2175/2363/2048
f 2176/2364/2049 2175/2363/2048 2183/2371/2056
f 2183/2371/2056 2184/2372/2057 2176/2364/2049
f 2177/2365/2050 2176/2364/2049 2184/2372/2057
f 2184/2372/2057 2185/2373/2058 2177/2365/2050
f 2178/2366/2051 2126/2306/1999 2135/2315/2008
f 2135/2315/2008 2186/2374/2059 2178/2366/2051
f 2179/2367/2052 2178/2366/2051 2186/2374/2059
f 2186/2374/2059 2187/2375/2060 2179/2367/2052
f 2180/2368/2053 2179/2367/2052 2187/2375/2060
f 2187/2375/2060 2188/2376/2061 2180/2368/2053
f 2181/2369/2054 2180/2368/2053 2188/2376/2061
f 2188/2376/2061 2189/2377/2062 2181/2369/2054
f 2182/2370/2055 2181/2369/2054 2189/2377/2062
f 2189/2377/2062 2190/2378/2063 2182/2370/2055
f 2183/2371/2056 2182/2370/2055 2190/2378/2063
f 2190/2378/2063 2191/2379/2064 2183/2371/2056
f 2184/2372/2057 2183/2371/2056 2191/2379/2064
f 2191/2379/2064 2192/2380/2065 2184/2372/2057
f 2185/2373/2058 2184/2372/2057 2192/2380/2065
f 2192/2380/2065 2193/2381/2066 2185/2373/2058
f 2186/2374/2059 2135/2315/2008 2144/2324/2017
f 2144/2324/2017 2194/2382/2067 2186/2374/2059
f 2187/2375/2060 2186/2374/2059 2194/2382/2067
f 2194/2382/2067 2195/2383/2068 2187/2375/2060
f 2188/2376/2061 2187/2375/2060 2195/2383/2068
f 2195/2383/2068 2196/2384/2069 2188/2376/2061
f 2189/2377/2062 2188/2376/2061 2196/2384/2069
f 2196/2384/2069 2197/2385/2070 2189/2377/2062
f 2190/2378/2063 2189/2377/2062 2197/2385/2070
f 2197/2385/2070 2198/2386/2071 2190/2378/2063
f 2191/2379/2064 2190/2378/2063 2198/2386/2071
f 2198/2386/2071 2199/2387/2072 2191/2379/2064
f 2192/2380/2065 2191/2379/2064 2199/2387/2072
f 2199/2387/2072 2200/2388/2073 2192/2380/2065
f 2193/2381/2066 2192/2380/2065 2200/2388/2073
f 2200/2388/2073 2201/2389/2074 2193/2381/2066
f 2194/2382/2067 2144/2324/2017 2145/2325/2018
f 2195/2383/2068 2194/2382/2067 2145/2325/2018
f 2196/2384/2069 2195/2383/2068 2145/2325/2018
f 2197/2385/2070 2196/2384/2069 2145/2325/2018
f 2198/2386/2071 2197/2385/2070 2145/2325/2018
f 2199/2387/2072 2198/2386/2071 2145/2325/2018
f 2200/2388/2073 2199/2387/2072 2145/2325/2018
f 2201/2389/2074 2200/2388/2073 2145/2325/2018
f 2202/2390/2075 2018/2391/115 2019/2392/1173
f 2019/2392/1173 2203/2393/2076 2202/2390/2075
f 2203/2393/2076 2019/2392/1173 2020/2394/1898
f 2020/2394/1898 2204/2395/2077 2203/2393/2076
f 2204/2395/2077 2020/2394/1898 2021/2396/1899
f 2021/2396/1899 2205/2397/2078 2204/2395/2077
f 2205/2397/2078 2021/2396/1899 2022/2398/1176
f 2022/2398/1176 2206/2399/2079 2205/2397/2078
f 2206/2399/2079 2022/2398/1176 2023/2400/1900
f 2023/2400/1900 2207/2401/2080 2206/2399/2079
f 2207/2401/2080 2023/2400/1900 2024/2402/1178
f 2024/2402/1178 2208/2403/2081 2207/2401/2080
f 2208/2403/2081 2024/2402/1178 2025/2404/1901
f 2025/2404/1901 2209/2405/2082 2208/2403/2081
f 2209/2405/2082 2025/2404/1901 1961/2340/65
f 1961/2340/65 2153/2341/2026 2209/2405/2082
f 2210/2406/2083 2202/2390/2075 2203/2393/2076
f 2203/2393/2076 2211/2407/2084 2210/2406/2083
f 2211/2407/2084 2203/2393/2076 2204/2395/2077
f 2204/2395/2077 2212/2408/2085 2211/2407/2084
f 2212/2408/2085 2204/2395/2077 2205/2397/2078
f 2205/2397/2078 2213/2409/2086 2212/2408/2085
f 2213/2409/2086 2205/2397/2078 2206/2399/2079
f 2206/2399/2079 2214/2410/2087 2213/2409/2086
f 2214/2410/2087 2206/2399/2079 2207/2401/2080
f 2207/2401/2080 2215/2411/2088 2214/2410/2087
f 2215/2411/2088 2207/2401/2080 2208/2403/2081
f 2208/2403/2081 2216/2412/2089 2215/2411/2088
f 2216/2412/2089 2208/2403/2081 2209/2405/2082
f 2209/2405/2082 2217/2413/2090 2216/2412/2089
f 2217/2413/2090 2209/2405/2082 2153/2341/2026
f 2153/2341/2026 2161/2349/2034 2217/2413/2090
f 2218/2414/2091 2210/2406/2083 2211/2407/2084
f 2211/2407/2084 2219/2415/2092 2218/2414/2091
f 2219/2415/2092 2211/2407/2084 2212/2408/2085
f 2212/2408/2085 2220/2416/2093 2219/2415/2092
f 2220/2416/2093 2212/2408/2085 2213/2409/2086
f 2213/2409/2086 2221/2417/2094 2220/2416/2093
f 2221/2417/2094 2213/2409/2086 2214/2410/2087
f 2214/2410/2087 2222/2418/2095 2221/2417/2094
f 2222/2418/2095 2214/2410/2087 2215/2411/2088
f 2215/2411/2088 2223/2419/2096 2222/2418/2095
f 2223/2419/2096 2215/2411/2088 2216/2412/2089
f 2216/2412/2089 2224/2420/2097 2223/2419/2096
f 2224/2420/2097 2216/2412/2089 2217/2413/2090
f 2217/2413/2090 2225/2421/2098 2224/2420/2097
f 2225/2421/2098 2217/2413/2090 2161/2349/2034
f 2161/2349/2034 2169/2357/2042 2225/2421/2098
f 2226/2422/2099 2218/2414/2091 2219/2415/2092
f 2219/2415/2092 2227/2423/2100 2226/2422/2099
f 2227/2423/2100 2219/2415/2092 2220/2416/2093
f 2220/2416/2093 2228/2424/2101 2227/2423/2100
f 2228/2424/2101 2220/2416/2093 2221/2417/2094
f 2221/2417/2094 2229/2425/2102 2228/2424/2101
f 2229/2425/2102 2221/2417/2094 2222/2418/2095
f 2222/2418/2095 2230/2426/2103 2229/2425/2102
f 2230/2426/2103 2222/2418/2095 2223/2419/2096
f 2223/2419/2096 2231/2427/2104 2230/2426/2103
f 2231/2427/2104 2223/2419/2096 2224/2420/2097
f 2224/2420/2097 2232/2428/2105 2231/2427/2104
f 2232/2428/2105 2224/2420/2097 2225/2421/2098
f 2225/2421/2098 2233/2429/2106 2232/2428/2105
f 2233/2429/2106 2225/2421/2098 2169/2357/2042
f 2169/2357/2042 2177/2365/2050 2233/2429/2106
f 2234/2430/2107 2226/2422/2099 2227/2423/2100
f 2227/2423/2100 2235/2431/2108 2234/2430/2107
f 2235/2431/2108 2227/2423/2100 2228/2424/2101
f 2228/2424/2101 2236/2432/2109 2235/2431/2108
f 2236/2432/2109 2228/2424/2101 2229/2425/2102
f 2229/2425/2102 2237/2433/2110 2236/2432/2109
f 2237/2433/2110 2229/2425/2102 2230/2426/2103
f 2230/2426/2103 2238/2434/2111 2237/2433/2110
f 2238/2434/2111 2230/2426/2103 2231/2427/2104
f 2231/2427/2104 2239/2435/2112 2238/2434/2111
f 2239/2435/2112 2231/2427/2104 2232/2428/2105
f 2232/2428/2105 2240/2436/2113 2239/2435/2112
f 2240/2436/2113 2232/2428/2105 2233/2429/2106
f 2233/2429/2106 2241/2437/2114 2240/2436/2113
f 2241/2437/2114 2233/2429/2106 2177/2365/2050
f 2177/2365/2050 2185/2373/2058 2241/2437/2114
f 2242/2438/2115 2234/2430/2107 2235/2431/2108
f 2235/2431/2108 2243/2439/2116 2242/2438/2115
f 2243/2439/2116 2235/2431/2108 2236/2432/2109
f 2236/2432/2109 2244/2440/2117 2243/2439/2116
f 2244/2440/2117 2236/2432/2109 2237/2433/2110
f 2237/2433/2110 2245/2441/2118 2244/2440/2117
f 2245/2441/2118 2237/2433/2110 2238/2434/2111
f 2238/2434/2111 2246/2442/2119 2245/2441/2118
f 2246/2442/2119 2238/2434/2111 2239/2435/2112
f 2239/2435/2112 2247/2443/2120 2246/2442/2119
f 2247/2443/2120 2239/2435/2112 2240/2436/2113
f 2240/2436/2113 2248/2444/2121 2247/2443/2120
f 2248/2444/2121 2240/2436/2113 2241/2437/2114
f 2241/2437/2114 2249/2445/2122 2248/2444/2121
f 2249/2445/2122 2241/2437/2114 2185/2373/2058
f 2185/2373/2058 2193/2381/2066 2249/2445/2122
f 2250/2446/2123 2242/2438/2115 2243/2439/2116
f 2243/2439/2116 2251/2447/2124 2250/2446/2123
f 2251/2447/2124 2243/2439/2116 2244/2440/2117
f 2244/2440/2117 2252/2448/2125 2251/2447/2124
f 2252/2448/2125 2244/2440/2117 2245/2441/2118
f 2245/2441/2118 2253/2449/2126 2252/2448/2125
f 2253/2449/2126 2245/2441/2118 2246/2442/2119
f 2246/2442/2119 2254/2450/2127 2253/2449/2126
f 2254/2450/2127 2246/2442/2119 2247/2443/2120
f 2247/2443/2120 2255/2451/2128 2254/2450/2127
f 2255/2451/2128 2247/2443/2120 2248/2444/2121
f 2248/2444/2121 2256/2452/2129 2255/2451/2128
f 2256/2452/2129 2248/2444/2121 2249/2445/2122
f 2249/2445/2122 2257/2453/2130 2256/2452/2129
f 2257/2453/2130 2249/2445/2122 2193/2381/2066
f 2193/2381/2066 2201/2389/2074 2257/2453/2130
f 2250/2446/2123 2251/2447/2124 2145/2325/2018
f 2251/2447/2124 2252/2448/2125 2145/2325/2018
f 2252/2448/2125 2253/2449/2126 2145/2325/2018
f 2253/2449/2126 2254/2450/2127 2145/2325/2018
f 2254/2450/2127 2255/2451/2128 2145/2325/2018
f 2255/2451/2128 2256/2452/2129 2145/2325/2018
f 2256/2452/2129 2257/2453/2130 2145/2325/2018
f 2257/2453/2130 2201/2389/2074 2145/2325/2018
f 2082/2255/1955 1890/2254/58 2075/2454/1951
f 2075/2454/1951 2258/2455/2131 2082/2255/1955
f 2258/2455/2131 2075/2454/1951 2076/2456/1230
f 2076/2456/1230 2259/2457/2132 2258/2455/2131
f 2259/2457/2132 2076/2456/1230 2077/2458/1952
f 2077/2458/1952 2260/2459/2133 2259/2457/2132
f 2260/2459/2133 2077/2458/1952 2078/2460/1232
f 2078/2460/1232 2261/2461/2134 2260/2459/2133
f 2261/2461/2134 2078/2460/1232 2079/2462/1953
f 2079/2462/1953 2262/2463/2135 2261/2461/2134
f 2262/2463/2135 2079/2462/1953 2080/2464/1954
f 2080/2464/1954 2263/2465/2136 2262/2463/2135
f 2263/2465/2136 2080/2464/1954 2081/2466/1235
f 2081/2466/1235 2264/2467/2137 2263/2465/2136
f 2264/2467/2137 2081/2466/1235 2018/2391/115
f 2018/2391/115 2202/2390/2075 2264/2467/2137
f 2091/2271/1964 2082/2255/1955 2258/2455/2131
f 2258/2455/2131 2265/2468/2138 2091/2271/1964
f 2265/2468/2138 2258/2455/2131 2259/2457/2132
f 2259/2457/2132 2266/2469/2139 2265/2468/2138
f 2266/2469/2139 2259/2457/2132 2260/2459/2133
f 2260/2459/2133 2267/2470/2140 2266/2469/2139
f 2267/2470/2140 2260/2459/2133 2261/2461/2134
f 2261/2461/2134 2268/2471/2141 2267/2470/2140
f 2268/2471/2141 2261/2461/2134 2262/2463/2135
f 2262/2463/2135 2269/2472/2142 2268/2471/2141
f 2269/2472/2142 2262/2463/2135 2263/2465/2136
f 2263/2465/2136 2270/2473/2143 2269/2472/2142
f 2270/2473/2143 2263/2465/2136 2264/2467/2137
f 2264/2467/2137 2271/2474/2144 2270/2473/2143
f 2271/2474/2144 2264/2467/2137 2202/2390/2075
f 2202/2390/2075 2210/2406/2083 2271/2474/2144
f 2100/2280/1973 2091/2271/1964 2265/2468/2138
f 2265/2468/2138 2272/2475/2145 2100/2280/1973
f 2272/2475/2145 2265/2468/2138 2266/2469/2139
f 2266/2469/2139 2273/2476/2146 2272/2475/2145
f 2273/2476/2146 2266/2469/2139 2267/2470/2140
f 2267/2470/2140 2274/2477/2147 2273/2476/2146
f 2274/2477/2147 2267/2470/2140 2268/2471/2141
f 2268/2471/2141 2275/2478/2148 2274/2477/2147
f 2275/2478/2148 2268/2471/2141 2269/2472/2142
f 2269/2472/2142 2276/2479/2149 2275/2478/2148
f 2276/2479/2149 2269/2472/2142 2270/2473/2143
f 2270/2473/2143 2277/2480/2150 2276/2479/2149
f 2277/2480/2150 2270/2473/2143 2271/2474/2144
f 2271/2474/2144 2278/2481/2151 2277/2480/2150
f 2278/2481/2151 2271/2474/2144 2210/2406/2083
f 2210/2406/2083 2218/2414/2091 2278/2481/2151
f 2109/2289/1982 2100/2280/1973 2272/2475/2145
f 2272/2475/2145 2279/2482/2152 2109/2289/1982
f 2279/2482/2152 2272/2475/2145 2273/2476/2146
f 2273/2476/2146 2280/2483/2153 2279/2482/2152
f 2280/2483/2153 2273/2476/2146 2274/2477/2147
f 2274/2477/2147 2281/2484/2154 2280/2483/2153
f 2281/2484/2154 2274/2477/2147 2275/2478/2148
f 2275/2478/2148 2282/2485/2155 2281/2484/2154
f 2282/2485/2155 2275/2478/2148 2276/2479/2149
f 2276/2479/2149 2283/2486/2156 2282/2485/2155
f 2283/2486/2156 2276/2479/2149 2277/2480/2150
f 2277/2480/2150 2284/2487/2157 2283/2486/2156
f 2284/2487/2157 2277/2480/2150 2278/2481/2151
f 2278/2481/2151 2285/2488/2158 2284/2487/2157
f 2285/2488/2158 2278/2481/2151 2218/2414/2091
f 2218/2414/2091 2226/2422/2099 2285/2488/2158
f 2118/2298/1991 2109/2289/1982 2279/2482/2152
f 2279/2482/2152 2286/2489/2159 2118/2298/1991
f 2286/2489/2159 2279/2482/2152 2280/2483/2153
f 2280/2483/2153 2287/2490/2160 2286/2489/2159
f 2287/2490/2160 2280/2483/2153 2281/2484/2154
f 2281/2484/2154 2288/2491/2161 2287/2490/2160
f 2288/2491/2161 2281/2484/2154 2282/2485/2155
f 2282/2485/2155 2289/2492/2162 2288/2491/2161
f 2289/2492/2162 2282/2485/2155 2283/2486/2156
f 2283/2486/2156 2290/2493/2163 2289/2492/2162
f 2290/2493/2163 2283/2486/2156 2284/2487/2157
f 2284/2487/2157 2291/2494/2164 2290/2493/2163
f 2291/2494/2164 2284/2487/2157 2285/2488/2158
f 2285/2488/2158 2292/2495/2165 2291/2494/2164
f 2292/2495/2165 2285/2488/2158 2226/2422/2099
f 2226/2422/2099 2234/2430/2107 2292/2495/2165
f 2127/2307/2000 2118/2298/1991 2286/2489/2159
f 2286/2489/2159 2293/2496/2166 2127/2307/2000
f 2293/2496/2166 2286/2489/2159 2287/2490/2160
f 2287/2490/2160 2294/2497/2167 2293/2496/2166
f 2294/2497/2167 2287/2490/2160 2288/2491/2161
f 2288/2491/2161 2295/2498/2168 2294/2497/2167
f 2295/2498/2168 2288/2491/2161 2289/2492/2162
f 2289/2492/2162 2296/2499/2169 2295/2498/2168
f 2296/2499/2169 2289/2492/2162 2290/2493/2163
f 2290/2493/2163 2297/2500/2170 2296/2499/2169
f 2297/2500/2170 2290/2493/2163 2291/2494/2164
f 2291/2494/2164 2298/2501/2171 2297/2500/2170
f 2298/2501/2171 2291/2494/2164 2292/2495/2165
f 2292/2495/2165 2299/2502/2172 2298/2501/2171
f 2299/2502/2172 2292/2495/2165 2234/2430/2107
f 2234/2430/2107 2242/2438/2115 2299/2502/2172
f 2136/2316/2009 2127/2307/2000 2293/2496/2166
f 2293/2496/2166 2300/2503/2173 2136/2316/2009
f 2300/2503/2173 2293/2496/2166 2294/2497/2167
f 2294/2497/2167 2301/2504/2174 2300/2503/2173
f 2301/2504/2174 2294/2497/2167 2295/2498/2168
f 2295/2498/2168 2302/2505/2175 2301/2504/2174
f 2302/2505/2175 2295/2498/2168 2296/2499/2169
f 2296/2499/2169 2303/2506/2176 2302/2505/2175
f 2303/2506/2176 2296/2499/2169 2297/2500/2170
f 2297/2500/2170 2304/2507/2177 2303/2506/2176
f 2304/2507/2177 2297/2500/2170 2298/2501/2171
f 2298/2501/2171 2305/2508/2178 2304/2507/2177
f 2305/2508/2178 2298/2501/2171 2299/2502/2172
f 2299/2502/2172 2306/2509/2179 2305/2508/2178
f 2306/2509/2179 2299/2502/2172 2242/2438/2115
f 2242/2438/2115 2250/2446/2123 2306/2509/2179
f 2136/2316/2009 2300/2503/2173 2145/2325/2018
f 2300/2503/2173 2301/2504/2174 2145/2325/2018
f 2301/2504/2174 2302/2505/2175 2145/2325/2018
f 2302/2505/2175 2303/2506/2176 2145/2325/2018
f 2303/2506/2176 2304/2507/2177 2145/2325/2018
f 2304/2507/2177 2305/2508/2178 2145/2325/2018
f 2305/2508/2178 2306/2509/2179 2145/2325/2018
f 2306/2509/2179 2250/2446/2123 2145/2325/2018
f 2308/2510/2180 2307/2511/2181 2316/2512/2182
f 2316/2512/2182 2317/2513/2183 2308/2510/2180
f 2309/2514/2184 2308/2510/2180 2317/2513/2183
f 2317/2513/2183 2318/2515/2185 2309/2514/2184
f 2310/2516/2186 2309/2514/2184 2318/2515/2185
f 2318/2515/2185 2319/2517/2187 2310/2516/2186
f 2311/2518/2188 2310/2516/2186 2319/2517/2187
f 2319/2517/2187 2320/2519/2189 2311/2518/2188
f 2312/2520/2190 2311/2518/2188 2320/2519/2189
f 2320/2519/2189 2321/2521/2191 2312/2520/2190
f 2313/2522/2192 2312/2520/2190 2321/2521/2191
f 2321/2521/2191 2322/2523/2193 2313/2522/2192
f 2314/2524/2194 2313/2522/2192 2322/2523/2193
f 2322/2523/2193 2323/2525/2195 2314/2524/2194
f 2315/2526/2196 2314/2524/2194 2323/2525/2195
f 2323/2525/2195 2324/2527/2197 2315/2526/2196
f 2317/2513/2183 2316/2512/2182 2325/2528/2198
f 2325/2528/2198 2326/2529/2199 2317/2513/2183
f 2318/2515/2185 2317/2513/2183 2326/2529/2199
f 2326/2529/2199 2327/2530/2200 2318/2515/2185
f 2319/2517/2187 2318/2515/2185 2327/2530/2200
f 2327/2530/2200 2328/2531/2201 2319/2517/2187
f 2320/2519/2189 2319/2517/2187 2328/2531/2201
f 2328/2531/2201 2329/2532/2202 2320/2519/2189
f 2321/2521/2191 2320/2519/2189 2329/2532/2202
f 2329/2532/2202 2330/2533/2203 2321/2521/2191
f 2322/2523/2193 2321/2521/2191 2330/2533/2203
f 2330/2533/2203 2331/2534/2204 2322/2523/2193
f 2323/2525/2195 2322/2523/2193 2331/2534/2204
f 2331/2534/2204 2332/2535/2205 2323/2525/2195
f 2324/2527/2197 2323/2525/2195 2332/2535/2205
f 2332/2535/2205 2333/2536/2206 2324/2527/2197
f 2326/2529/2199 2325/2528/2198 2334/2537/2207
f 2334/2537/2207 2335/2538/2208 2326/2529/2199
f 2327/2530/2200 2326/2529/2199 2335/2538/2208
f 2335/2538/2208 2336/2539/2209 2327/2530/2200
f 2328/2531/2201 2327/2530/2200 2336/2539/2209
f 2336/2539/2209 2337/2540/2210 2328/2531/2201
f 2329/2532/2202 2328/2531/2201 2337/2540/2210
f 2337/2540/2210 2338/2541/2211 2329/2532/2202
f 2330/2533/2203 2329/2532/2202 2338/2541/2211
f 2338/2541/2211 2339/2542/2212 2330/2533/2203
f 2331/2534/2204 2330/2533/2203 2339/2542/2212
f 2339/2542/2212 2340/2543/2213 2331/2534/2204
f 2332/2535/2205 2331/2534/2204 2340/2543/2213
f 2340/2543/2213 2341/2544/2214 2332/2535/2205
f 2333/2536/2206 2332/2535/2205 2341/2544/2214
f 2341/2544/2214 2342/2545/2215 2333/2536/2206
f 2335/2538/2208 2334/2537/2207 2343/2546/2216
f 2343/2546/2216 2344/2547/2217 2335/2538/2208
f 2336/2539/2209 2335/2538/2208 2344/2547/2217
f 2344/2547/2217 2345/2548/2218 2336/2539/2209
f 2337/2540/2210 2336/2539/2209 2345/2548/2218
f 2345/2548/2218 2346/2549/2219 2337/2540/2210
f 2338/2541/2211 2337/2540/2210 2346/2549/2219
f 2346/2549/2219 2347/2550/2220 2338/2541/2211
f 2339/2542/2212 2338/2541/2211 2347/2550/2220
f 2347/2550/2220 2348/2551/2221 2339/2542/2212
f 2340/2543/2213 2339/2542/2212 2348/2551/2221
f 2348/2551/2221 2349/2552/2222 2340/2543/2213
f 2341/2544/2214 2340/2543/2213 2349/2552/2222
f 2349/2552/2222 2350/2553/2223 2341/2544/2214
f 2342/2545/2215 2341/2544/2214 2350/2553/2223
f 2350/2553/2223 2351/2554/2224 2342/2545/2215
f 2344/2547/2217 2343/2546/2216 2352/2555/2225
f 2352/2555/2225 2353/2556/2226 2344/2547/2217
f 2345/2548/2218 2344/2547/2217 2353/2556/2226
f 2353/2556/2226 2354/2557/2227 2345/2548/2218
f 2346/2549/2219 2345/2548/2218 2354/2557/2227
f 2354/2557/2227 2355/2558/2228 2346/2549/2219
f 2347/2550/2220 2346/2549/2219 2355/2558/2228
f 2355/2558/2228 2356/2559/2229 2347/2550/2220
f 2348/2551/2221 2347/2550/2220 2356/2559/2229
f 2356/2559/2229 2357/2560/2230 2348/2551/2221
f 2349/2552/2222 2348/2551/2221 2357/2560/2230
f 2357/2560/2230 2358/2561/2231 2349/2552/2222
f 2350/2553/2223 2349/2552/2222 2358/2561/2231
f 2358/2561/2231 2359/2562/2232 2350/2553/2223
f 2351/2554/2224 2350/2553/2223 2359/2562/2232
f 2359/2562/2232 2360/2563/2233 2351/2554/2224
f 2353/2556/2226 2352/2555/2225 2361/2564/2234
f 2361/2564/2234 2362/2565/2235 2353/2556/2226
f 2354/2557/2227 2353/2556/2226 2362/2565/2235
f 2362/2565/2235 2363/2566/2236 2354/2557/2227
f 2355/2558/2228 2354/2557/2227 2363/2566/2236
f 2363/2566/2236 2364/2567/2237 2355/2558/2228
f 2356/2559/2229 2355/2558/2228 2364/2567/2237
f 2364/2567/2237 2365/2568/2238 2356/2559/2229
f 2357/2560/2230 2356/2559/2229 2365/2568/2238
f 2365/2568/2238 2366/2569/2239 2357/2560/2230
f 2358/2561/2231 2357/2560/2230 2366/2569/2239
f 2366/2569/2239 2367/2570/2240 2358/2561/2231
f 2359/2562/2232 2358/2561/2231 2367/2570/2240
f 2367/2570/2240 2368/2571/2241 2359/2562/2232
f 2360/2563/2233 2359/2562/2232 2368/2571/2241
f 2368/2571/2241 2369/2572/2242 2360/2563/2233
f 2362/2565/2235 2361/2564/2234 409/433/378
f 409/433/378 410/432/377 2362/2565/2235
f 2363/2566/2236 2362/2565/2235 410/432/377
f 410/432/377 411/436/381 2363/2566/2236
f 2364/2567/2237 2363/2566/2236 411/436/381
f 411/436/381 412/438/383 2364/2567/2237
f 2365/2568/2238 2364/2567/2237 412/438/383
f 412/438/383 413/440/115 2365/2568/2238
f 2366/2569/2239 2365/2568/2238 413/440/115
f 413/440/115 414/442/386 2366/2569/2239
f 2367/2570/2240 2366/2569/2239 414/442/386
f 414/442/386 415/444/388 2367/2570/2240
f 2368/2571/2241 2367/2570/2240 415/444/388
f 415/444/388 416/446/390 2368/2571/2241
f 2369/2572/2242 2368/2571/2241 416/446/390
f 416/446/390 417/448/392 2369/2572/2242
f 2372/2573/2243 2308/2510/2180 2373/2574/2244
f 2372/2573/2243 2307/2511/2181 2308/2510/2180
f 2373/2574/2244 2309/2514/2184 2374/2575/2245
f 2373/2574/2244 2308/2510/2180 2309/2514/2184
f 2374/2575/2245 2310/2516/2186 2375/2576/2246
f 2374/2575/2245 2309/2514/2184 2310/2516/2186
f 2376/2577/2247 2375/2576/2246 2310/2516/2186
f 2376/2577/2247 2310/2516/2186 2311/2518/2188
f 2376/2577/2247 2311/2518/2188 2377/2578/2248
f 2377/2578/2248 2312/2520/2190 2378/2579/2249
f 2377/2578/2248 2311/2518/2188 2312/2520/2190
f 2378/2579/2249 2313/2522/2192 2379/2580/2250
f 2378/2579/2249 2312/2520/2190 2313/2522/2192
f 2380/2581/2251 2379/2580/2250 2313/2522/2192
f 2380/2581/2251 2313/2522/2192 2314/2524/2194
f 2380/2581/2251 2314/2524/2194 2381/2582/2252
f 2381/2582/2252 2315/2526/2196 2382/2583/2253
f 2381/2582/2252 2314/2524/2194 2315/2526/2196
f 2372/2573/2243 2373/2574/2244 2386/2584/2254
f 2386/2584/2254 2383/2585/2255 2372/2573/2243
f 2383/2585/2255 2386/2584/2254 2387/2586/2256
f 2387/2586/2256 2384/2587/2257 2383/2585/2255
f 2384/2587/2257 2387/2586/2256 2388/2588/2258
f 2388/2588/2258 2385/2589/2259 2384/2587/2257
f 2373/2574/2244 2374/2575/2245 2389/2590/2260
f 2389/2590/2260 2386/2584/2254 2373/2574/2244
f 2386/2584/2254 2389/2590/2260 2390/2591/2261
f 2390/2591/2261 2387/2586/2256 2386/2584/2254
f 2387/2586/2256 2390/2591/2261 2391/2592/2262
f 2391/2592/2262 2388/2588/2258 2387/2586/2256
f 2374/2575/2245 2375/2576/2246 2392/2593/2263
f 2392/2593/2263 2389/2590/2260 2374/2575/2245
f 2389/2590/2260 2392/2593/2263 2393/2594/2264
f 2393/2594/2264 2390/2591/2261 2389/2590/2260
f 2390/2591/2261 2393/2594/2264 2394/2595/2265
f 2394/2595/2265 2391/2592/2262 2390/2591/2261
f 2375/2576/2246 2376/2577/2247 2395/2596/2266
f 2395/2596/2266 2392/2593/2263 2375/2576/2246
f 2392/2593/2263 2395/2596/2266 2396/2597/2267
f 2396/2597/2267 2393/2594/2264 2392/2593/2263
f 2393/2594/2264 2396/2597/2267 2397/2598/2268
f 2397/2598/2268 2394/2595/2265 2393/2594/2264
f 2376/2577/2247 2377/2578/2248 2398/2599/2269
f 2398/2599/2269 2395/2596/2266 2376/2577/2247
f 2395/2596/2266 2398/2599/2269 2399/2600/2270
f 2399/2600/2270 2396/2597/2267 2395/2596/2266
f 2396/2597/2267 2399/2600/2270 2400/2601/2271
f 2400/2601/2271 2397/2598/2268 2396/2597/2267
f 2377/2578/2248 2378/2579/2249 2401/2602/2272
f 2401/2602/2272 2398/2599/2269 2377/2578/2248
f 2398/2599/2269 2401/2602/2272 2402/2603/2273
f 2402/2603/2273 2399/2600/2270 2398/2599/2269
f 2399/2600/2270 2402/2603/2273 2403/2604/2274
f 2403/2604/2274 2400/2601/2271 2399/2600/2270
f 2378/2579/2249 2379/2580/2250 2404/2605/2275
f 2404/2605/2275 2401/2602/2272 2378/2579/2249
f 2401/2602/2272 2404/2605/2275 2405/2606/2276
f 2405/2606/2276 2402/2603/2273 2401/2602/2272
f 2402/2603/2273 2405/2606/2276 2406/2607/2277
f 2406/2607/2277 2403/2604/2274 2402/2603/2273
f 2379/2580/2250 2380/2581/2251 2407/2608/2278
f 2407/2608/2278 2404/2605/2275 2379/2580/2250
f 2404/2605/2275 2407/2608/2278 2408/2609/2279
f 2408/2609/2279 2405/2606/2276 2404/2605/2275
f 2405/2606/2276 2408/2609/2279 2409/2610/2280
f 2409/2610/2280 2406/2607/2277 2405/2606/2276
f 2380/2581/2251 2381/2582/2252 2410/2611/2281
f 2410/2611/2281 2407/2608/2278 2380/2581/2251
f 2407/2608/2278 2410/2611/2281 2411/2612/2282
f 2411/2612/2282 2408/2609/2279 2407/2608/2278
f 2408/2609/2279 2411/2612/2282 2412/2613/2283
f 2412/2613/2283 2409/2610/2280 2408/2609/2279
f 2381/2582/2252 2382/2583/2253 2413/2614/2284
f 2413/2614/2284 2410/2611/2281 2381/2582/2252
f 2410/2611/2281 2413/2614/2284 2414/2615/2285
f 2414/2615/2285 2411/2612/2282 2410/2611/2281
f 2411/2612/2282 2414/2615/2285 2415/2616/2286
f 2415/2616/2286 2412/2613/2283 2411/2612/2282
f 2316/2617/2182 2307/2618/2181 2416/2619/2287
f 2416/2619/2287 2423/2620/2288 2316/2617/2182
f 2423/2620/2288 2416/2619/2287 2417/2621/2289
f 2417/2621/2289 2424/2622/2290 2423/2620/2288
f 2424/2622/2290 2417/2621/2289 2418/2623/2291
f 2418/2623/2291 2425/2624/2292 2424/2622/2290
f 2425/2624/2292 2418/2623/2291 2419/2625/2293
f 2419/2625/2293 2426/2626/2294 2425/2624/2292
f 2426/2626/2294 2419/2625/2293 2420/2627/2295
f 2420/2627/2295 2427/2628/2296 2426/2626/2294
f 2427/2628/2296 2420/2627/2295 2421/2629/2297
f 2421/2629/2297 2428/2630/2298 2427/2628/2296
f 2428/2630/2298 2421/2629/2297 2422/2631/2299
f 2422/2631/2299 2429/2632/2300 2428/2630/2298
f 2429/2632/2300 2422/2631/2299 2315/2526/2196
f 2315/2526/2196 2324/2527/2197 2429/2632/2300
f 2325/2633/2198 2316/2617/2182 2423/2620/2288
f 2423/2620/2288 2430/2634/2301 2325/2633/2198
f 2430/2634/2301 2423/2620/2288 2424/2622/2290
f 2424/2622/2290 2431/2635/2302 2430/2634/2301
f 2431/2635/2302 2424/2622/2290 2425/2624/2292
f 2425/2624/2292 2432/2636/2303 2431/2635/2302
f 2432/2636/2303 2425/2624/2292 2426/2626/2294
f 2426/2626/2294 2433/2637/2304 2432/2636/2303
f 2433/2637/2304 2426/2626/2294 2427/2628/2296
f 2427/2628/2296 2434/2638/2305 2433/2637/2304
f 2434/2638/2305 2427/2628/2296 2428/2630/2298
f 2428/2630/2298 2435/2639/2306 2434/2638/2305
f 2435/2639/2306 2428/2630/2298 2429/2632/2300
f 2429/2632/2300 2436/2640/2307 2435/2639/2306
f 2436/2640/2307 2429/2632/2300 2324/2527/2197
f 2324/2527/2197 2333/2536/2206 2436/2640/2307
f 2334/2641/2207 2325/2633/2198 2430/2634/2301
f 2430/2634/2301 2437/2642/2308 2334/2641/2207
f 2437/2642/2308 2430/2634/2301 2431/2635/2302
f 2431/2635/2302 2438/2643/2309 2437/2642/2308
f 2438/2643/2309 2431/2635/2302 2432/2636/2303
f 2432/2636/2303 2439/2644/2310 2438/2643/2309
f 2439/2644/2310 2432/2636/2303 2433/2637/2304
f 2433/2637/2304 2440/2645/2311 2439/2644/2310
f 2440/2645/2311 2433/2637/2304 2434/2638/2305
f 2434/2638/2305 2441/2646/2312 2440/2645/2311
f 2441/2646/2312 2434/2638/2305 2435/2639/2306
f 2435/2639/2306 2442/2647/2313 2441/2646/2312
f 2442/2647/2313 2435/2639/2306 2436/2640/2307
f 2436/2640/2307 2443/2648/2314 2442/2647/2313
f 2443/2648/2314 2436/2640/2307 2333/2536/2206
f 2333/2536/2206 2342/2545/2215 2443/2648/2314
f 2343/2649/2216 2334/2641/2207 2437/2642/2308
f 2437/2642/2308 2444/2650/2315 2343/2649/2216
f 2444/2650/2315 2437/2642/2308 2438/2643/2309
f 2438/2643/2309 2445/2651/2316 2444/2650/2315
f 2445/2651/2316 2438/2643/2309 2439/2644/2310
f 2439/2644/2310 2446/2652/2317 2445/2651/2316
f 2446/2652/2317 2439/2644/2310 2440/2645/2311
f 2440/2645/2311 2447/2653/2318 2446/2652/2317
f 2447/2653/2318 2440/2645/2311 2441/2646/2312
f 2441/2646/2312 2448/2654/2319 2447/2653/2318
f 2448/2654/2319 2441/2646/2312 2442/2647/2313
f 2442/2647/2313 2449/2655/2320 2448/2654/2319
f 2449/2655/2320 2442/2647/2313 2443/2648/2314
f 2443/2648/2314 2450/2656/2321 2449/2655/2320
f 2450/2656/2321 2443/2648/2314 2342/2545/2215
f 2342/2545/2215 2351/2554/2224 2450/2656/2321
f 2352/2657/2225 2343/2649/2216 2444/2650/2315
f 2444/2650/2315 2451/2658/2322 2352/2657/2225
f 2451/2658/2322 2444/2650/2315 2445/2651/2316
f 2445/2651/2316 2452/2659/2323 2451/2658/2322
f 2452/2659/2323 2445/2651/2316 2446/2652/2317
f 2446/2652/2317 2453/2660/2324 2452/2659/2323
f 2453/2660/2324 2446/2652/2317 2447/2653/2318
f 2447/2653/2318 2454/2661/2325 2453/2660/2324
f 2454/2661/2325 2447/2653/2318 2448/2654/2319
f 2448/2654/2319 2455/2662/2326 2454/2661/2325
f 2455/2662/2326 2448/2654/2319 2449/2655/2320
f 2449/2655/2320 2456/2663/2327 2455/2662/2326
f 2456/2663/2327 2449/2655/2320 2450/2656/2321
f 2450/2656/2321 2457/2664/2328 2456/2663/2327
f 2457/2664/2328 2450/2656/2321 2351/2554/2224
f 2351/2554/2224 2360/2563/2233 2457/2664/2328
f 2361/2665/2234 2352/2657/2225 2451/2658/2322
f 2451/2658/2322 2458/2666/2329 2361/2665/2234
f 2458/2666/2329 2451/2658/2322 2452/2659/2323
f 2452/2659/2323 2459/2667/2330 2458/2666/2329
f 2459/2667/2330 2452/2659/2323 2453/2660/2324
f 2453/2660/2324 2460/2668/2331 2459/2667/2330
f 2460/2668/2331 2453/2660/2324 2454/2661/2325
f 2454/2661/2325 2461/2669/2332 2460/2668/2331
f 2461/2669/2332 2454/2661/2325 2455/2662/2326
f 2455/2662/2326 2462/2670/2333 2461/2669/2332
f 2462/2670/2333 2455/2662/2326 2456/2663/2327
f 2456/2663/2327 2463/2671/2334 2462/2670/2333
f 2463/2671/2334 2456/2663/2327 2457/2664/2328
f 2457/2664/2328 2464/2672/2335 2463/2671/2334
f 2464/2672/2335 2457/2664/2328 2360/2563/2233
f 2360/2563/2233 2369/2572/2242 2464/2672/2335
f 2370/514/2336 2361/2665/2234 2458/2666/2329
f 2458/2666/2329 2465/515/2337 2370/514/2336
f 2465/515/2337 2458/2666/2329 2459/2667/2330
f 2459/2667/2330 2466/517/2338 2465/515/2337
f 2466/517/2338 2459/2667/2330 2460/2668/2331
f 2460/2668/2331 2467/519/2339 2466/517/2338
f 2467/519/2339 2460/2668/2331 2461/2669/2332
f 2461/2669/2332 2468/521/9 2467/519/2339
f 2468/521/9 2461/2669/2332 2462/2670/2333
f 2462/2670/2333 2469/523/2340 2468/521/9
f 2469/523/2340 2462/2670/2333 2463/2671/2334
f 2463/2671/2334 2470/525/2341 2469/523/2340
f 2470/525/2341 2463/2671/2334 2464/2672/2335
f 2464/2672/2335 2471/527/2342 2470/525/2341
f 2471/527/2342 2464/2672/2335 2369/2572/2242
f 2369/2572/2242 2371/448/2343 2471/527/2342
f 2416/2619/2287 2372/2673/2243 2472/2674/2344
f 2307/2618/2181 2372/2673/2243 2416/2619/2287
f 2417/2621/2289 2472/2674/2344 2473/2675/2345
f 2416/2619/2287 2472/2674/2344 2417/2621/2289
f 2418/2623/2291 2473/2675/2345 2474/2676/2346
f 2417/2621/2289 2473/2675/2345 2418/2623/2291
f 2474/2676/2346 2475/2677/2347 2418/2623/2291
f 2418/2623/2291 2475/2677/2347 2419/2625/2293
f 2419/2625/2293 2475/2677/2347 2476/2678/2348
f 2420/2627/2295 2476/2678/2348 2477/2679/2349
f 2419/2625/2293 2476/2678/2348 2420/2627/2295
f 2421/2629/2297 2477/2679/2349 2478/2680/2350
f 2420/2627/2295 2477/2679/2349 2421/2629/2297
f 2478/2680/2350 2479/2681/2351 2421/2629/2297
f 2421/2629/2297 2479/2681/2351 2422/2631/2299
f 2422/2631/2299 2479/2681/2351 2480/2682/2352
f 2315/2526/2196 2480/2682/2352 2382/2583/2253
f 2422/2631/2299 2480/2682/2352 2315/2526/2196
f 2481/2683/2353 2472/2674/2344 2372/2673/2243
f 2372/2673/2243 2383/2684/2255 2481/2683/2353
f 2482/2685/2354 2481/2683/2353 2383/2684/2255
f 2383/2684/2255 2384/2686/2257 2482/2685/2354
f 2483/2687/2355 2482/2685/2354 2384/2686/2257
f 2384/2686/2257 2385/2688/2259 2483/2687/2355
f 2484/2689/2356 2473/2675/2345 2472/2674/2344
f 2472/2674/2344 2481/2683/2353 2484/2689/2356
f 2485/2690/2357 2484/2689/2356 2481/2683/2353
f 2481/2683/2353 2482/2685/2354 2485/2690/2357
f 2486/2691/2358 2485/2690/2357 2482/2685/2354
f 2482/2685/2354 2483/2687/2355 2486/2691/2358
f 2487/2692/2359 2474/2676/2346 2473/2675/2345
f 2473/2675/2345 2484/2689/2356 2487/2692/2359
f 2488/2693/2360 2487/2692/2359 2484/2689/2356
f 2484/2689/2356 2485/2690/2357 2488/2693/2360
f 2489/2694/2361 2488/2693/2360 2485/2690/2357
f 2485/2690/2357 2486/2691/2358 2489/2694/2361
f 2490/2695/2362 2475/2677/2347 2474/2676/2346
f 2474/2676/2346 2487/2692/2359 2490/2695/2362
f 2491/2696/2363 2490/2695/2362 2487/2692/2359
f 2487/2692/2359 2488/2693/2360 2491/2696/2363
f 2492/2697/2364 2491/2696/2363 2488/2693/2360
f 2488/2693/2360 2489/2694/2361 2492/2697/2364
f 2493/2698/2365 2476/2678/2348 2475/2677/2347
f 2475/2677/2347 2490/2695/2362 2493/2698/2365
f 2494/2699/2366 2493/2698/2365 2490/2695/2362
f 2490/2695/2362 2491/2696/2363 2494/2699/2366
f 2495/2700/2367 2494/2699/2366 2491/2696/2363
f 2491/2696/2363 2492/2697/2364 2495/2700/2367
f 2496/2701/2368 2477/2679/2349 2476/2678/2348
f 2476/2678/2348 2493/2698/2365 2496/2701/2368
f 2497/2702/2369 2496/2701/2368 2493/2698/2365
f 2493/2698/2365 2494/2699/2366 2497/2702/2369
f 2498/2703/2370 2497/2702/2369 2494/2699/2366
f 2494/2699/2366 2495/2700/2367 2498/2703/2370
f 2499/2704/2371 2478/2680/2350 2477/2679/2349
f 2477/2679/2349 2496/2701/2368 2499/2704/2371
f 2500/2705/2372 2499/2704/2371 2496/2701/2368
f 2496/2701/2368 2497/2702/2369 2500/2705/2372
f 2501/2706/2373 2500/2705/2372 2497/2702/2369
f 2497/2702/2369 2498/2703/2370 2501/2706/2373
f 2502/2707/2374 2479/2681/2351 2478/2680/2350
f 2478/2680/2350 2499/2704/2371 2502/2707/2374
f 2503/2708/2375 2502/2707/2374 2499/2704/2371
f 2499/2704/2371 2500/2705/2372 2503/2708/2375
f 2504/2709/2376 2503/2708/2375 2500/2705/2372
f 2500/2705/2372 2501/2706/2373 2504/2709/2376
f 2505/2710/2377 2480/2682/2352 2479/2681/2351
f 2479/2681/2351 2502/2707/2374 2505/2710/2377
f 2506/2711/2378 2505/2710/2377 2502/2707/2374
f 2502/2707/2374 2503/2708/2375 2506/2711/2378
f 2507/2712/2379 2506/2711/2378 2503/2708/2375
f 2503/2708/2375 2504/2709/2376 2507/2712/2379
f 2413/2614/2284 2382/2583/2253 2480/2682/2352
f 2480/2682/2352 2505/2710/2377 2413/2614/2284
f 2414/2615/2285 2413/2614/2284 2505/2710/2377
f 2505/2710/2377 2506/2711/2378 2414/2615/2285
f 2415/2616/2286 2414/2615/2285 2506/2711/2378
f 2506/2711/2378 2507/2712/2379 2415/2616/2286
f 2508/2713/412 2509/2714/2380 2510/2715/2381
f 2508/2713/412 2510/2715/2381 2511/2716/2382
f 2508/2713/412 2511/2716/2382 2512/2717/2383
f 2508/2713/412 2512/2717/2383 2513/2718/2384
f 2508/2713/412 2513/2718/2384 2514/2719/2385
f 2508/2713/412 2514/2719/2385 2515/2720/2386
f 2508/2713/412 2515/2720/2386 2516/2721/2387
f 2508/2713/412 2516/2721/2387 2517/2722/2388
f 2510/2715/2381 2509/2714/2380 2518/2723/2389
f 2518/2723/2389 2519/2724/2390 2510/2715/2381
f 2511/2716/2382 2510/2715/2381 2519/2724/2390
f 2519/2724/2390 2520/2725/2391 2511/2716/2382
f 2512/2717/2383 2511/2716/2382 2520/2725/2391
f 2520/2725/2391 2521/2726/2392 2512/2717/2383
f 2513/2718/2384 2512/2717/2383 2521/2726/2392
f 2521/2726/2392 2522/2727/2393 2513/2718/2384
f 2514/2719/2385 2513/2718/2384 2522/2727/2393
f 2522/2727/2393 2523/2728/2394 2514/2719/2385
f 2515/2720/2386 2514/2719/2385 2523/2728/2394
f 2523/2728/2394 2524/2729/2395 2515/2720/2386
f 2516/2721/2387 2515/2720/2386 2524/2729/2395
f 2524/2729/2395 2525/2730/2396 2516/2721/2387
f 2517/2722/2388 2516/2721/2387 2525/2730/2396
f 2525/2730/2396 2526/2731/2397 2517/2722/2388
f 2519/2724/2390 2518/2723/2389 2527/2732/2398
f 2527/2732/2398 2528/2733/2399 2519/2724/2390
f 2520/2725/2391 2519/2724/2390 2528/2733/2399
f 2528/2733/2399 2529/2734/2400 2520/2725/2391
f 2521/2726/2392 2520/2725/2391 2529/2734/2400
f 2529/2734/2400 2530/2735/2401 2521/2726/2392
f 2522/2727/2393 2521/2726/2392 2530/2735/2401
f 2530/2735/2401 2531/2736/2402 2522/2727/2393
f 2523/2728/2394 2522/2727/2393 2531/2736/2402
f 2531/2736/2402 2532/2737/2403 2523/2728/2394
f 2524/2729/2395 2523/2728/2394 2532/2737/2403
f 2532/2737/2403 2533/2738/2404 2524/2729/2395
f 2525/2730/2396 2524/2729/2395 2533/2738/2404
f 2533/2738/2404 2534/2739/2405 2525/2730/2396
f 2526/2731/2397 2525/2730/2396 2534/2739/2405
f 2534/2739/2405 2535/2740/2406 2526/2731/2397
f 2528/2733/2399 2527/2732/2398 2536/2741/2407
f 2536/2741/2407 2537/2742/2408 2528/2733/2399
f 2529/2734/2400 2528/2733/2399 2537/2742/2408
f 2537/2742/2408 2538/2743/2409 2529/2734/2400
f 2530/2735/2401 2529/2734/2400 2538/2743/2409
f 2538/2743/2409 2539/2744/2410 2530/2735/2401
f 2531/2736/2402 2530/2735/2401 2539/2744/2410
f 2539/2744/2410 2540/2745/2411 2531/2736/2402
f 2532/2737/2403 2531/2736/2402 2540/2745/2411
f 2540/2745/2411 2541/2746/2412 2532/2737/2403
f 2533/2738/2404 2532/2737/2403 2541/2746/2412
f 2541/2746/2412 2542/2747/2413 2533/2738/2404
f 2534/2739/2405 2533/2738/2404 2542/2747/2413
f 2542/2747/2413 2543/2748/2414 2534/2739/2405
f 2535/2740/2406 2534/2739/2405 2543/2748/2414
f 2543/2748/2414 2544/2749/2415 2535/2740/2406
f 2537/2742/2408 2536/2741/2407 2545/2750/2416
f 2545/2750/2416 2546/2751/2417 2537/2742/2408
f 2538/2743/2409 2537/2742/2408 2546/2751/2417
f 2546/2751/2417 2547/2752/2418 2538/2743/2409
f 2539/2744/2410 2538/2743/2409 2547/2752/2418
f 2547/2752/2418 2548/2753/2419 2539/2744/2410
f 2540/2745/2411 2539/2744/2410 2548/2753/2419
f 2548/2753/2419 2549/2754/2420 2540/2745/2411
f 2541/2746/2412 2540/2745/2411 2549/2754/2420
f 2549/2754/2420 2550/2755/2421 2541/2746/2412
f 2542/2747/2413 2541/2746/2412 2550/2755/2421
f 2550/2755/2421 2551/2756/2422 2542/2747/2413
f 2543/2748/2414 2542/2747/2413 2551/2756/2422
f 2551/2756/2422 2552/2757/2423 2543/2748/2414
f 2544/2749/2415 2543/2748/2414 2552/2757/2423
f 2552/2757/2423 2553/2758/2424 2544/2749/2415
f 2546/2751/2417 2545/2750/2416 2554/2759/2425
f 2554/2759/2425 2555/2760/2426 2546/2751/2417
f 2547/2752/2418 2546/2751/2417 2555/2760/2426
f 2555/2760/2426 2556/2761/2427 2547/2752/2418
f 2548/2753/2419 2547/2752/2418 2556/2761/2427
f 2556/2761/2427 2557/2762/2428 2548/2753/2419
f 2549/2754/2420 2548/2753/2419 2557/2762/2428
f 2557/2762/2428 2558/2763/2429 2549/2754/2420
f 2550/2755/2421 2549/2754/2420 2558/2763/2429
f 2558/2763/2429 2559/2764/2430 2550/2755/2421
f 2551/2756/2422 2550/2755/2421 2559/2764/2430
f 2559/2764/2430 2560/2765/2431 2551/2756/2422
f 2552/2757/2423 2551/2756/2422 2560/2765/2431
f 2560/2765/2431 2561/2766/2432 2552/2757/2423
f 2553/2758/2424 2552/2757/2423 2561/2766/2432
f 2561/2766/2432 2562/2767/2433 2553/2758/2424
f 2555/2760/2426 2554/2759/2425 2563/2768/2434
f 2563/2768/2434 2564/2769/2435 2555/2760/2426
f 2556/2761/2427 2555/2760/2426 2564/2769/2435
f 2564/2769/2435 2565/2770/2436 2556/2761/2427
f 2557/2762/2428 2556/2761/2427 2565/2770/2436
f 2565/2770/2436 2566/2771/2437 2557/2762/2428
f 2558/2763/2429 2557/2762/2428 2566/2771/2437
f 2566/2771/2437 2567/2772/2438 2558/2763/2429
f 2559/2764/2430 2558/2763/2429 2567/2772/2438
f 2567/2772/2438 2568/2773/2439 2559/2764/2430
f 2560/2765/2431 2559/2764/2430 2568/2773/2439
f 2568/2773/2439 2569/2774/2440 2560/2765/2431
f 2561/2766/2432 2560/2765/2431 2569/2774/2440
f 2569/2774/2440 2570/2775/2441 2561/2766/2432
f 2562/2767/2433 2561/2766/2432 2570/2775/2441
f 2570/2775/2441 2571/2776/2442 2562/2767/2433
f 2564/2769/2435 2563/2768/2434 2572/2777/2443
f 2572/2777/2443 2573/2778/2444 2564/2769/2435
f 2565/2770/2436 2564/2769/2435 2573/2778/2444
f 2573/2778/2444 2574/2779/2445 2565/2770/2436
f 2566/2771/2437 2565/2770/2436 2574/2779/2445
f 2574/2779/2445 2575/2780/2446 2566/2771/2437
f 2567/2772/2438 2566/2771/2437 2575/2780/2446
f 2575/2780/2446 2576/2781/2447 2567/2772/2438
f 2568/2773/2439 2567/2772/2438 2576/2781/2447
f 2576/2781/2447 2577/2782/2448 2568/2773/2439
f 2569/2774/2440 2568/2773/2439 2577/2782/2448
f 2577/2782/2448 2578/2783/2449 2569/2774/2440
f 2570/2775/2441 2569/2774/2440 2578/2783/2449
f 2578/2783/2449 2579/2784/2450 2570/2775/2441
f 2571/2776/2442 2570/2775/2441 2579/2784/2450
f 2579/2784/2450 2580/2785/2451 2571/2776/2442
f 2508/2713/412 2517/2722/2388 2581/2786/2452
f 2508/2713/412 2581/2786/2452 2582/2787/2453
f 2508/2713/412 2582/2787/2453 2583/2788/2454
f 2508/2713/412 2583/2788/2454 2584/2789/2455
f 2508/2713/412 2584/2789/2455 2585/2790/2456
f 2508/2713/412 2585/2790/2456 2586/2791/2457
f 2508/2713/412 2586/2791/2457 2587/2792/2458
f 2508/2713/412 2587/2792/2458 2588/2793/2459
f 2581/2786/2452 2517/2722/2388 2526/2731/2397
f 2526/2731/2397 2589/2794/2460 2581/2786/2452
f 2582/2787/2453 2581/2786/2452 2589/2794/2460
f 2589/2794/2460 2590/2795/2461 2582/2787/2453
f 2583/2788/2454 2582/2787/2453 2590/2795/2461
f 2590/2795/2461 2591/2796/2462 2583/2788/2454
f 2584/2789/2455 2583/2788/2454 2591/2796/2462
f 2591/2796/2462 2592/2797/2463 2584/2789/2455
f 2585/2790/2456 2584/2789/2455 2592/2797/2463
f 2592/2797/2463 2593/2798/2464 2585/2790/2456
f 2586/2791/2457 2585/2790/2456 2593/2798/2464
f 2593/2798/2464 2594/2799/2465 2586/2791/2457
f 2587/2792/2458 2586/2791/2457 2594/2799/2465
f 2594/2799/2465 2595/2800/2466 2587/2792/2458
f 2588/2793/2459 2587/2792/2458 2595/2800/2466
f 2595/2800/2466 2596/2801/2467 2588/2793/2459
f 2589/2794/2460 2526/2731/2397 2535/2740/2406
f 2535/2740/2406 2597/2802/2468 2589/2794/2460
f 2590/2795/2461 2589/2794/2460 2597/2802/2468
f 2597/2802/2468 2598/2803/2469 2590/2795/2461
f 2591/2796/2462 2590/2795/2461 2598/2803/2469
f 2598/2803/2469 2599/2804/2470 2591/2796/2462
f 2592/2797/2463 2591/2796/2462 2599/2804/2470
f 2599/2804/2470 2600/2805/2471 2592/2797/2463
f 2593/2798/2464 2592/2797/2463 2600/2805/2471
f 2600/2805/2471 2601/2806/2472 2593/2798/2464
f 2594/2799/2465 2593/2798/2464 2601/2806/2472
f 2601/2806/2472 2602/2807/2473 2594/2799/2465
f 2595/2800/2466 2594/2799/2465 2602/2807/2473
f 2602/2807/2473 2603/2808/2474 2595/2800/2466
f 2596/2801/2467 2595/2800/2466 2603/2808/2474
f 2603/2808/2474 2604/2809/2475 2596/2801/2467
f 2597/2802/2468 2535/2740/2406 2544/2749/2415
f 2544/2749/2415 2605/2810/2476 2597/2802/2468
f 2598/2803/2469 2597/2802/2468 2605/2810/2476
f 2605/2810/2476 2606/2811/2477 2598/2803/2469
f 2599/2804/2470 2598/2803/2469 2606/2811/2477
f 2606/2811/2477 2607/2812/2478 2599/2804/2470
f 2600/2805/2471 2599/2804/2470 2607/2812/2478
f 2607/2812/2478 2608/2813/2479 2600/2805/2471
f 2601/2806/2472 2600/2805/2471 2608/2813/2479
f 2608/2813/2479 2609/2814/2480 2601/2806/2472
f 2602/2807/2473 2601/2806/2472 2609/2814/2480
f 2609/2814/2480 2610/2815/2481 2602/2807/2473
f 2603/2808/2474 2602/2807/2473 2610/2815/2481
f 2610/2815/2481 2611/2816/2482 2603/2808/2474
f 2604/2809/2475 2603/2808/2474 2611/2816/2482
f 2611/2816/2482 2612/2817/2483 2604/2809/2475
f 2605/2810/2476 2544/2749/2415 2553/2758/2424
f 2553/2758/2424 2613/2818/2484 2605/2810/2476
f 2606/2811/2477 2605/2810/2476 2613/2818/2484
f 2613/2818/2484 2614/2819/2485 2606/2811/2477
f 2607/2812/2478 2606/2811/2477 2614/2819/2485
f 2614/2819/2485 2615/2820/2486 2607/2812/2478
f 2608/2813/2479 2607/2812/2478 2615/2820/2486
f 2615/2820/2486 2616/2821/2487 2608/2813/2479
f 2609/2814/2480 2608/2813/2479 2616/2821/2487
f 2616/2821/2487 2617/2822/2488 2609/2814/2480
f 2610/2815/2481 2609/2814/2480 2617/2822/2488
f 2617/2822/2488 2618/2823/2489 2610/2815/2481
f 2611/2816/2482 2610/2815/2481 2618/2823/2489
f 2618/2823/2489 2619/2824/2490 2611/2816/2482
f 2612/2817/2483 2611/2816/2482 2619/2824/2490
f 2619/2824/2490 2620/2825/2491 2612/2817/2483
f 2613/2818/2484 2553/2758/2424 2562/2767/2433
f 2562/2767/2433 2621/2826/2492 2613/2818/2484
f 2614/2819/2485 2613/2818/2484 2621/2826/2492
f 2621/2826/2492 2622/2827/2493 2614/2819/2485
f 2615/2820/2486 2614/2819/2485 2622/2827/2493
f 2622/2827/2493 2623/2828/2494 2615/2820/2486
f 2616/2821/2487 2615/2820/2486 2623/2828/2494
f 2623/2828/2494 2624/2829/2495 2616/2821/2487
f 2617/2822/2488 2616/2821/2487 2624/2829/2495
f 2624/2829/2495 2625/2830/2496 2617/2822/2488
f 2618/2823/2489 2617/2822/2488 2625/2830/2496
f 2625/2830/2496 2626/2831/2497 2618/2823/2489
f 2619/2824/2490 2618/2823/2489 2626/2831/2497
f 2626/2831/2497 2627/2832/2498 2619/2824/2490
f 2620/2825/2491 2619/2824/2490 2627/2832/2498
f 2627/2832/2498 2628/2833/2499 2620/2825/2491
f 2621/2826/2492 2562/2767/2433 2571/2776/2442
f 2571/2776/2442 2629/2834/2500 2621/2826/2492
f 2622/2827/2493 2621/2826/2492 2629/2834/2500
f 2629/2834/2500 2630/2835/2501 2622/2827/2493
f 2623/2828/2494 2622/2827/2493 2630/2835/2501
f 2630/2835/2501 2631/2836/2502 2623/2828/2494
f 2624/2829/2495 2623/2828/2494 2631/2836/2502
f 2631/2836/2502 2632/2837/2503 2624/2829/2495
f 2625/2830/2496 2624/2829/2495 2632/2837/2503
f 2632/2837/2503 2633/2838/2504 2625/2830/2496
f 2626/2831/2497 2625/2830/2496 2633/2838/2504
f 2633/2838/2504 2634/2839/2505 2626/2831/2497
f 2627/2832/2498 2626/2831/2497 2634/2839/2505
f 2634/2839/2505 2635/2840/2506 2627/2832/2498
f 2628/2833/2499 2627/2832/2498 2635/2840/2506
f 2635/2840/2506 2636/2841/2507 2628/2833/2499
f 2629/2834/2500 2571/2776/2442 2580/2785/2451
f 2580/2785/2451 2637/2842/2508 2629/2834/2500
f 2630/2835/2501 2629/2834/2500 2637/2842/2508
f 2637/2842/2508 2638/2843/2509 2630/2835/2501
f 2631/2836/2502 2630/2835/2501 2638/2843/2509
f 2638/2843/2509 2639/2844/2510 2631/2836/2502
f 2632/2837/2503 2631/2836/2502 2639/2844/2510
f 2639/2844/2510 2640/2845/2511 2632/2837/2503
f 2633/2838/2504 2632/2837/2503 2640/2845/2511
f 2640/2845/2511 2641/2846/2512 2633/2838/2504
f 2634/2839/2505 2633/2838/2504 2641/2846/2512
f 2641/2846/2512 2642/2847/2513 2634/2839/2505
f 2635/2840/2506 2634/2839/2505 2642/2847/2513
f 2642/2847/2513 2643/2848/2514 2635/2840/2506
f 2636/2841/2507 2635/2840/2506 2643/2848/2514
f 2643/2848/2514 2644/2849/2515 2636/2841/2507
f 2645/2850/2516 2508/2713/412 2646/2851/2517
f 2646/2851/2517 2508/2713/412 2647/2852/2518
f 2647/2852/2518 2508/2713/412 2648/2853/2519
f 2648/2853/2519 2508/2713/412 2649/2854/2520
f 2649/2854/2520 2508/2713/412 2650/2855/2521
f 2650/2855/2521 2508/2713/412 2651/2856/2522
f 2651/2856/2522 2508/2713/412 2652/2857/2523
f 2652/2857/2523 2508/2713/412 2588/2793/2459
f 2653/2858/2524 2645/2850/2516 2646/2851/2517
f 2646/2851/2517 2654/2859/2525 2653/2858/2524
f 2654/2859/2525 2646/2851/2517 2647/2852/2518
f 2647/2852/2518 2655/2860/2526 2654/2859/2525
f 2655/2860/2526 2647/2852/2518 2648/2853/2519
f 2648/2853/2519 2656/2861/2527 2655/2860/2526
f 2656/2861/2527 2648/2853/2519 2649/2854/2520
f 2649/2854/2520 2657/2862/2528 2656/2861/2527
f 2657/2862/2528 2649/2854/2520 2650/2855/2521
f 2650/2855/2521 2658/2863/2529 2657/2862/2528
f 2658/2863/2529 2650/2855/2521 2651/2856/2522
f 2651/2856/2522 2659/2864/2530 2658/2863/2529
f 2659/2864/2530 2651/2856/2522 2652/2857/2523
f 2652/2857/2523 2660/2865/2531 2659/2864/2530
f 2660/2865/2531 2652/2857/2523 2588/2793/2459
f 2588/2793/2459 2596/2801/2467 2660/2865/2531
f 2661/2866/2532 2653/2858/2524 2654/2859/2525
f 2654/2859/2525 2662/2867/2533 2661/2866/2532
f 2662/2867/2533 2654/2859/2525 2655/2860/2526
f 2655/2860/2526 2663/2868/2534 2662/2867/2533
f 2663/2868/2534 2655/2860/2526 2656/2861/2527
f 2656/2861/2527 2664/2869/2535 2663/2868/2534
f 2664/2869/2535 2656/2861/2527 2657/2862/2528
f 2657/2862/2528 2665/2870/2536 2664/2869/2535
f 2665/2870/2536 2657/2862/2528 2658/2863/2529
f 2658/2863/2529 2666/2871/2537 2665/2870/2536
f 2666/2871/2537 2658/2863/2529 2659/2864/2530
f 2659/2864/2530 2667/2872/2538 2666/2871/2537
f 2667/2872/2538 2659/2864/2530 2660/2865/2531
f 2660/2865/2531 2668/2873/2539 2667/2872/2538
f 2668/2873/2539 2660/2865/2531 2596/2801/2467
f 2596/2801/2467 2604/2809/2475 2668/2873/2539
f 2669/2874/2540 2661/2866/2532 2662/2867/2533
f 2662/2867/2533 2670/2875/2541 2669/2874/2540
f 2670/2875/2541 2662/2867/2533 2663/2868/2534
f 2663/2868/2534 2671/2876/2542 2670/2875/2541
f 2671/2876/2542 2663/2868/2534 2664/2869/2535
f 2664/2869/2535 2672/2877/2543 2671/2876/2542
f 2672/2877/2543 2664/2869/2535 2665/2870/2536
f 2665/2870/2536 2673/2878/2544 2672/2877/2543
f 2673/2878/2544 2665/2870/2536 2666/2871/2537
f 2666/2871/2537 2674/2879/2545 2673/2878/2544
f 2674/2879/2545 2666/2871/2537 2667/2872/2538
f 2667/2872/2538 2675/2880/2546 2674/2879/2545
f 2675/2880/2546 2667/2872/2538 2668/2873/2539
f 2668/2873/2539 2676/2881/2547 2675/2880/2546
f 2676/2881/2547 2668/2873/2539 2604/2809/2475
f 2604/2809/2475 2612/2817/2483 2676/2881/2547
f 2677/2882/2548 2669/2874/2540 2670/2875/2541
f 2670/2875/2541 2678/2883/2549 2677/2882/2548
f 2678/2883/2549 2670/2875/2541 2671/2876/2542
f 2671/2876/2542 2679/2884/2550 2678/2883/2549
f 2679/2884/2550 2671/2876/2542 2672/2877/2543
f 2672/2877/2543 2680/2885/2551 2679/2884/2550
f 2680/2885/2551 2672/2877/2543 2673/2878/2544
f 2673/2878/2544 2681/2886/2552 2680/2885/2551
f 2681/2886/2552 2673/2878/2544 2674/2879/2545
f 2674/2879/2545 2682/2887/2553 2681/2886/2552
f 2682/2887/2553 2674/2879/2545 2675/2880/2546
f 2675/2880/2546 2683/2888/2554 2682/2887/2553
f 2683/2888/2554 2675/2880/2546 2676/2881/2547
f 2676/2881/2547 2684/2889/2555 2683/2888/2554
f 2684/2889/2555 2676/2881/2547 2612/2817/2483
f 2612/2817/2483 2620/2825/2491 2684/2889/2555
f 2685/2890/2556 2677/2882/2548 2678/2883/2549
f 2678/2883/2549 2686/2891/2557 2685/2890/2556
f 2686/2891/2557 2678/2883/2549 2679/2884/2550
f 2679/2884/2550 2687/2892/2558 2686/2891/2557
f 2687/2892/2558 2679/2884/2550 2680/2885/2551
f 2680/2885/2551 2688/2893/2559 2687/2892/2558
f 2688/2893/2559 2680/2885/2551 2681/2886/2552
f 2681/2886/2552 2689/2894/2560 2688/2893/2559
f 2689/2894/2560 2681/2886/2552 2682/2887/2553
f 2682/2887/2553 2690/2895/2561 2689/2894/2560
f 2690/2895/2561 2682/2887/2553 2683/2888/2554
f 2683/2888/2554 2691/2896/2562 2690/2895/2561
f 2691/2896/2562 2683/2888/2554 2684/2889/2555
f 2684/2889/2555 2692/2897/2563 2691/2896/2562
f 2692/2897/2563 2684/2889/2555 2620/2825/2491
f 2620/2825/2491 2628/2833/2499 2692/2897/2563
f 2693/2898/2564 2685/2890/2556 2686/2891/2557
f 2686/2891/2557 2694/2899/2565 2693/2898/2564
f 2694/2899/2565 2686/2891/2557 2687/2892/2558
f 2687/2892/2558 2695/2900/2566 2694/2899/2565
f 2695/2900/2566 2687/2892/2558 2688/2893/2559
f 2688/2893/2559 2696/2901/2567 2695/2900/2566
f 2696/2901/2567 2688/2893/2559 2689/2894/2560
f 2689/2894/2560 2697/2902/2568 2696/2901/2567
f 2697/2902/2568 2689/2894/2560 2690/2895/2561
f 2690/2895/2561 2698/2903/2569 2697/2902/2568
f 2698/2903/2569 2690/2895/2561 2691/2896/2562
f 2691/2896/2562 2699/2904/2570 2698/2903/2569
f 2699/2904/2570 2691/2896/2562 2692/2897/2563
f 2692/2897/2563 2700/2905/2571 2699/2904/2570
f 2700/2905/2571 2692/2897/2563 2628/2833/2499
f 2628/2833/2499 2636/2841/2507 2700/2905/2571
f 2701/2906/2572 2693/2898/2564 2694/2899/2565
f 2694/2899/2565 2702/2907/2573 2701/2906/2572
f 2702/2907/2573 2694/2899/2565 2695/2900/2566
f 2695/2900/2566 2703/2908/2574 2702/2907/2573
f 2703/2908/2574 2695/2900/2566 2696/2901/2567
f 2696/2901/2567 2704/2909/2575 2703/2908/2574
f 2704/2909/2575 2696/2901/2567 2697/2902/2568
f 2697/2902/2568 2705/2910/2576 2704/2909/2575
f 2705/2910/2576 2697/2902/2568 2698/2903/2569
f 2698/2903/2569 2706/2911/2577 2705/2910/2576
f 2706/2911/2577 2698/2903/2569 2699/2904/2570
f 2699/2904/2570 2707/2912/2578 2706/2911/2577
f 2707/2912/2578 2699/2904/2570 2700/2905/2571
f 2700/2905/2571 2708/2913/2579 2707/2912/2578
f 2708/2913/2579 2700/2905/2571 2636/2841/2507
f 2636/2841/2507 2644/2849/2515 2708/2913/2579
f 2509/2714/2380 2508/2713/412 2709/2914/2580
f 2709/2914/2580 2508/2713/412 2710/2915/2581
f 2710/2915/2581 2508/2713/412 2711/2916/2582
f 2711/2916/2582 2508/2713/412 2712/2917/2583
f 2712/2917/2583 2508/2713/412 2713/2918/2584
f 2713/2918/2584 2508/2713/412 2714/2919/2585
f 2714/2919/2585 2508/2713/412 2715/2920/2586
f 2715/2920/2586 2508/2713/412 2645/2850/2516
f 2518/2723/2389 2509/2714/2380 2709/2914/2580
f 2709/2914/2580 2716/2921/2587 2518/2723/2389
f 2716/2921/2587 2709/2914/2580 2710/2915/2581
f 2710/2915/2581 2717/2922/2588 2716/2921/2587
f 2717/2922/2588 2710/2915/2581 2711/2916/2582
f 2711/2916/2582 2718/2923/2589 2717/2922/2588
f 2718/2923/2589 2711/2916/2582 2712/2917/2583
f 2712/2917/2583 2719/2924/2590 2718/2923/2589
f 2719/2924/2590 2712/2917/2583 2713/2918/2584
f 2713/2918/2584 2720/2925/2591 2719/2924/2590
f 2720/2925/2591 2713/2918/2584 2714/2919/2585
f 2714/2919/2585 2721/2926/2592 2720/2925/2591
f 2721/2926/2592 2714/2919/2585 2715/2920/2586
f 2715/2920/2586 2722/2927/2593 2721/2926/2592
f 2722/2927/2593 2715/2920/2586 2645/2850/2516
f 2645/2850/2516 2653/2858/2524 2722/2927/2593
f 2527/2732/2398 2518/2723/2389 2716/2921/2587
f 2716/2921/2587 2723/2928/2594 2527/2732/2398
f 2723/2928/2594 2716/2921/2587 2717/2922/2588
f 2717/2922/2588 2724/2929/2595 2723/2928/2594
f 2724/2929/2595 2717/2922/2588 2718/2923/2589
f 2718/2923/2589 2725/2930/2596 2724/2929/2595
f 2725/2930/2596 2718/2923/2589 2719/2924/2590
f 2719/2924/2590 2726/2931/2597 2725/2930/2596
f 2726/2931/2597 2719/2924/2590 2720/2925/2591
f 2720/2925/2591 2727/2932/2598 2726/2931/2597
f 2727/2932/2598 2720/2925/2591 2721/2926/2592
f 2721/2926/2592 2728/2933/2599 2727/2932/2598
f 2728/2933/2599 2721/2926/2592 2722/2927/2593
f 2722/2927/2593 2729/2934/2600 2728/2933/2599
f 2729/2934/2600 2722/2927/2593 2653/2858/2524
f 2653/2858/2524 2661/2866/2532 2729/2934/2600
f 2536/2741/2407 2527/2732/2398 2723/2928/2594
f 2723/2928/2594 2730/2935/2601 2536/2741/2407
f 2730/2935/2601 2723/2928/2594 2724/2929/2595
f 2724/2929/2595 2731/2936/2602 2730/2935/2601
f 2731/2936/2602 2724/2929/2595 2725/2930/2596
f 2725/2930/2596 2732/2937/2603 2731/2936/2602
f 2732/2937/2603 2725/2930/2596 2726/2931/2597
f 2726/2931/2597 2733/2938/2604 2732/2937/2603
f 2733/2938/2604 2726/2931/2597 2727/2932/2598
f 2727/2932/2598 2734/2939/2605 2733/2938/2604
f 2734/2939/2605 2727/2932/2598 2728/2933/2599
f 2728/2933/2599 2735/2940/2606 2734/2939/2605
f 2735/2940/2606 2728/2933/2599 2729/2934/2600
f 2729/2934/2600 2736/2941/2607 2735/2940/2606
f 2736/2941/2607 2729/2934/2600 2661/2866/2532
f 2661/2866/2532 2669/2874/2540 2736/2941/2607
f 2545/2750/2416 2536/2741/2407 2730/2935/2601
f 2730/2935/2601 2737/2942/2608 2545/2750/2416
f 2737/2942/2608 2730/2935/2601 2731/2936/2602
f 2731/2936/2602 2738/2943/2609 2737/2942/2608
f 2738/2943/2609 2731/2936/2602 2732/2937/2603
f 2732/2937/2603 2739/2944/2610 2738/2943/2609
f 2739/2944/2610 2732/2937/2603 2733/2938/2604
f 2733/2938/2604 2740/2945/2611 2739/2944/2610
f 2740/2945/2611 2733/2938/2604 2734/2939/2605
f 2734/2939/2605 2741/2946/2612 2740/2945/2611
f 2741/2946/2612 2734/2939/2605 2735/2940/2606
f 2735/2940/2606 2742/2947/2613 2741/2946/2612
f 2742/2947/2613 2735/2940/2606 2736/2941/2607
f 2736/2941/2607 2743/2948/2614 2742/2947/2613
f 2743/2948/2614 2736/2941/2607 2669/2874/2540
f 2669/2874/2540 2677/2882/2548 2743/2948/2614
f 2554/2759/2425 2545/2750/2416 2737/2942/2608
f 2737/2942/2608 2744/2949/2615 2554/2759/2425
f 2744/2949/2615 2737/2942/2608 2738/2943/2609
f 2738/2943/2609 2745/2950/2616 2744/2949/2615
f 2745/2950/2616 2738/2943/2609 2739/2944/2610
f 2739/2944/2610 2746/2951/2617 2745/2950/2616
f 2746/2951/2617 2739/2944/2610 2740/2945/2611
f 2740/2945/2611 2747/2952/2618 2746/2951/2617
f 2747/2952/2618 2740/2945/2611 2741/2946/2612
f 2741/2946/2612 2748/2953/2619 2747/2952/2618
f 2748/2953/2619 2741/2946/2612 2742/2947/2613
f 2742/2947/2613 2749/2954/2620 2748/2953/2619
f 2749/2954/2620 2742/2947/2613 2743/2948/2614
f 2743/2948/2614 2750/2955/2621 2749/2954/2620
f 2750/2955/2621 2743/2948/2614 2677/2882/2548
f 2677/2882/2548 2685/2890/2556 2750/2955/2621
f 2563/2768/2434 2554/2759/2425 2744/2949/2615
f 2744/2949/2615 2751/2956/2622 2563/2768/2434
f 2751/2956/2622 2744/2949/2615 2745/2950/2616
f 2745/2950/2616 2752/2957/2623 2751/2956/2622
f 2752/2957/2623 2745/2950/2616 2746/2951/2617
f 2746/2951/2617 2753/2958/2624 2752/2957/2623
f 2753/2958/2624 2746/2951/2617 2747/2952/2618
f 2747/2952/2618 2754/2959/2625 2753/2958/2624
f 2754/2959/2625 2747/2952/2618 2748/2953/2619
f 2748/2953/2619 2755/2960/2626 2754/2959/2625
f 2755/2960/2626 2748/2953/2619 2749/2954/2620
f 2749/2954/2620 2756/2961/2627 2755/2960/2626
f 2756/2961/2627 2749/2954/2620 2750/2955/2621
f 2750/2955/2621 2757/2962/2628 2756/2961/2627
f 2757/2962/2628 2750/2955/2621 2685/2890/2556
f 2685/2890/2556 2693/2898/2564 2757/2962/2628
f 2572/2777/2443 2563/2768/2434 2751/2956/2622
f 2751/2956/2622 2758/2963/2629 2572/2777/2443
f 2758/2963/2629 2751/2956/2622 2752/2957/2623
f 2752/2957/2623 2759/2964/2630 2758/2963/2629
f 2759/2964/2630 2752/2957/2623 2753/2958/2624
f 2753/2958/2624 2760/2965/2631 2759/2964/2630
f 2760/2965/2631 2753/2958/2624 2754/2959/2625
f 2754/2959/2625 2761/2966/2632 2760/2965/2631
f 2761/2966/2632 2754/2959/2625 2755/2960/2626
f 2755/2960/2626 2762/2967/2633 2761/2966/2632
f 2762/2967/2633 2755/2960/2626 2756/2961/2627
f 2756/2961/2627 2763/2968/2634 2762/2967/2633
f 2763/2968/2634 2756/2961/2627 2757/2962/2628
f 2757/2962/2628 2764/2969/2635 2763/2968/2634
f 2764/2969/2635 2757/2962/2628 2693/2898/2564
f 2693/2898/2564 2701/2906/2572 2764/2969/2635
f 2573/2970/2444 2572/2971/2443 2765/2972/2636
f 2765/2972/2636 2766/2973/2637 2573/2970/2444
f 2574/2974/2445 2573/2970/2444 2766/2973/2637
f 2766/2973/2637 2767/2975/2638 2574/2974/2445
f 2575/2976/2446 2574/2974/2445 2767/2975/2638
f 2767/2975/2638 2768/2977/2639 2575/2976/2446
f 2576/2978/2447 2575/2976/2446 2768/2977/2639
f 2768/2977/2639 2769/2979/2640 2576/2978/2447
f 2577/2980/2448 2576/2978/2447 2769/2979/2640
f 2769/2979/2640 2770/2981/2641 2577/2980/2448
f 2578/2982/2449 2577/2980/2448 2770/2981/2641
f 2770/2981/2641 2771/2983/2642 2578/2982/2449
f 2579/2984/2450 2578/2982/2449 2771/2983/2642
f 2771/2983/2642 2772/2985/2643 2579/2984/2450
f 2580/2986/2451 2579/2984/2450 2772/2985/2643
f 2772/2985/2643 2773/2987/2644 2580/2986/2451
f 2766/2973/2637 2765/2972/2636 2774/2988/2645
f 2774/2988/2645 2775/2989/2646 2766/2973/2637
f 2767/2975/2638 2766/2973/2637 2775/2989/2646
f 2775/2989/2646 2776/2990/2647 2767/2975/2638
f 2768/2977/2639 2767/2975/2638 2776/2990/2647
f 2776/2990/2647 2777/2991/2648 2768/2977/2639
f 2769/2979/2640 2768/2977/2639 2777/2991/2648
f 2777/2991/2648 2778/2992/2649 2769/2979/2640
f 2770/2981/2641 2769/2979/2640 2778/2992/2649
f 2778/2992/2649 2779/2993/2650 2770/2981/2641
f 2771/2983/2642 2770/2981/2641 2779/2993/2650
f 2779/2993/2650 2780/2994/2651 2771/2983/2642
f 2772/2985/2643 2771/2983/2642 2780/2994/2651
f 2780/2994/2651 2781/2995/2652 2772/2985/2643
f 2773/2987/2644 2772/2985/2643 2781/2995/2652
f 2781/2995/2652 2782/2996/2653 2773/2987/2644
f 2775/2989/2646 2774/2988/2645 2783/2997/2654
f 2783/2997/2654 2784/2998/2655 2775/2989/2646
f 2776/2990/2647 2775/2989/2646 2784/2998/2655
f 2784/2998/2655 2785/2999/2656 2776/2990/2647
f 2777/2991/2648 2776/2990/2647 2785/2999/2656
f 2785/2999/2656 2786/3000/2657 2777/2991/2648
f 2778/2992/2649 2777/2991/2648 2786/3000/2657
f 2786/3000/2657 2787/3001/2658 2778/2992/2649
f 2779/2993/2650 2778/2992/2649 2787/3001/2658
f 2787/3001/2658 2788/3002/2659 2779/2993/2650
f 2780/2994/2651 2779/2993/2650 2788/3002/2659
f 2788/3002/2659 2789/3003/2660 2780/2994/2651
f 2781/2995/2652 2780/2994/2651 2789/3003/2660
f 2789/3003/2660 2790/3004/2661 2781/2995/2652
f 2782/2996/2653 2781/2995/2652 2790/3004/2661
f 2790/3004/2661 2791/3005/2662 2782/2996/2653
f 2784/2998/2655 2783/2997/2654 2792/3006/2663
f 2792/3006/2663 2793/3007/2664 2784/2998/2655
f 2785/2999/2656 2784/2998/2655 2793/3007/2664
f 2793/3007/2664 2794/3008/2665 2785/2999/2656
f 2786/3000/2657 2785/2999/2656 2794/3008/2665
f 2794/3008/2665 2795/3009/2666 2786/3000/2657
f 2787/3001/2658 2786/3000/2657 2795/3009/2666
f 2795/3009/2666 2796/3010/2667 2787/3001/2658
f 2788/3002/2659 2787/3001/2658 2796/3010/2667
f 2796/3010/2667 2797/3011/2668 2788/3002/2659
f 2789/3003/2660 2788/3002/2659 2797/3011/2668
f 2797/3011/2668 2798/3012/2669 2789/3003/2660
f 2790/3004/2661 2789/3003/2660 2798/3012/2669
f 2798/3012/2669 2799/3013/2670 2790/3004/2661
f 2791/3005/2662 2790/3004/2661 2799/3013/2670
f 2799/3013/2670 2800/3014/2671 2791/3005/2662
f 2793/3007/2664 2792/3006/2663 2801/3015/2672
f 2801/3015/2672 2802/3016/2673 2793/3007/2664
f 2794/3008/2665 2793/3007/2664 2802/3016/2673
f 2802/3016/2673 2803/3017/2674 2794/3008/2665
f 2795/3009/2666 2794/3008/2665 2803/3017/2674
f 2803/3017/2674 2804/3018/2675 2795/3009/2666
f 2796/3010/2667 2795/3009/2666 2804/3018/2675
f 2804/3018/2675 2805/3019/2676 2796/3010/2667
f 2797/3011/2668 2796/3010/2667 2805/3019/2676
f 2805/3019/2676 2806/3020/2677 2797/3011/2668
f 2798/3012/2669 2797/3011/2668 2806/3020/2677
f 2806/3020/2677 2807/3021/2678 2798/3012/2669
f 2799/3013/2670 2798/3012/2669 2807/3021/2678
f 2807/3021/2678 2808/3022/2679 2799/3013/2670
f 2800/3014/2671 2799/3013/2670 2808/3022/2679
f 2808/3022/2679 2809/3023/2680 2800/3014/2671
f 2802/3016/2673 2801/3015/2672 2810/3024/2681
f 2810/3024/2681 2811/3025/2682 2802/3016/2673
f 2803/3017/2674 2802/3016/2673 2811/3025/2682
f 2811/3025/2682 2812/3026/2683 2803/3017/2674
f 2804/3018/2675 2803/3017/2674 2812/3026/2683
f 2812/3026/2683 2813/3027/2684 2804/3018/2675
f 2805/3019/2676 2804/3018/2675 2813/3027/2684
f 2813/3027/2684 2814/3028/2685 2805/3019/2676
f 2806/3020/2677 2805/3019/2676 2814/3028/2685
f 2814/3028/2685 2815/3029/2686 2806/3020/2677
f 2807/3021/2678 2806/3020/2677 2815/3029/2686
f 2815/3029/2686 2816/3030/2687 2807/3021/2678
f 2808/3022/2679 2807/3021/2678 2816/3030/2687
f 2816/3030/2687 2817/3031/2688 2808/3022/2679
f 2809/3023/2680 2808/3022/2679 2817/3031/2688
f 2817/3031/2688 2818/3032/2689 2809/3023/2680
f 2811/3025/2682 2810/3024/2681 2819/3033/2690
f 2819/3033/2690 2820/3034/2691 2811/3025/2682
f 2812/3026/2683 2811/3025/2682 2820/3034/2691
f 2820/3034/2691 2821/3035/2692 2812/3026/2683
f 2813/3027/2684 2812/3026/2683 2821/3035/2692
f 2821/3035/2692 2822/3036/2693 2813/3027/2684
f 2814/3028/2685 2813/3027/2684 2822/3036/2693
f 2822/3036/2693 2823/3037/2694 2814/3028/2685
f 2815/3029/2686 2814/3028/2685 2823/3037/2694
f 2823/3037/2694 2824/3038/2695 2815/3029/2686
f 2816/3030/2687 2815/3029/2686 2824/3038/2695
f 2824/3038/2695 2825/3039/2696 2816/3030/2687
f 2817/3031/2688 2816/3030/2687 2825/3039/2696
f 2825/3039/2696 2826/3040/2697 2817/3031/2688
f 2818/3032/2689 2817/3031/2688 2826/3040/2697
f 2826/3040/2697 2827/3041/2698 2818/3032/2689
f 2820/3034/2691 2819/3033/2690 2828/3042/2699
f 2828/3042/2699 2829/3043/2700 2820/3034/2691
f 2821/3035/2692 2820/3034/2691 2829/3043/2700
f 2829/3043/2700 2830/3044/2701 2821/3035/2692
f 2822/3036/2693 2821/3035/2692 2830/3044/2701
f 2830/3044/2701 2831/3045/2702 2822/3036/2693
f 2823/3037/2694 2822/3036/2693 2831/3045/2702
f 2831/3045/2702 2832/3046/2703 2823/3037/2694
f 2824/3038/2695 2823/3037/2694 2832/3046/2703
f 2832/3046/2703 2833/3047/2704 2824/3038/2695
f 2825/3039/2696 2824/3038/2695 2833/3047/2704
f 2833/3047/2704 2834/3048/2705 2825/3039/2696
f 2826/3040/2697 2825/3039/2696 2834/3048/2705
f 2834/3048/2705 2835/3049/2706 2826/3040/2697
f 2827/3041/2698 2826/3040/2697 2835/3049/2706
f 2835/3049/2706 2836/3050/2707 2827/3041/2698
f 2637/3051/2508 2580/2986/2451 2773/2987/2644
f 2773/2987/2644 2837/3052/2708 2637/3051/2508
f 2638/3053/2509 2637/3051/2508 2837/3052/2708
f 2837/3052/2708 2838/3054/2709 2638/3053/2509
f 2639/3055/2510 2638/3053/2509 2838/3054/2709
f 2838/3054/2709 2839/3056/2710 2639/3055/2510
f 2640/3057/2511 2639/3055/2510 2839/3056/2710
f 2839/3056/2710 2840/3058/2711 2640/3057/2511
f 2641/3059/2512 2640/3057/2511 2840/3058/2711
f 2840/3058/2711 2841/3060/2712 2641/3059/2512
f 2642/3061/2513 2641/3059/2512 2841/3060/2712
f 2841/3060/2712 2842/3062/2713 2642/3061/2513
f 2643/3063/2514 2642/3061/2513 2842/3062/2713
f 2842/3062/2713 2843/3064/2714 2643/3063/2514
f 2644/3065/2515 2643/3063/2514 2843/3064/2714
f 2843/3064/2714 2844/3066/2715 2644/3065/2515
f 2837/3052/2708 2773/2987/2644 2782/2996/2653
f 2782/2996/2653 2845/3067/2716 2837/3052/2708
f 2838/3054/2709 2837/3052/2708 2845/3067/2716
f 2845/3067/2716 2846/3068/2717 2838/3054/2709
f 2839/3056/2710 2838/3054/2709 2846/3068/2717
f 2846/3068/2717 2847/3069/2718 2839/3056/2710
f 2840/3058/2711 2839/3056/2710 2847/3069/2718
f 2847/3069/2718 2848/3070/2719 2840/3058/2711
f 2841/3060/2712 2840/3058/2711 2848/3070/2719
f 2848/3070/2719 2849/3071/2720 2841/3060/2712
f 2842/3062/2713 2841/3060/2712 2849/3071/2720
f 2849/3071/2720 2850/3072/2721 2842/3062/2713
f 2843/3064/2714 2842/3062/2713 2850/3072/2721
f 2850/3072/2721 2851/3073/2722 2843/3064/2714
f 2844/3066/2715 2843/3064/2714 2851/3073/2722
f 2851/3073/2722 2852/3074/2723 2844/3066/2715
f 2845/3067/2716 2782/2996/2653 2791/3005/2662
f 2791/3005/2662 2853/3075/2724 2845/3067/2716
f 2846/3068/2717 2845/3067/2716 2853/3075/2724
f 2853/3075/2724 2854/3076/2725 2846/3068/2717
f 2847/3069/2718 2846/3068/2717 2854/3076/2725
f 2854/3076/2725 2855/3077/2726 2847/3069/2718
f 2848/3070/2719 2847/3069/2718 2855/3077/2726
f 2855/3077/2726 2856/3078/2727 2848/3070/2719
f 2849/3071/2720 2848/3070/2719 2856/3078/2727
f 2856/3078/2727 2857/3079/2728 2849/3071/2720
f 2850/3072/2721 2849/3071/2720 2857/3079/2728
f 2857/3079/2728 2858/3080/2729 2850/3072/2721
f 2851/3073/2722 2850/3072/2721 2858/3080/2729
f 2858/3080/2729 2859/3081/2730 2851/3073/2722
f 2852/3074/2723 2851/3073/2722 2859/3081/2730
f 2859/3081/2730 2860/3082/2731 2852/3074/2723
f 2853/3075/2724 2791/3005/2662 2800/3014/2671
f 2800/3014/2671 2861/3083/2732 2853/3075/2724
f 2854/3076/2725 2853/3075/2724 2861/3083/2732
f 2861/3083/2732 2862/3084/2733 2854/3076/2725
f 2855/3077/2726 2854/3076/2725 2862/3084/2733
f 2862/3084/2733 2863/3085/2734 2855/3077/2726
f 2856/3078/2727 2855/3077/2726 2863/3085/2734
f 2863/3085/2734 2864/3086/2735 2856/3078/2727
f 2857/3079/2728 2856/3078/2727 2864/3086/2735
f 2864/3086/2735 2865/3087/2736 2857/3079/2728
f 2858/3080/2729 2857/3079/2728 2865/3087/2736
f 2865/3087/2736 2866/3088/2737 2858/3080/2729
f 2859/3081/2730 2858/3080/2729 2866/3088/2737
f 2866/3088/2737 2867/3089/2738 2859/3081/2730
f 2860/3082/2731 2859/3081/2730 2867/3089/2738
f 2867/3089/2738 2868/3090/2739 2860/3082/2731
f 2861/3083/2732 2800/3014/2671 2809/3023/2680
f 2809/3023/2680 2869/3091/2740 2861/3083/2732
f 2862/3084/2733 2861/3083/2732 2869/3091/2740
f 2869/3091/2740 2870/3092/2741 2862/3084/2733
f 2863/3085/2734 2862/3084/2733 2870/3092/2741
f 2870/3092/2741 2871/3093/2742 2863/3085/2734
f 2864/3086/2735 2863/3085/2734 2871/3093/2742
f 2871/3093/2742 2872/3094/2743 2864/3086/2735
f 2865/3087/2736 2864/3086/2735 2872/3094/2743
f 2872/3094/2743 2873/3095/2744 2865/3087/2736
f 2866/3088/2737 2865/3087/2736 2873/3095/2744
f 2873/3095/2744 2874/3096/2745 2866/3088/2737
f 2867/3089/2738 2866/3088/2737 2874/3096/2745
f 2874/3096/2745 2875/3097/2746 2867/3089/2738
f 2868/3090/2739 2867/3089/2738 2875/3097/2746
f 2875/3097/2746 2876/3098/2747 2868/3090/2739
f 2869/3091/2740 2809/3023/2680 2818/3032/2689
f 2818/3032/2689 2877/3099/2748 2869/3091/2740
f 2870/3092/2741 2869/3091/2740 2877/3099/2748
f 2877/3099/2748 2878/3100/2749 2870/3092/2741
f 2871/3093/2742 2870/3092/2741 2878/3100/2749
f 2878/3100/2749 2879/3101/2750 2871/3093/2742
f 2872/3094/2743 2871/3093/2742 2879/3101/2750
f 2879/3101/2750 2880/3102/2751 2872/3094/2743
f 2873/3095/2744 2872/3094/2743 2880/3102/2751
f 2880/3102/2751 2881/3103/2752 2873/3095/2744
f 2874/3096/2745 2873/3095/2744 2881/3103/2752
f 2881/3103/2752 2882/3104/2753 2874/3096/2745
f 2875/3097/2746 2874/3096/2745 2882/3104/2753
f 2882/3104/2753 2883/3105/2754 2875/3097/2746
f 2877/3099/2748 2818/3032/2689 2827/3041/2698
f 2827/3041/2698 2884/3106/2755 2877/3099/2748
f 2878/3100/2749 2877/3099/2748 2884/3106/2755
f 2884/3106/2755 2885/3107/2756 2878/3100/2749
f 2879/3101/2750 2878/3100/2749 2885/3107/2756
f 2885/3107/2756 2886/3108/2757 2879/3101/2750
f 2880/3102/2751 2879/3101/2750 2886/3108/2757
f 2886/3108/2757 2887/3109/2758 2880/3102/2751
f 2881/3103/2752 2880/3102/2751 2887/3109/2758
f 2887/3109/2758 2888/3110/2759 2881/3103/2752
f 2882/3104/2753 2881/3103/2752 2888/3110/2759
f 2888/3110/2759 2889/3111/2760 2882/3104/2753
f 2883/3105/2754 2882/3104/2753 2889/3111/2760
f 2889/3111/2760 2890/3112/2761 2883/3105/2754
f 2884/3106/2755 2827/3041/2698 2836/3050/2707
f 2836/3050/2707 2891/3113/2762 2884/3106/2755
f 2885/3107/2756 2884/3106/2755 2891/3113/2762
f 2891/3113/2762 2892/3114/2763 2885/3107/2756
f 2886/3108/2757 2885/3107/2756 2892/3114/2763
f 2892/3114/2763 2893/3115/2764 2886/3108/2757
f 2887/3109/2758 2886/3108/2757 2893/3115/2764
f 2893/3115/2764 2894/3116/2765 2887/3109/2758
f 2888/3110/2759 2887/3109/2758 2894/3116/2765
f 2894/3116/2765 2895/3117/2766 2888/3110/2759
f 2889/3111/2760 2888/3110/2759 2895/3117/2766
f 2895/3117/2766 2896/3118/2767 2889/3111/2760
f 2890/3112/2761 2889/3111/2760 2896/3118/2767
f 2896/3118/2767 2897/3119/2768 2890/3112/2761
f 2388/3120/2258 2898/3121/2769 2385/3122/2259
f 2388/3120/2258 2897/3119/2768 2898/3121/2769
f 2391/3123/2262 2897/3119/2768 2388/3120/2258
f 2391/3123/2262 2394/3124/2265 2897/3119/2768
f 2394/3124/2265 2397/3125/2268 2890/3112/2761
f 2394/3124/2265 2890/3112/2761 2897/3119/2768
f 2397/3125/2268 2400/3126/2271 2890/3112/2761
f 2403/3127/2274 2890/3112/2761 2400/3126/2271
f 2403/3127/2274 2883/3105/2754 2890/3112/2761
f 2406/3128/2277 2883/3105/2754 2403/3127/2274
f 2406/3128/2277 2409/3129/2280 2883/3105/2754
f 2412/3130/2283 2883/3105/2754 2409/3129/2280
f 2412/3130/2283 2875/3097/2746 2883/3105/2754
f 2412/3130/2283 2876/3098/2747 2875/3097/2746
f 2415/3131/2286 2876/3098/2747 2412/3130/2283
f 2899/3132/2770 2701/3133/2572 2702/3134/2573
f 2702/3134/2573 2900/3135/2771 2899/3132/2770
f 2900/3135/2771 2702/3134/2573 2703/3136/2574
f 2703/3136/2574 2901/3137/2772 2900/3135/2771
f 2901/3137/2772 2703/3136/2574 2704/3138/2575
f 2704/3138/2575 2902/3139/2773 2901/3137/2772
f 2902/3139/2773 2704/3138/2575 2705/3140/2576
f 2705/3140/2576 2903/3141/2774 2902/3139/2773
f 2903/3141/2774 2705/3140/2576 2706/3142/2577
f 2706/3142/2577 2904/3143/2775 2903/3141/2774
f 2904/3143/2775 2706/3142/2577 2707/3144/2578
f 2707/3144/2578 2905/3145/2776 2904/3143/2775
f 2905/3145/2776 2707/3144/2578 2708/3146/2579
f 2708/3146/2579 2906/3147/2777 2905/3145/2776
f 2906/3147/2777 2708/3146/2579 2644/3065/2515
f 2644/3065/2515 2844/3066/2715 2906/3147/2777
f 2907/3148/2778 2899/3132/2770 2900/3135/2771
f 2900/3135/2771 2908/3149/2779 2907/3148/2778
f 2908/3149/2779 2900/3135/2771 2901/3137/2772
f 2901/3137/2772 2909/3150/2780 2908/3149/2779
f 2909/3150/2780 2901/3137/2772 2902/3139/2773
f 2902/3139/2773 2910/3151/2781 2909/3150/2780
f 2910/3151/2781 2902/3139/2773 2903/3141/2774
f 2903/3141/2774 2911/3152/2782 2910/3151/2781
f 2911/3152/2782 2903/3141/2774 2904/3143/2775
f 2904/3143/2775 2912/3153/2783 2911/3152/2782
f 2912/3153/2783 2904/3143/2775 2905/3145/2776
f 2905/3145/2776 2913/3154/2784 2912/3153/2783
f 2913/3154/2784 2905/3145/2776 2906/3147/2777
f 2906/3147/2777 2914/3155/2785 2913/3154/2784
f 2914/3155/2785 2906/3147/2777 2844/3066/2715
f 2844/3066/2715 2852/3074/2723 2914/3155/2785
f 2915/3156/2786 2907/3148/2778 2908/3149/2779
f 2908/3149/2779 2916/3157/2787 2915/3156/2786
f 2916/3157/2787 2908/3149/2779 2909/3150/2780
f 2909/3150/2780 2917/3158/2788 2916/3157/2787
f 2917/3158/2788 2909/3150/2780 2910/3151/2781
f 2910/3151/2781 2918/3159/2789 2917/3158/2788
f 2918/3159/2789 2910/3151/2781 2911/3152/2782
f 2911/3152/2782 2919/3160/2790 2918/3159/2789
f 2919/3160/2790 2911/3152/2782 2912/3153/2783
f 2912/3153/2783 2920/3161/2791 2919/3160/2790
f 2920/3161/2791 2912/3153/2783 2913/3154/2784
f 2913/3154/2784 2921/3162/2792 2920/3161/2791
f 2921/3162/2792 2913/3154/2784 2914/3155/2785
f 2914/3155/2785 2922/3163/2793 2921/3162/2792
f 2922/3163/2793 2914/3155/2785 2852/3074/2723
f 2852/3074/2723 2860/3082/2731 2922/3163/2793
f 2923/3164/2794 2915/3156/2786 2916/3157/2787
f 2916/3157/2787 2924/3165/2795 2923/3164/2794
f 2924/3165/2795 2916/3157/2787 2917/3158/2788
f 2917/3158/2788 2925/3166/2796 2924/3165/2795
f 2925/3166/2796 2917/3158/2788 2918/3159/2789
f 2918/3159/2789 2926/3167/2797 2925/3166/2796
f 2926/3167/2797 2918/3159/2789 2919/3160/2790
f 2919/3160/2790 2927/3168/2798 2926/3167/2797
f 2927/3168/2798 2919/3160/2790 2920/3161/2791
f 2920/3161/2791 2928/3169/2799 2927/3168/2798
f 2928/3169/2799 2920/3161/2791 2921/3162/2792
f 2921/3162/2792 2929/3170/2800 2928/3169/2799
f 2929/3170/2800 2921/3162/2792 2922/3163/2793
f 2922/3163/2793 2930/3171/2801 2929/3170/2800
f 2930/3171/2801 2922/3163/2793 2860/3082/2731
f 2860/3082/2731 2868/3090/2739 2930/3171/2801
f 2931/3172/2802 2923/3164/2794 2924/3165/2795
f 2924/3165/2795 2932/3173/2803 2931/3172/2802
f 2932/3173/2803 2924/3165/2795 2925/3166/2796
f 2925/3166/2796 2933/3174/2804 2932/3173/2803
f 2933/3174/2804 2925/3166/2796 2926/3167/2797
f 2926/3167/2797 2934/3175/2805 2933/3174/2804
f 2934/3175/2805 2926/3167/2797 2927/3168/2798
f 2927/3168/2798 2935/3176/2806 2934/3175/2805
f 2935/3176/2806 2927/3168/2798 2928/3169/2799
f 2928/3169/2799 2936/3177/2807 2935/3176/2806
f 2936/3177/2807 2928/3169/2799 2929/3170/2800
f 2929/3170/2800 2937/3178/2808 2936/3177/2807
f 2937/3178/2808 2929/3170/2800 2930/3171/2801
f 2930/3171/2801 2938/3179/2809 2937/3178/2808
f 2938/3179/2809 2930/3171/2801 2868/3090/2739
f 2868/3090/2739 2876/3098/2747 2938/3179/2809
f 2939/3180/2810 2931/3172/2802 2932/3173/2803
f 2932/3173/2803 2940/3181/2811 2939/3180/2810
f 2940/3181/2811 2932/3173/2803 2933/3174/2804
f 2933/3174/2804 2941/3182/2812 2940/3181/2811
f 2941/3182/2812 2933/3174/2804 2934/3175/2805
f 2934/3175/2805 2942/3183/2813 2941/3182/2812
f 2942/3183/2813 2934/3175/2805 2935/3176/2806
f 2935/3176/2806 2943/3184/2814 2942/3183/2813
f 2943/3184/2814 2935/3176/2806 2936/3177/2807
f 2936/3177/2807 2944/3185/2815 2943/3184/2814
f 2944/3185/2815 2936/3177/2807 2937/3178/2808
f 2937/3178/2808 2945/3186/2816 2944/3185/2815
f 2945/3186/2816 2937/3178/2808 2938/3179/2809
f 2938/3179/2809 2946/3187/2817 2945/3186/2816
f 2947/3188/2818 2939/3180/2810 2940/3181/2811
f 2940/3181/2811 2948/3189/2819 2947/3188/2818
f 2948/3189/2819 2940/3181/2811 2941/3182/2812
f 2941/3182/2812 2949/3190/2820 2948/3189/2819
f 2949/3190/2820 2941/3182/2812 2942/3183/2813
f 2942/3183/2813 2950/3191/2821 2949/3190/2820
f 2950/3191/2821 2942/3183/2813 2943/3184/2814
f 2943/3184/2814 2951/3192/2822 2950/3191/2821
f 2951/3192/2822 2943/3184/2814 2944/3185/2815
f 2944/3185/2815 2952/3193/2823 2951/3192/2822
f 2952/3193/2823 2944/3185/2815 2945/3186/2816
f 2945/3186/2816 2953/3194/2824 2952/3193/2823
f 2953/3194/2824 2945/3186/2816 2946/3187/2817
f 2946/3187/2817 2954/3195/2825 2953/3194/2824
f 2955/3196/2826 2947/3188/2818 2948/3189/2819
f 2948/3189/2819 2956/3197/2827 2955/3196/2826
f 2956/3197/2827 2948/3189/2819 2949/3190/2820
f 2949/3190/2820 2957/3198/2828 2956/3197/2827
f 2957/3198/2828 2949/3190/2820 2950/3191/2821
f 2950/3191/2821 2958/3199/2829 2957/3198/2828
f 2958/3199/2829 2950/3191/2821 2951/3192/2822
f 2951/3192/2822 2959/3200/2830 2958/3199/2829
f 2959/3200/2830 2951/3192/2822 2952/3193/2823
f 2952/3193/2823 2960/3201/2831 2959/3200/2830
f 2960/3201/2831 2952/3193/2823 2953/3194/2824
f 2953/3194/2824 2961/3202/2832 2960/3201/2831
f 2961/3202/2832 2953/3194/2824 2954/3195/2825
f 2954/3195/2825 2962/3203/2833 2961/3202/2832
f 2898/3121/2769 2483/3204/2355 2385/3122/2259
f 2962/3203/2833 2483/3204/2355 2898/3121/2769
f 2962/3203/2833 2486/3205/2358 2483/3204/2355
f 2489/3206/2361 2486/3205/2358 2962/3203/2833
f 2492/3207/2364 2489/3206/2361 2954/3195/2825
f 2954/3195/2825 2489/3206/2361 2962/3203/2833
f 2495/3208/2367 2492/3207/2364 2954/3195/2825
f 2954/3195/2825 2498/3209/2370 2495/3208/2367
f 2946/3187/2817 2498/3209/2370 2954/3195/2825
f 2946/3187/2817 2501/3210/2373 2498/3209/2370
f 2504/3211/2376 2501/3210/2373 2946/3187/2817
f 2946/3187/2817 2507/3212/2379 2504/3211/2376
f 2938/3179/2809 2507/3212/2379 2946/3187/2817
f 2876/3098/2747 2507/3212/2379 2938/3179/2809
f 2876/3098/2747 2415/3131/2286 2507/3212/2379
f 2765/3213/2636 2572/3214/2443 2758/3215/2629
f 2758/3215/2629 2963/3216/2834 2765/3213/2636
f 2963/3216/2834 2758/3215/2629 2759/3217/2630
f 2759/3217/2630 2964/3218/2835 2963/3216/2834
f 2964/3218/2835 2759/3217/2630 2760/3219/2631
f 2760/3219/2631 2965/3220/2836 2964/3218/2835
f 2965/3220/2836 2760/3219/2631 2761/3221/2632
f 2761/3221/2632 2966/3222/2837 2965/3220/2836
f 2966/3222/2837 2761/3221/2632 2762/3223/2633
f 2762/3223/2633 2967/3224/2838 2966/3222/2837
f 2967/3224/2838 2762/3223/2633 2763/3225/2634
f 2763/3225/2634 2968/3226/2839 2967/3224/2838
f 2968/3226/2839 2763/3225/2634 2764/3227/2635
f 2764/3227/2635 2969/3228/2840 2968/3226/2839
f 2969/3228/2840 2764/3227/2635 2701/3133/2572
f 2701/3133/2572 2899/3132/2770 2969/3228/2840
f 2774/3229/2645 2765/3213/2636 2963/3216/2834
f 2963/3216/2834 2970/3230/2841 2774/3229/2645
f 2970/3230/2841 2963/3216/2834 2964/3218/2835
f 2964/3218/2835 2971/3231/2842 2970/3230/2841
f 2971/3231/2842 2964/3218/2835 2965/3220/2836
f 2965/3220/2836 2972/3232/2843 2971/3231/2842
f 2972/3232/2843 2965/3220/2836 2966/3222/2837
f 2966/3222/2837 2973/3233/2844 2972/3232/2843
f 2973/3233/2844 2966/3222/2837 2967/3224/2838
f 2967/3224/2838 2974/3234/2845 2973/3233/2844
f 2974/3234/2845 2967/3224/2838 2968/3226/2839
f 2968/3226/2839 2975/3235/2846 2974/3234/2845
f 2975/3235/2846 2968/3226/2839 2969/3228/2840
f 2969/3228/2840 2976/3236/2847 2975/3235/2846
f 2976/3236/2847 2969/3228/2840 2899/3132/2770
f 2899/3132/2770 2907/3148/2778 2976/3236/2847
f 2783/3237/2654 2774/3229/2645 2970/3230/2841
f 2970/3230/2841 2977/3238/2848 2783/3237/2654
f 2977/3238/2848 2970/3230/2841 2971/3231/2842
f 2971/3231/2842 2978/3239/2849 2977/3238/2848
f 2978/3239/2849 2971/3231/2842 2972/3232/2843
f 2972/3232/2843 2979/3240/2850 2978/3239/2849
f 2979/3240/2850 2972/3232/2843 2973/3233/2844
f 2973/3233/2844 2980/3241/2851 2979/3240/2850
f 2980/3241/2851 2973/3233/2844 2974/3234/2845
f 2974/3234/2845 2981/3242/2852 2980/3241/2851
f 2981/3242/2852 2974/3234/2845 2975/3235/2846
f 2975/3235/2846 2982/3243/2853 2981/3242/2852
f 2982/3243/2853 2975/3235/2846 2976/3236/2847
f 2976/3236/2847 2983/3244/2854 2982/3243/2853
f 2983/3244/2854 2976/3236/2847 2907/3148/2778
f 2907/3148/2778 2915/3156/2786 2983/3244/2854
f 2792/3245/2663 2783/3237/2654 2977/3238/2848
f 2977/3238/2848 2984/3246/2855 2792/3245/2663
f 2984/3246/2855 2977/3238/2848 2978/3239/2849
f 2978/3239/2849 2985/3247/2856 2984/3246/2855
f 2985/3247/2856 2978/3239/2849 2979/3240/2850
f 2979/3240/2850 2986/3248/2857 2985/3247/2856
f 2986/3248/2857 2979/3240/2850 2980/3241/2851
f 2980/3241/2851 2987/3249/2858 2986/3248/2857
f 2987/3249/2858 2980/3241/2851 2981/3242/2852
f 2981/3242/2852 2988/3250/2859 2987/3249/2858
f 2988/3250/2859 2981/3242/2852 2982/3243/2853
f 2982/3243/2853 2989/3251/2860 2988/3250/2859
f 2989/3251/2860 2982/3243/2853 2983/3244/2854
f 2983/3244/2854 2990/3252/2861 2989/3251/2860
f 2990/3252/2861 2983/3244/2854 2915/3156/2786
f 2915/3156/2786 2923/3164/2794 2990/3252/2861
f 2801/3253/2672 2792/3245/2663 2984/3246/2855
f 2984/3246/2855 2991/3254/2862 2801/3253/2672
f 2991/3254/2862 2984/3246/2855 2985/3247/2856
f 2985/3247/2856 2992/3255/2863 2991/3254/2862
f 2992/3255/2863 2985/3247/2856 2986/3248/2857
f 2986/3248/2857 2993/3256/2864 2992/3255/2863
f 2993/3256/2864 2986/3248/2857 2987/3249/2858
f 2987/3249/2858 2994/3257/2865 2993/3256/2864
f 2994/3257/2865 2987/3249/2858 2988/3250/2859
f 2988/3250/2859 2995/3258/2866 2994/3257/2865
f 2995/3258/2866 2988/3250/2859 2989/3251/2860
f 2989/3251/2860 2996/3259/2867 2995/3258/2866
f 2996/3259/2867 2989/3251/2860 2990/3252/2861
f 2990/3252/2861 2997/3260/2868 2996/3259/2867
f 2997/3260/2868 2990/3252/2861 2923/3164/2794
f 2923/3164/2794 2931/3172/2802 2997/3260/2868
f 2810/3261/2681 2801/3253/2672 2991/3254/2862
f 2991/3254/2862 2998/3262/2869 2810/3261/2681
f 2998/3262/2869 2991/3254/2862 2992/3255/2863
f 2992/3255/2863 2999/3263/2870 2998/3262/2869
f 2999/3263/2870 2992/3255/2863 2993/3256/2864
f 2993/3256/2864 3000/3264/2871 2999/3263/2870
f 3000/3264/2871 2993/3256/2864 2994/3257/2865
f 2994/3257/2865 3001/3265/2872 3000/3264/2871
f 3001/3265/2872 2994/3257/2865 2995/3258/2866
f 2995/3258/2866 3002/3266/2873 3001/3265/2872
f 3002/3266/2873 2995/3258/2866 2996/3259/2867
f 2996/3259/2867 3003/3267/2874 3002/3266/2873
f 3003/3267/2874 2996/3259/2867 2997/3260/2868
f 2997/3260/2868 3004/3268/2875 3003/3267/2874
f 3004/3268/2875 2997/3260/2868 2931/3172/2802
f 2931/3172/2802 2939/3180/2810 3004/3268/2875
f 2819/3269/2690 2810/3261/2681 2998/3262/2869
f 2998/3262/2869 3005/3270/2876 2819/3269/2690
f 3005/3270/2876 2998/3262/2869 2999/3263/2870
f 2999/3263/2870 3006/3271/2877 3005/3270/2876
f 3006/3271/2877 2999/3263/2870 3000/3264/2871
f 3000/3264/2871 3007/3272/2878 3006/3271/2877
f 3007/3272/2878 3000/3264/2871 3001/3265/2872
f 3001/3265/2872 3008/3273/2879 3007/3272/2878
f 3008/3273/2879 3001/3265/2872 3002/3266/2873
f 3002/3266/2873 3009/3274/2880 3008/3273/2879
f 3009/3274/2880 3002/3266/2873 3003/3267/2874
f 3003/3267/2874 3010/3275/2881 3009/3274/2880
f 3010/3275/2881 3003/3267/2874 3004/3268/2875
f 3004/3268/2875 3011/3276/2882 3010/3275/2881
f 3011/3276/2882 3004/3268/2875 2939/3180/2810
f 2939/3180/2810 2947/3188/2818 3011/3276/2882
f 2828/3277/2699 2819/3269/2690 3005/3270/2876
f 3005/3270/2876 3012/3278/2883 2828/3277/2699
f 3012/3278/2883 3005/3270/2876 3006/3271/2877
f 3006/3271/2877 3013/3279/2884 3012/3278/2883
f 3013/3279/2884 3006/3271/2877 3007/3272/2878
f 3007/3272/2878 3014/3280/2885 3013/3279/2884
f 3014/3280/2885 3007/3272/2878 3008/3273/2879
f 3008/3273/2879 3015/3281/2886 3014/3280/2885
f 3015/3281/2886 3008/3273/2879 3009/3274/2880
f 3009/3274/2880 3016/3282/2887 3015/3281/2886
f 3016/3282/2887 3009/3274/2880 3010/3275/2881
f 3010/3275/2881 3017/3283/2888 3016/3282/2887
f 3017/3283/2888 3010/3275/2881 3011/3276/2882
f 3011/3276/2882 3018/3284/2889 3017/3283/2888
f 3018/3284/2889 3011/3276/2882 2947/3188/2818
f 2947/3188/2818 2955/3196/2826 3018/3284/2889
f 2829/3043/2700 2828/3042/2699 3019/3285/2890
f 3019/3285/2890 3020/3286/2891 2829/3043/2700
f 2830/3044/2701 2829/3043/2700 3020/3286/2891
f 3020/3286/2891 3021/3287/2892 2830/3044/2701
f 2831/3045/2702 2830/3044/2701 3021/3287/2892
f 3021/3287/2892 3022/3288/2893 2831/3045/2702
f 2832/3046/2703 2831/3045/2702 3022/3288/2893
f 3022/3288/2893 3023/3289/2894 2832/3046/2703
f 2833/3047/2704 2832/3046/2703 3023/3289/2894
f 3023/3289/2894 3024/3290/2895 2833/3047/2704
f 2834/3048/2705 2833/3047/2704 3024/3290/2895
f 3024/3290/2895 3025/3291/2896 2834/3048/2705
f 2835/3049/2706 2834/3048/2705 3025/3291/2896
f 3025/3291/2896 3026/3292/2897 2835/3049/2706
f 2836/3050/2707 2835/3049/2706 3026/3292/2897
f 3026/3292/2897 3027/3293/2898 2836/3050/2707
f 3020/3286/2891 3019/3285/2890 3028/3294/2899
f 3028/3294/2899 3029/3295/2900 3020/3286/2891
f 3021/3287/2892 3020/3286/2891 3029/3295/2900
f 3029/3295/2900 3030/3296/2901 3021/3287/2892
f 3022/3288/2893 3021/3287/2892 3030/3296/2901
f 3030/3296/2901 3031/3297/2902 3022/3288/2893
f 3023/3289/2894 3022/3288/2893 3031/3297/2902
f 3031/3297/2902 3032/3298/2903 3023/3289/2894
f 3024/3290/2895 3023/3289/2894 3032/3298/2903
f 3032/3298/2903 3033/3299/2904 3024/3290/2895
f 3025/3291/2896 3024/3290/2895 3033/3299/2904
f 3033/3299/2904 3034/3300/2905 3025/3291/2896
f 3026/3292/2897 3025/3291/2896 3034/3300/2905
f 3034/3300/2905 3035/3301/2906 3026/3292/2897
f 3027/3293/2898 3026/3292/2897 3035/3301/2906
f 3035/3301/2906 3036/3302/2907 3027/3293/2898
f 3029/3295/2900 3028/3294/2899 3037/3303/2908
f 3037/3303/2908 3038/3304/2909 3029/3295/2900
f 3030/3296/2901 3029/3295/2900 3038/3304/2909
f 3038/3304/2909 3039/3305/2910 3030/3296/2901
f 3031/3297/2902 3030/3296/2901 3039/3305/2910
f 3039/3305/2910 3040/3306/2911 3031/3297/2902
f 3032/3298/2903 3031/3297/2902 3040/3306/2911
f 3040/3306/2911 3041/3307/2912 3032/3298/2903
f 3033/3299/2904 3032/3298/2903 3041/3307/2912
f 3041/3307/2912 3042/3308/2913 3033/3299/2904
f 3034/3300/2905 3033/3299/2904 3042/3308/2913
f 3042/3308/2913 3043/3309/2914 3034/3300/2905
f 3035/3301/2906 3034/3300/2905 3043/3309/2914
f 3043/3309/2914 3044/3310/2915 3035/3301/2906
f 3036/3302/2907 3035/3301/2906 3044/3310/2915
f 3044/3310/2915 3045/3311/2916 3036/3302/2907
f 3038/3304/2909 3037/3303/2908 3046/3312/2917
f 3046/3312/2917 3047/3313/2918 3038/3304/2909
f 3039/3305/2910 3038/3304/2909 3047/3313/2918
f 3047/3313/2918 3048/3314/2919 3039/3305/2910
f 3040/3306/2911 3039/3305/2910 3048/3314/2919
f 3048/3314/2919 3049/3315/2920 3040/3306/2911
f 3041/3307/2912 3040/3306/2911 3049/3315/2920
f 3049/3315/2920 3050/3316/2921 3041/3307/2912
f 3042/3308/2913 3041/3307/2912 3050/3316/2921
f 3050/3316/2921 3051/3317/2922 3042/3308/2913
f 3043/3309/2914 3042/3308/2913 3051/3317/2922
f 3051/3317/2922 3052/3318/2923 3043/3309/2914
f 3044/3310/2915 3043/3309/2914 3052/3318/2923
f 3052/3318/2923 3053/3319/2924 3044/3310/2915
f 3045/3311/2916 3044/3310/2915 3053/3319/2924
f 3053/3319/2924 3054/3320/2925 3045/3311/2916
f 3047/3313/2918 3046/3312/2917 3055/3321/2926
f 3055/3321/2926 3056/3322/2927 3047/3313/2918
f 3048/3314/2919 3047/3313/2918 3056/3322/2927
f 3056/3322/2927 3057/3323/2928 3048/3314/2919
f 3049/3315/2920 3048/3314/2919 3057/3323/2928
f 3057/3323/2928 3058/3324/2929 3049/3315/2920
f 3050/3316/2921 3049/3315/2920 3058/3324/2929
f 3058/3324/2929 3059/3325/2930 3050/3316/2921
f 3051/3317/2922 3050/3316/2921 3059/3325/2930
f 3059/3325/2930 3060/3326/2931 3051/3317/2922
f 3052/3318/2923 3051/3317/2922 3060/3326/2931
f 3060/3326/2931 3061/3327/2932 3052/3318/2923
f 3053/3319/2924 3052/3318/2923 3061/3327/2932
f 3061/3327/2932 3062/3328/2933 3053/3319/2924
f 3054/3320/2925 3053/3319/2924 3062/3328/2933
f 3062/3328/2933 3063/3329/2934 3054/3320/2925
f 3056/3322/2927 3055/3321/2926 3064/3330/2935
f 3064/3330/2935 3065/3331/2936 3056/3322/2927
f 3057/3323/2928 3056/3322/2927 3065/3331/2936
f 3065/3331/2936 3066/3332/2937 3057/3323/2928
f 3058/3324/2929 3057/3323/2928 3066/3332/2937
f 3066/3332/2937 3067/3333/2938 3058/3324/2929
f 3059/3325/2930 3058/3324/2929 3067/3333/2938
f 3067/3333/2938 3068/3334/2939 3059/3325/2930
f 3060/3326/2931 3059/3325/2930 3068/3334/2939
f 3068/3334/2939 3069/3335/2940 3060/3326/2931
f 3061/3327/2932 3060/3326/2931 3069/3335/2940
f 3069/3335/2940 3070/3336/2941 3061/3327/2932
f 3062/3328/2933 3061/3327/2932 3070/3336/2941
f 3070/3336/2941 3071/3337/2942 3062/3328/2933
f 3063/3329/2934 3062/3328/2933 3071/3337/2942
f 3071/3337/2942 3072/3338/2943 3063/3329/2934
f 3065/3331/2936 3064/3330/2935 3073/3339/2944
f 3073/3339/2944 3074/3340/2945 3065/3331/2936
f 3066/3332/2937 3065/3331/2936 3074/3340/2945
f 3074/3340/2945 3075/3341/2946 3066/3332/2937
f 3067/3333/2938 3066/3332/2937 3075/3341/2946
f 3075/3341/2946 3076/3342/2947 3067/3333/2938
f 3068/3334/2939 3067/3333/2938 3076/3342/2947
f 3076/3342/2947 3077/3343/2948 3068/3334/2939
f 3069/3335/2940 3068/3334/2939 3077/3343/2948
f 3077/3343/2948 3078/3344/2949 3069/3335/2940
f 3070/3336/2941 3069/3335/2940 3078/3344/2949
f 3078/3344/2949 3079/3345/2950 3070/3336/2941
f 3071/3337/2942 3070/3336/2941 3079/3345/2950
f 3079/3345/2950 3080/3346/2951 3071/3337/2942
f 3072/3338/2943 3071/3337/2942 3080/3346/2951
f 3080/3346/2951 3081/3347/2952 3072/3338/2943
f 3074/3340/2945 3073/3339/2944 3082/3348/2953
f 3082/3348/2953 3083/3349/2954 3074/3340/2945
f 3075/3341/2946 3074/3340/2945 3083/3349/2954
f 3083/3349/2954 3084/3350/2955 3075/3341/2946
f 3076/3342/2947 3075/3341/2946 3084/3350/2955
f 3084/3350/2955 3085/3351/2956 3076/3342/2947
f 3077/3343/2948 3076/3342/2947 3085/3351/2956
f 3085/3351/2956 3086/3352/2957 3077/3343/2948
f 3078/3344/2949 3077/3343/2948 3086/3352/2957
f 3086/3352/2957 3087/3353/2958 3078/3344/2949
f 3079/3345/2950 3078/3344/2949 3087/3353/2958
f 3087/3353/2958 3088/3354/2959 3079/3345/2950
f 3080/3346/2951 3079/3345/2950 3088/3354/2959
f 3088/3354/2959 3089/3355/2960 3080/3346/2951
f 3081/3347/2952 3080/3346/2951 3089/3355/2960
f 3089/3355/2960 3090/3356/2961 3081/3347/2952
f 2891/3113/2762 2836/3050/2707 3027/3293/2898
f 3027/3293/2898 3091/3357/2962 2891/3113/2762
f 2892/3114/2763 2891/3113/2762 3091/3357/2962
f 3091/3357/2962 3092/3358/2963 2892/3114/2763
f 2893/3115/2764 2892/3114/2763 3092/3358/2963
f 3092/3358/2963 3093/3359/2964 2893/3115/2764
f 2894/3116/2765 2893/3115/2764 3093/3359/2964
f 3093/3359/2964 3094/3360/2965 2894/3116/2765
f 2895/3117/2766 2894/3116/2765 3094/3360/2965
f 3094/3360/2965 3095/3361/2966 2895/3117/2766
f 2896/3118/2767 2895/3117/2766 3095/3361/2966
f 3095/3361/2966 3096/3362/2967 2896/3118/2767
f 2897/3119/2768 2896/3118/2767 3096/3362/2967
f 3096/3362/2967 3097/3363/2968 2897/3119/2768
f 2898/3121/2769 2897/3119/2768 3097/3363/2968
f 3097/3363/2968 3098/3364/2969 2898/3121/2769
f 3091/3357/2962 3027/3293/2898 3036/3302/2907
f 3036/3302/2907 3099/3365/2970 3091/3357/2962
f 3092/3358/2963 3091/3357/2962 3099/3365/2970
f 3099/3365/2970 3100/3366/2971 3092/3358/2963
f 3093/3359/2964 3092/3358/2963 3100/3366/2971
f 3100/3366/2971 3101/3367/2972 3093/3359/2964
f 3094/3360/2965 3093/3359/2964 3101/3367/2972
f 3101/3367/2972 3102/3368/2973 3094/3360/2965
f 3095/3361/2966 3094/3360/2965 3102/3368/2973
f 3102/3368/2973 3103/3369/2974 3095/3361/2966
f 3096/3362/2967 3095/3361/2966 3103/3369/2974
f 3103/3369/2974 3104/3370/2975 3096/3362/2967
f 3097/3363/2968 3096/3362/2967 3104/3370/2975
f 3104/3370/2975 3105/3371/2976 3097/3363/2968
f 3098/3364/2969 3097/3363/2968 3105/3371/2976
f 3105/3371/2976 3106/3372/2977 3098/3364/2969
f 3099/3365/2970 3036/3302/2907 3045/3311/2916
f 3045/3311/2916 3107/3373/2978 3099/3365/2970
f 3100/3366/2971 3099/3365/2970 3107/3373/2978
f 3107/3373/2978 3108/3374/2979 3100/3366/2971
f 3101/3367/2972 3100/3366/2971 3108/3374/2979
f 3108/3374/2979 3109/3375/2980 3101/3367/2972
f 3102/3368/2973 3101/3367/2972 3109/3375/2980
f 3109/3375/2980 3110/3376/2981 3102/3368/2973
f 3103/3369/2974 3102/3368/2973 3110/3376/2981
f 3110/3376/2981 3111/3377/2982 3103/3369/2974
f 3104/3370/2975 3103/3369/2974 3111/3377/2982
f 3111/3377/2982 3112/3378/2983 3104/3370/2975
f 3105/3371/2976 3104/3370/2975 3112/3378/2983
f 3112/3378/2983 3113/3379/2984 3105/3371/2976
f 3106/3372/2977 3105/3371/2976 3113/3379/2984
f 3113/3379/2984 3114/3380/2985 3106/3372/2977
f 3107/3373/2978 3045/3311/2916 3054/3320/2925
f 3054/3320/2925 3115/3381/2986 3107/3373/2978
f 3108/3374/2979 3107/3373/2978 3115/3381/2986
f 3115/3381/2986 3116/3382/2987 3108/3374/2979
f 3109/3375/2980 3108/3374/2979 3116/3382/2987
f 3116/3382/2987 3117/3383/2988 3109/3375/2980
f 3110/3376/2981 3109/3375/2980 3117/3383/2988
f 3117/3383/2988 3118/3384/2989 3110/3376/2981
f 3111/3377/2982 3110/3376/2981 3118/3384/2989
f 3118/3384/2989 3119/3385/2990 3111/3377/2982
f 3112/3378/2983 3111/3377/2982 3119/3385/2990
f 3119/3385/2990 3120/3386/2991 3112/3378/2983
f 3113/3379/2984 3112/3378/2983 3120/3386/2991
f 3120/3386/2991 3121/3387/2992 3113/3379/2984
f 3114/3380/2985 3113/3379/2984 3121/3387/2992
f 3121/3387/2992 3122/3388/2993 3114/3380/2985
f 3115/3381/2986 3054/3320/2925 3063/3329/2934
f 3063/3329/2934 3123/3389/2994 3115/3381/2986
f 3116/3382/2987 3115/3381/2986 3123/3389/2994
f 3123/3389/2994 3124/3390/2995 3116/3382/2987
f 3117/3383/2988 3116/3382/2987 3124/3390/2995
f 3124/3390/2995 3125/3391/2996 3117/3383/2988
f 3118/3384/2989 3117/3383/2988 3125/3391/2996
f 3125/3391/2996 3126/3392/2997 3118/3384/2989
f 3119/3385/2990 3118/3384/2989 3126/3392/2997
f 3126/3392/2997 3127/3393/2998 3119/3385/2990
f 3120/3386/2991 3119/3385/2990 3127/3393/2998
f 3127/3393/2998 3128/3394/2999 3120/3386/2991
f 3121/3387/2992 3120/3386/2991 3128/3394/2999
f 3128/3394/2999 3129/3395/3000 3121/3387/2992
f 3122/3388/2993 3121/3387/2992 3129/3395/3000
f 3129/3395/3000 3130/3396/3001 3122/3388/2993
f 3123/3389/2994 3063/3329/2934 3072/3338/2943
f 3072/3338/2943 3131/3397/3002 3123/3389/2994
f 3124/3390/2995 3123/3389/2994 3131/3397/3002
f 3131/3397/3002 3132/3398/3003 3124/3390/2995
f 3125/3391/2996 3124/3390/2995 3132/3398/3003
f 3132/3398/3003 3133/3399/3004 3125/3391/2996
f 3126/3392/2997 3125/3391/2996 3133/3399/3004
f 3133/3399/3004 3134/3400/3005 3126/3392/2997
f 3127/3393/2998 3126/3392/2997 3134/3400/3005
f 3134/3400/3005 3135/3401/3006 3127/3393/2998
f 3128/3394/2999 3127/3393/2998 3135/3401/3006
f 3135/3401/3006 3136/3402/3007 3128/3394/2999
f 3129/3395/3000 3128/3394/2999 3136/3402/3007
f 3136/3402/3007 3137/3403/3008 3129/3395/3000
f 3130/3396/3001 3129/3395/3000 3137/3403/3008
f 3137/3403/3008 3138/3404/3009 3130/3396/3001
f 3131/3397/3002 3072/3338/2943 3081/3347/2952
f 3081/3347/2952 3139/3405/3010 3131/3397/3002
f 3132/3398/3003 3131/3397/3002 3139/3405/3010
f 3139/3405/3010 3140/3406/3011 3132/3398/3003
f 3133/3399/3004 3132/3398/3003 3140/3406/3011
f 3140/3406/3011 3141/3407/3012 3133/3399/3004
f 3134/3400/3005 3133/3399/3004 3141/3407/3012
f 3141/3407/3012 3142/3408/3013 3134/3400/3005
f 3135/3401/3006 3134/3400/3005 3142/3408/3013
f 3142/3408/3013 3143/3409/3014 3135/3401/3006
f 3136/3402/3007 3135/3401/3006 3143/3409/3014
f 3143/3409/3014 3144/3410/3015 3136/3402/3007
f 3137/3403/3008 3136/3402/3007 3144/3410/3015
f 3144/3410/3015 3145/3411/3016 3137/3403/3008
f 3138/3404/3009 3137/3403/3008 3145/3411/3016
f 3145/3411/3016 3146/3412/3017 3138/3404/3009
f 3139/3405/3010 3081/3347/2952 3090/3356/2961
f 3090/3356/2961 3147/3413/3018 3139/3405/3010
f 3140/3406/3011 3139/3405/3010 3147/3413/3018
f 3147/3413/3018 3148/3414/3019 3140/3406/3011
f 3141/3407/3012 3140/3406/3011 3148/3414/3019
f 3148/3414/3019 3149/3415/3020 3141/3407/3012
f 3142/3408/3013 3141/3407/3012 3149/3415/3020
f 3149/3415/3020 3150/3416/3021 3142/3408/3013
f 3143/3409/3014 3142/3408/3013 3150/3416/3021
f 3150/3416/3021 3151/3417/3022 3143/3409/3014
f 3144/3410/3015 3143/3409/3014 3151/3417/3022
f 3151/3417/3022 3152/3418/3023 3144/3410/3015
f 3145/3411/3016 3144/3410/3015 3152/3418/3023
f 3152/3418/3023 3153/3419/3024 3145/3411/3016
f 3146/3412/3017 3145/3411/3016 3153/3419/3024
f 3153/3419/3024 3154/3420/3025 3146/3412/3017
f 3155/3421/3026 2955/3196/2826 2956/3197/2827
f 2956/3197/2827 3156/3422/3027 3155/3421/3026
f 3156/3422/3027 2956/3197/2827 2957/3198/2828
f 2957/3198/2828 3157/3423/3028 3156/3422/3027
f 3157/3423/3028 2957/3198/2828 2958/3199/2829
f 2958/3199/2829 3158/3424/3029 3157/3423/3028
f 3158/3424/3029 2958/3199/2829 2959/3200/2830
f 2959/3200/2830 3159/3425/3030 3158/3424/3029
f 3159/3425/3030 2959/3200/2830 2960/3201/2831
f 2960/3201/2831 3160/3426/3031 3159/3425/3030
f 3160/3426/3031 2960/3201/2831 2961/3202/2832
f 2961/3202/2832 3161/3427/3032 3160/3426/3031
f 3161/3427/3032 2961/3202/2832 2962/3203/2833
f 2962/3203/2833 3162/3428/3033 3161/3427/3032
f 3162/3428/3033 2962/3203/2833 2898/3121/2769
f 2898/3121/2769 3098/3364/2969 3162/3428/3033
f 3163/3429/3034 3155/3421/3026 3156/3422/3027
f 3156/3422/3027 3164/3430/3035 3163/3429/3034
f 3164/3430/3035 3156/3422/3027 3157/3423/3028
f 3157/3423/3028 3165/3431/3036 3164/3430/3035
f 3165/3431/3036 3157/3423/3028 3158/3424/3029
f 3158/3424/3029 3166/3432/3037 3165/3431/3036
f 3166/3432/3037 3158/3424/3029 3159/3425/3030
f 3159/3425/3030 3167/3433/3038 3166/3432/3037
f 3167/3433/3038 3159/3425/3030 3160/3426/3031
f 3160/3426/3031 3168/3434/3039 3167/3433/3038
f 3168/3434/3039 3160/3426/3031 3161/3427/3032
f 3161/3427/3032 3169/3435/3040 3168/3434/3039
f 3169/3435/3040 3161/3427/3032 3162/3428/3033
f 3162/3428/3033 3170/3436/3041 3169/3435/3040
f 3170/3436/3041 3162/3428/3033 3098/3364/2969
f 3098/3364/2969 3106/3372/2977 3170/3436/3041
f 3171/3437/3042 3163/3429/3034 3164/3430/3035
f 3164/3430/3035 3172/3438/3043 3171/3437/3042
f 3172/3438/3043 3164/3430/3035 3165/3431/3036
f 3165/3431/3036 3173/3439/3044 3172/3438/3043
f 3173/3439/3044 3165/3431/3036 3166/3432/3037
f 3166/3432/3037 3174/3440/3045 3173/3439/3044
f 3174/3440/3045 3166/3432/3037 3167/3433/3038
f 3167/3433/3038 3175/3441/3046 3174/3440/3045
f 3175/3441/3046 3167/3433/3038 3168/3434/3039
f 3168/3434/3039 3176/3442/3047 3175/3441/3046
f 3176/3442/3047 3168/3434/3039 3169/3435/3040
f 3169/3435/3040 3177/3443/3048 3176/3442/3047
f 3177/3443/3048 3169/3435/3040 3170/3436/3041
f 3170/3436/3041 3178/3444/3049 3177/3443/3048
f 3178/3444/3049 3170/3436/3041 3106/3372/2977
f 3106/3372/2977 3114/3380/2985 3178/3444/3049
f 3179/3445/3050 3171/3437/3042 3172/3438/3043
f 3172/3438/3043 3180/3446/3051 3179/3445/3050
f 3180/3446/3051 3172/3438/3043 3173/3439/3044
f 3173/3439/3044 3181/3447/3052 3180/3446/3051
f 3181/3447/3052 3173/3439/3044 3174/3440/3045
f 3174/3440/3045 3182/3448/3053 3181/3447/3052
f 3182/3448/3053 3174/3440/3045 3175/3441/3046
f 3175/3441/3046 3183/3449/3054 3182/3448/3053
f 3183/3449/3054 3175/3441/3046 3176/3442/3047
f 3176/3442/3047 3184/3450/3055 3183/3449/3054
f 3184/3450/3055 3176/3442/3047 3177/3443/3048
f 3177/3443/3048 3185/3451/3056 3184/3450/3055
f 3185/3451/3056 3177/3443/3048 3178/3444/3049
f 3178/3444/3049 3186/3452/3057 3185/3451/3056
f 3186/3452/3057 3178/3444/3049 3114/3380/2985
f 3114/3380/2985 3122/3388/2993 3186/3452/3057
f 3187/3453/3058 3179/3445/3050 3180/3446/3051
f 3180/3446/3051 3188/3454/3059 3187/3453/3058
f 3188/3454/3059 3180/3446/3051 3181/3447/3052
f 3181/3447/3052 3189/3455/3060 3188/3454/3059
f 3189/3455/3060 3181/3447/3052 3182/3448/3053
f 3182/3448/3053 3190/3456/3061 3189/3455/3060
f 3190/3456/3061 3182/3448/3053 3183/3449/3054
f 3183/3449/3054 3191/3457/3062 3190/3456/3061
f 3191/3457/3062 3183/3449/3054 3184/3450/3055
f 3184/3450/3055 3192/3458/3063 3191/3457/3062
f 3192/3458/3063 3184/3450/3055 3185/3451/3056
f 3185/3451/3056 3193/3459/3064 3192/3458/3063
f 3193/3459/3064 3185/3451/3056 3186/3452/3057
f 3186/3452/3057 3194/3460/3065 3193/3459/3064
f 3194/3460/3065 3186/3452/3057 3122/3388/2993
f 3122/3388/2993 3130/3396/3001 3194/3460/3065
f 3195/3461/3066 3187/3453/3058 3188/3454/3059
f 3188/3454/3059 3196/3462/3067 3195/3461/3066
f 3196/3462/3067 3188/3454/3059 3189/3455/3060
f 3189/3455/3060 3197/3463/3068 3196/3462/3067
f 3197/3463/3068 3189/3455/3060 3190/3456/3061
f 3190/3456/3061 3198/3464/3069 3197/3463/3068
f 3198/3464/3069 3190/3456/3061 3191/3457/3062
f 3191/3457/3062 3199/3465/3070 3198/3464/3069
f 3199/3465/3070 3191/3457/3062 3192/3458/3063
f 3192/3458/3063 3200/3466/3071 3199/3465/3070
f 3200/3466/3071 3192/3458/3063 3193/3459/3064
f 3193/3459/3064 3201/3467/3072 3200/3466/3071
f 3201/3467/3072 3193/3459/3064 3194/3460/3065
f 3194/3460/3065 3202/3468/3073 3201/3467/3072
f 3202/3468/3073 3194/3460/3065 3130/3396/3001
f 3130/3396/3001 3138/3404/3009 3202/3468/3073
f 3203/3469/3074 3195/3461/3066 3196/3462/3067
f 3196/3462/3067 3204/3470/3075 3203/3469/3074
f 3204/3470/3075 3196/3462/3067 3197/3463/3068
f 3197/3463/3068 3205/3471/3076 3204/3470/3075
f 3205/3471/3076 3197/3463/3068 3198/3464/3069
f 3198/3464/3069 3206/3472/3077 3205/3471/3076
f 3206/3472/3077 3198/3464/3069 3199/3465/3070
f 3199/3465/3070 3207/3473/3078 3206/3472/3077
f 3207/3473/3078 3199/3465/3070 3200/3466/3071
f 3200/3466/3071 3208/3474/3079 3207/3473/3078
f 3208/3474/3079 3200/3466/3071 3201/3467/3072
f 3201/3467/3072 3209/3475/3080 3208/3474/3079
f 3209/3475/3080 3201/3467/3072 3202/3468/3073
f 3202/3468/3073 3210/3476/3081 3209/3475/3080
f 3210/3476/3081 3202/3468/3073 3138/3404/3009
f 3138/3404/3009 3146/3412/3017 3210/3476/3081
f 3211/3477/3082 3203/3469/3074 3204/3470/3075
f 3204/3470/3075 3212/3478/3083 3211/3477/3082
f 3212/3478/3083 3204/3470/3075 3205/3471/3076
f 3205/3471/3076 3213/3479/3084 3212/3478/3083
f 3213/3479/3084 3205/3471/3076 3206/3472/3077
f 3206/3472/3077 3214/3480/3085 3213/3479/3084
f 3214/3480/3085 3206/3472/3077 3207/3473/3078
f 3207/3473/3078 3215/3481/3086 3214/3480/3085
f 3215/3481/3086 3207/3473/3078 3208/3474/3079
f 3208/3474/3079 3216/3482/3087 3215/3481/3086
f 3216/3482/3087 3208/3474/3079 3209/3475/3080
f 3209/3475/3080 3217/3483/3088 3216/3482/3087
f 3217/3483/3088 3209/3475/3080 3210/3476/3081
f 3210/3476/3081 3218/3484/3089 3217/3483/3088
f 3218/3484/3089 3210/3476/3081 3146/3412/3017
f 3146/3412/3017 3154/3420/3025 3218/3484/3089
f 3019/3485/2890 2828/3277/2699 3012/3278/2883
f 3012/3278/2883 3219/3486/3090 3019/3485/2890
f 3219/3486/3090 3012/3278/2883 3013/3279/2884
f 3013/3279/2884 3220/3487/3091 3219/3486/3090
f 3220/3487/3091 3013/3279/2884 3014/3280/2885
f 3014/3280/2885 3221/3488/3092 3220/3487/3091
f 3221/3488/3092 3014/3280/2885 3015/3281/2886
f 3015/3281/2886 3222/3489/3093 3221/3488/3092
f 3222/3489/3093 3015/3281/2886 3016/3282/2887
f 3016/3282/2887 3223/3490/3094 3222/3489/3093
f 3223/3490/3094 3016/3282/2887 3017/3283/2888
f 3017/3283/2888 3224/3491/3095 3223/3490/3094
f 3224/3491/3095 3017/3283/2888 3018/3284/2889
f 3018/3284/2889 3225/3492/3096 3224/3491/3095
f 3225/3492/3096 3018/3284/2889 2955/3196/2826
f 2955/3196/2826 3155/3421/3026 3225/3492/3096
f 3028/3493/2899 3019/3485/2890 3219/3486/3090
f 3219/3486/3090 3226/3494/3097 3028/3493/2899
f 3226/3494/3097 3219/3486/3090 3220/3487/3091
f 3220/3487/3091 3227/3495/3098 3226/3494/3097
f 3227/3495/3098 3220/3487/3091 3221/3488/3092
f 3221/3488/3092 3228/3496/3099 3227/3495/3098
f 3228/3496/3099 3221/3488/3092 3222/3489/3093
f 3222/3489/3093 3229/3497/3100 3228/3496/3099
f 3229/3497/3100 3222/3489/3093 3223/3490/3094
f 3223/3490/3094 3230/3498/3101 3229/3497/3100
f 3230/3498/3101 3223/3490/3094 3224/3491/3095
f 3224/3491/3095 3231/3499/3102 3230/3498/3101
f 3231/3499/3102 3224/3491/3095 3225/3492/3096
f 3225/3492/3096 3232/3500/3103 3231/3499/3102
f 3232/3500/3103 3225/3492/3096 3155/3421/3026
f 3155/3421/3026 3163/3429/3034 3232/3500/3103
f 3037/3501/2908 3028/3493/2899 3226/3494/3097
f 3226/3494/3097 3233/3502/3104 3037/3501/2908
f 3233/3502/3104 3226/3494/3097 3227/3495/3098
f 3227/3495/3098 3234/3503/3105 3233/3502/3104
f 3234/3503/3105 3227/3495/3098 3228/3496/3099
f 3228/3496/3099 3235/3504/3106 3234/3503/3105
f 3235/3504/3106 3228/3496/3099 3229/3497/3100
f 3229/3497/3100 3236/3505/3107 3235/3504/3106
f 3236/3505/3107 3229/3497/3100 3230/3498/3101
f 3230/3498/3101 3237/3506/3108 3236/3505/3107
f 3237/3506/3108 3230/3498/3101 3231/3499/3102
f 3231/3499/3102 3238/3507/3109 3237/3506/3108
f 3238/3507/3109 3231/3499/3102 3232/3500/3103
f 3232/3500/3103 3239/3508/3110 3238/3507/3109
f 3239/3508/3110 3232/3500/3103 3163/3429/3034
f 3163/3429/3034 3171/3437/3042 3239/3508/3110
f 3046/3509/2917 3037/3501/2908 3233/3502/3104
f 3233/3502/3104 3240/3510/3111 3046/3509/2917
f 3240/3510/3111 3233/3502/3104 3234/3503/3105
f 3234/3503/3105 3241/3511/3112 3240/3510/3111
f 3241/3511/3112 3234/3503/3105 3235/3504/3106
f 3235/3504/3106 3242/3512/3113 3241/3511/3112
f 3242/3512/3113 3235/3504/3106 3236/3505/3107
f 3236/3505/3107 3243/3513/3114 3242/3512/3113
f 3243/3513/3114 3236/3505/3107 3237/3506/3108
f 3237/3506/3108 3244/3514/3115 3243/3513/3114
f 3244/3514/3115 3237/3506/3108 3238/3507/3109
f 3238/3507/3109 3245/3515/3116 3244/3514/3115
f 3245/3515/3116 3238/3507/3109 3239/3508/3110
f 3239/3508/3110 3246/3516/3117 3245/3515/3116
f 3246/3516/3117 3239/3508/3110 3171/3437/3042
f 3171/3437/3042 3179/3445/3050 3246/3516/3117
f 3055/3517/2926 3046/3509/2917 3240/3510/3111
f 3240/3510/3111 3247/3518/3118 3055/3517/2926
f 3247/3518/3118 3240/3510/3111 3241/3511/3112
f 3241/3511/3112 3248/3519/3119 3247/3518/3118
f 3248/3519/3119 3241/3511/3112 3242/3512/3113
f 3242/3512/3113 3249/3520/3120 3248/3519/3119
f 3249/3520/3120 3242/3512/3113 3243/3513/3114
f 3243/3513/3114 3250/3521/3121 3249/3520/3120
f 3250/3521/3121 3243/3513/3114 3244/3514/3115
f 3244/3514/3115 3251/3522/3122 3250/3521/3121
f 3251/3522/3122 3244/3514/3115 3245/3515/3116
f 3245/3515/3116 3252/3523/3123 3251/3522/3122
f 3252/3523/3123 3245/3515/3116 3246/3516/3117
f 3246/3516/3117 3253/3524/3124 3252/3523/3123
f 3253/3524/3124 3246/3516/3117 3179/3445/3050
f 3179/3445/3050 3187/3453/3058 3253/3524/3124
f 3064/3525/2935 3055/3517/2926 3247/3518/3118
f 3247/3518/3118 3254/3526/3125 3064/3525/2935
f 3254/3526/3125 3247/3518/3118 3248/3519/3119
f 3248/3519/3119 3255/3527/3126 3254/3526/3125
f 3255/3527/3126 3248/3519/3119 3249/3520/3120
f 3249/3520/3120 3256/3528/3127 3255/3527/3126
f 3256/3528/3127 3249/3520/3120 3250/3521/3121
f 3250/3521/3121 3257/3529/3128 3256/3528/3127
f 3257/3529/3128 3250/3521/3121 3251/3522/3122
f 3251/3522/3122 3258/3530/3129 3257/3529/3128
f 3258/3530/3129 3251/3522/3122 3252/3523/3123
f 3252/3523/3123 3259/3531/3130 3258/3530/3129
f 3259/3531/3130 3252/3523/3123 3253/3524/3124
f 3253/3524/3124 3260/3532/3131 3259/3531/3130
f 3260/3532/3131 3253/3524/3124 3187/3453/3058
f 3187/3453/3058 3195/3461/3066 3260/3532/3131
f 3073/3533/2944 3064/3525/2935 3254/3526/3125
f 3254/3526/3125 3261/3534/3132 3073/3533/2944
f 3261/3534/3132 3254/3526/3125 3255/3527/3126
f 3255/3527/3126 3262/3535/3133 3261/3534/3132
f 3262/3535/3133 3255/3527/3126 3256/3528/3127
f 3256/3528/3127 3263/3536/3134 3262/3535/3133
f 3263/3536/3134 3256/3528/3127 3257/3529/3128
f 3257/3529/3128 3264/3537/3135 3263/3536/3134
f 3264/3537/3135 3257/3529/3128 3258/3530/3129
f 3258/3530/3129 3265/3538/3136 3264/3537/3135
f 3265/3538/3136 3258/3530/3129 3259/3531/3130
f 3259/3531/3130 3266/3539/3137 3265/3538/3136
f 3266/3539/3137 3259/3531/3130 3260/3532/3131
f 3260/3532/3131 3267/3540/3138 3266/3539/3137
f 3267/3540/3138 3260/3532/3131 3195/3461/3066
f 3195/3461/3066 3203/3469/3074 3267/3540/3138
f 3082/3541/2953 3073/3533/2944 3261/3534/3132
f 3261/3534/3132 3268/3542/3139 3082/3541/2953
f 3268/3542/3139 3261/3534/3132 3262/3535/3133
f 3262/3535/3133 3269/3543/3140 3268/3542/3139
f 3269/3543/3140 3262/3535/3133 3263/3536/3134
f 3263/3536/3134 3270/3544/3141 3269/3543/3140
f 3270/3544/3141 3263/3536/3134 3264/3537/3135
f 3264/3537/3135 3271/3545/3142 3270/3544/3141
f 3271/3545/3142 3264/3537/3135 3265/3538/3136
f 3265/3538/3136 3272/3546/3143 3271/3545/3142
f 3272/3546/3143 3265/3538/3136 3266/3539/3137
f 3266/3539/3137 3273/3547/3144 3272/3546/3143
f 3273/3547/3144 3266/3539/3137 3267/3540/3138
f 3267/3540/3138 3274/3548/3145 3273/3547/3144
f 3274/3548/3145 3267/3540/3138 3203/3469/3074
f 3203/3469/3074 3211/3477/3082 3274/3548/3145
f 3083/3349/2954 3082/3348/2953 3275/3549/3146
f 3275/3549/3146 3276/3550/3147 3083/3349/2954
f 3084/3350/2955 3083/3349/2954 3276/3550/3147
f 3276/3550/3147 3277/3551/3148 3084/3350/2955
f 3085/3351/2956 3084/3350/2955 3277/3551/3148
f 3277/3551/3148 3278/3552/3149 3085/3351/2956
f 3086/3352/2957 3085/3351/2956 3278/3552/3149
f 3278/3552/3149 3279/3553/3150 3086/3352/2957
f 3087/3353/2958 3086/3352/2957 3279/3553/3150
f 3279/3553/3150 3280/3554/3151 3087/3353/2958
f 3088/3354/2959 3087/3353/2958 3280/3554/3151
f 3280/3554/3151 3281/3555/3152 3088/3354/2959
f 3089/3355/2960 3088/3354/2959 3281/3555/3152
f 3281/3555/3152 3282/3556/3153 3089/3355/2960
f 3090/3356/2961 3089/3355/2960 3282/3556/3153
f 3282/3556/3153 3283/3557/3154 3090/3356/2961
f 3276/3550/3147 3275/3549/3146 3284/3558/3155
f 3284/3558/3155 3285/3559/3156 3276/3550/3147
f 3277/3551/3148 3276/3550/3147 3285/3559/3156
f 3285/3559/3156 3286/3560/3157 3277/3551/3148
f 3278/3552/3149 3277/3551/3148 3286/3560/3157
f 3286/3560/3157 3287/3561/3158 3278/3552/3149
f 3279/3553/3150 3278/3552/3149 3287/3561/3158
f 3287/3561/3158 3288/3562/3159 3279/3553/3150
f 3280/3554/3151 3279/3553/3150 3288/3562/3159
f 3288/3562/3159 3289/3563/3160 3280/3554/3151
f 3281/3555/3152 3280/3554/3151 3289/3563/3160
f 3289/3563/3160 3290/3564/3161 3281/3555/3152
f 3282/3556/3153 3281/3555/3152 3290/3564/3161
f 3290/3564/3161 3291/3565/3162 3282/3556/3153
f 3283/3557/3154 3282/3556/3153 3291/3565/3162
f 3291/3565/3162 3292/3566/3163 3283/3557/3154
f 3285/3559/3156 3284/3558/3155 3293/3567/3164
f 3293/3567/3164 3294/3568/3165 3285/3559/3156
f 3286/3560/3157 3285/3559/3156 3294/3568/3165
f 3294/3568/3165 3295/3569/3166 3286/3560/3157
f 3287/3561/3158 3286/3560/3157 3295/3569/3166
f 3295/3569/3166 3296/3570/3167 3287/3561/3158
f 3288/3562/3159 3287/3561/3158 3296/3570/3167
f 3296/3570/3167 3297/3571/3168 3288/3562/3159
f 3289/3563/3160 3288/3562/3159 3297/3571/3168
f 3297/3571/3168 3298/3572/3169 3289/3563/3160
f 3290/3564/3161 3289/3563/3160 3298/3572/3169
f 3298/3572/3169 3299/3573/3170 3290/3564/3161
f 3291/3565/3162 3290/3564/3161 3299/3573/3170
f 3299/3573/3170 3300/3574/3171 3291/3565/3162
f 3292/3566/3163 3291/3565/3162 3300/3574/3171
f 3300/3574/3171 3301/3575/3172 3292/3566/3163
f 3294/3568/3165 3293/3567/3164 3302/3576/3173
f 3302/3576/3173 3303/3577/3174 3294/3568/3165
f 3295/3569/3166 3294/3568/3165 3303/3577/3174
f 3303/3577/3174 3304/3578/3175 3295/3569/3166
f 3296/3570/3167 3295/3569/3166 3304/3578/3175
f 3304/3578/3175 3305/3579/3176 3296/3570/3167
f 3297/3571/3168 3296/3570/3167 3305/3579/3176
f 3305/3579/3176 3306/3580/3177 3297/3571/3168
f 3298/3572/3169 3297/3571/3168 3306/3580/3177
f 3306/3580/3177 3307/3581/3178 3298/3572/3169
f 3299/3573/3170 3298/3572/3169 3307/3581/3178
f 3307/3581/3178 3308/3582/3179 3299/3573/3170
f 3300/3574/3171 3299/3573/3170 3308/3582/3179
f 3308/3582/3179 3309/3583/3180 3300/3574/3171
f 3301/3575/3172 3300/3574/3171 3309/3583/3180
f 3309/3583/3180 3310/3584/3181 3301/3575/3172
f 3303/3577/3174 3302/3576/3173 3311/3585/3182
f 3311/3585/3182 3312/3586/3183 3303/3577/3174
f 3304/3578/3175 3303/3577/3174 3312/3586/3183
f 3312/3586/3183 3313/3587/3184 3304/3578/3175
f 3305/3579/3176 3304/3578/3175 3313/3587/3184
f 3313/3587/3184 3314/3588/3185 3305/3579/3176
f 3306/3580/3177 3305/3579/3176 3314/3588/3185
f 3314/3588/3185 3315/3589/3186 3306/3580/3177
f 3307/3581/3178 3306/3580/3177 3315/3589/3186
f 3315/3589/3186 3316/3590/3187 3307/3581/3178
f 3308/3582/3179 3307/3581/3178 3316/3590/3187
f 3316/3590/3187 3317/3591/3188 3308/3582/3179
f 3309/3583/3180 3308/3582/3179 3317/3591/3188
f 3317/3591/3188 3318/3592/3189 3309/3583/3180
f 3310/3584/3181 3309/3583/3180 3318/3592/3189
f 3318/3592/3189 3319/3593/3190 3310/3584/3181
f 3312/3586/3183 3311/3585/3182 3320/3594/3191
f 3320/3594/3191 3321/3595/3192 3312/3586/3183
f 3313/3587/3184 3312/3586/3183 3321/3595/3192
f 3321/3595/3192 3322/3596/3193 3313/3587/3184
f 3314/3588/3185 3313/3587/3184 3322/3596/3193
f 3322/3596/3193 3323/3597/3194 3314/3588/3185
f 3315/3589/3186 3314/3588/3185 3323/3597/3194
f 3323/3597/3194 3324/3598/3195 3315/3589/3186
f 3316/3590/3187 3315/3589/3186 3324/3598/3195
f 3324/3598/3195 3325/3599/3196 3316/3590/3187
f 3317/3591/3188 3316/3590/3187 3325/3599/3196
f 3325/3599/3196 3326/3600/3197 3317/3591/3188
f 3318/3592/3189 3317/3591/3188 3326/3600/3197
f 3326/3600/3197 3327/3601/3198 3318/3592/3189
f 3319/3593/3190 3318/3592/3189 3327/3601/3198
f 3327/3601/3198 3328/3602/3199 3319/3593/3190
f 3321/3595/3192 3320/3594/3191 3329/3603/3200
f 3329/3603/3200 3330/3604/3201 3321/3595/3192
f 3322/3596/3193 3321/3595/3192 3330/3604/3201
f 3330/3604/3201 3331/3605/3202 3322/3596/3193
f 3323/3597/3194 3322/3596/3193 3331/3605/3202
f 3331/3605/3202 3332/3606/3203 3323/3597/3194
f 3324/3598/3195 3323/3597/3194 3332/3606/3203
f 3332/3606/3203 3333/3607/3204 3324/3598/3195
f 3325/3599/3196 3324/3598/3195 3333/3607/3204
f 3333/3607/3204 3334/3608/3205 3325/3599/3196
f 3326/3600/3197 3325/3599/3196 3334/3608/3205
f 3334/3608/3205 3335/3609/3206 3326/3600/3197
f 3327/3601/3198 3326/3600/3197 3335/3609/3206
f 3335/3609/3206 3336/3610/3207 3327/3601/3198
f 3328/3602/3199 3327/3601/3198 3336/3610/3207
f 3336/3610/3207 3337/3611/3208 3328/3602/3199
f 3330/3604/3201 3329/3603/3200 1298/1374/412
f 1298/1374/412 1299/1373/412 3330/3604/3201
f 3331/3605/3202 3330/3604/3201 1299/1373/412
f 1299/1373/412 1300/1377/412 3331/3605/3202
f 3332/3606/3203 3331/3605/3202 1300/1377/412
f 1300/1377/412 1301/1379/412 3332/3606/3203
f 3333/3607/3204 3332/3606/3203 1301/1379/412
f 1301/1379/412 1302/1381/412 3333/3607/3204
f 3334/3608/3205 3333/3607/3204 1302/1381/412
f 1302/1381/412 1303/1383/412 3334/3608/3205
f 3335/3609/3206 3334/3608/3205 1303/1383/412
f 1303/1383/412 1304/1385/412 3335/3609/3206
f 3336/3610/3207 3335/3609/3206 1304/1385/412
f 1304/1385/412 1305/1387/412 3336/3610/3207
f 3337/3611/3208 3336/3610/3207 1305/1387/412
f 1305/1387/412 1306/1389/412 3337/3611/3208
f 3147/3413/3018 3090/3356/2961 3283/3557/3154
f 3283/3557/3154 3338/3612/3209 3147/3413/3018
f 3148/3414/3019 3147/3413/3018 3338/3612/3209
f 3338/3612/3209 3339/3613/3210 3148/3414/3019
f 3149/3415/3020 3148/3414/3019 3339/3613/3210
f 3339/3613/3210 3340/3614/3211 3149/3415/3020
f 3150/3416/3021 3149/3415/3020 3340/3614/3211
f 3340/3614/3211 3341/3615/3212 3150/3416/3021
f 3151/3417/3022 3150/3416/3021 3341/3615/3212
f 3341/3615/3212 3342/3616/3213 3151/3417/3022
f 3152/3418/3023 3151/3417/3022 3342/3616/3213
f 3342/3616/3213 3343/3617/3214 3152/3418/3023
f 3153/3419/3024 3152/3418/3023 3343/3617/3214
f 3343/3617/3214 3344/3618/3215 3153/3419/3024
f 3154/3420/3025 3153/3419/3024 3344/3618/3215
f 3344/3618/3215 3345/3619/3216 3154/3420/3025
f 3338/3612/3209 3283/3557/3154 3292/3566/3163
f 3292/3566/3163 3346/3620/3217 3338/3612/3209
f 3339/3613/3210 3338/3612/3209 3346/3620/3217
f 3346/3620/3217 3347/3621/3218 3339/3613/3210
f 3340/3614/3211 3339/3613/3210 3347/3621/3218
f 3347/3621/3218 3348/3622/3219 3340/3614/3211
f 3341/3615/3212 3340/3614/3211 3348/3622/3219
f 3348/3622/3219 3349/3623/3220 3341/3615/3212
f 3342/3616/3213 3341/3615/3212 3349/3623/3220
f 3349/3623/3220 3350/3624/3221 3342/3616/3213
f 3343/3617/3214 3342/3616/3213 3350/3624/3221
f 3350/3624/3221 3351/3625/3222 3343/3617/3214
f 3344/3618/3215 3343/3617/3214 3351/3625/3222
f 3351/3625/3222 3352/3626/3223 3344/3618/3215
f 3345/3619/3216 3344/3618/3215 3352/3626/3223
f 3352/3626/3223 3353/3627/3224 3345/3619/3216
f 3346/3620/3217 3292/3566/3163 3301/3575/3172
f 3301/3575/3172 3354/3628/3225 3346/3620/3217
f 3347/3621/3218 3346/3620/3217 3354/3628/3225
f 3354/3628/3225 3355/3629/3226 3347/3621/3218
f 3348/3622/3219 3347/3621/3218 3355/3629/3226
f 3355/3629/3226 3356/3630/3227 3348/3622/3219
f 3349/3623/3220 3348/3622/3219 3356/3630/3227
f 3356/3630/3227 3357/3631/3228 3349/3623/3220
f 3350/3624/3221 3349/3623/3220 3357/3631/3228
f 3357/3631/3228 3358/3632/3229 3350/3624/3221
f 3351/3625/3222 3350/3624/3221 3358/3632/3229
f 3358/3632/3229 3359/3633/3230 3351/3625/3222
f 3352/3626/3223 3351/3625/3222 3359/3633/3230
f 3359/3633/3230 3360/3634/3231 3352/3626/3223
f 3353/3627/3224 3352/3626/3223 3360/3634/3231
f 3360/3634/3231 3361/3635/3232 3353/3627/3224
f 3354/3628/3225 3301/3575/3172 3310/3584/3181
f 3310/3584/3181 3362/3636/3233 3354/3628/3225
f 3355/3629/3226 3354/3628/3225 3362/3636/3233
f 3362/3636/3233 3363/3637/3234 3355/3629/3226
f 3356/3630/3227 3355/3629/3226 3363/3637/3234
f 3363/3637/3234 3364/3638/3235 3356/3630/3227
f 3357/3631/3228 3356/3630/3227 3364/3638/3235
f 3364/3638/3235 3365/3639/3236 3357/3631/3228
f 3358/3632/3229 3357/3631/3228 3365/3639/3236
f 3365/3639/3236 3366/3640/3237 3358/3632/3229
f 3359/3633/3230 3358/3632/3229 3366/3640/3237
f 3366/3640/3237 3367/3641/3238 3359/3633/3230
f 3360/3634/3231 3359/3633/3230 3367/3641/3238
f 3367/3641/3238 3368/3642/3239 3360/3634/3231
f 3361/3635/3232 3360/3634/3231 3368/3642/3239
f 3368/3642/3239 3369/3643/3240 3361/3635/3232
f 3362/3636/3233 3310/3584/3181 3319/3593/3190
f 3319/3593/3190 3370/3644/3241 3362/3636/3233
f 3363/3637/3234 3362/3636/3233 3370/3644/3241
f 3370/3644/3241 3371/3645/3242 3363/3637/3234
f 3364/3638/3235 3363/3637/3234 3371/3645/3242
f 3371/3645/3242 3372/3646/3243 3364/3638/3235
f 3365/3639/3236 3364/3638/3235 3372/3646/3243
f 3372/3646/3243 3373/3647/3244 3365/3639/3236
f 3366/3640/3237 3365/3639/3236 3373/3647/3244
f 3373/3647/3244 3374/3648/3245 3366/3640/3237
f 3367/3641/3238 3366/3640/3237 3374/3648/3245
f 3374/3648/3245 3375/3649/3246 3367/3641/3238
f 3368/3642/3239 3367/3641/3238 3375/3649/3246
f 3375/3649/3246 3376/3650/3247 3368/3642/3239
f 3369/3643/3240 3368/3642/3239 3376/3650/3247
f 3376/3650/3247 3377/3651/3248 3369/3643/3240
f 3370/3644/3241 3319/3593/3190 3328/3602/3199
f 3328/3602/3199 3378/3652/3249 3370/3644/3241
f 3371/3645/3242 3370/3644/3241 3378/3652/3249
f 3378/3652/3249 3379/3653/3250 3371/3645/3242
f 3372/3646/3243 3371/3645/3242 3379/3653/3250
f 3379/3653/3250 3380/3654/3251 3372/3646/3243
f 3373/3647/3244 3372/3646/3243 3380/3654/3251
f 3380/3654/3251 3381/3655/3252 3373/3647/3244
f 3374/3648/3245 3373/3647/3244 3381/3655/3252
f 3381/3655/3252 3382/3656/3253 3374/3648/3245
f 3375/3649/3246 3374/3648/3245 3382/3656/3253
f 3382/3656/3253 3383/3657/3254 3375/3649/3246
f 3376/3650/3247 3375/3649/3246 3383/3657/3254
f 3383/3657/3254 3384/3658/3255 3376/3650/3247
f 3377/3651/3248 3376/3650/3247 3384/3658/3255
f 3384/3658/3255 3385/3659/3256 3377/3651/3248
f 3378/3652/3249 3328/3602/3199 3337/3611/3208
f 3337/3611/3208 3386/3660/3257 3378/3652/3249
f 3379/3653/3250 3378/3652/3249 3386/3660/3257
f 3386/3660/3257 3387/3661/3258 3379/3653/3250
f 3380/3654/3251 3379/3653/3250 3387/3661/3258
f 3387/3661/3258 3388/3662/3259 3380/3654/3251
f 3381/3655/3252 3380/3654/3251 3388/3662/3259
f 3388/3662/3259 3389/3663/3260 3381/3655/3252
f 3382/3656/3253 3381/3655/3252 3389/3663/3260
f 3389/3663/3260 3390/3664/3261 3382/3656/3253
f 3383/3657/3254 3382/3656/3253 3390/3664/3261
f 3390/3664/3261 3391/3665/3262 3383/3657/3254
f 3384/3658/3255 3383/3657/3254 3391/3665/3262
f 3391/3665/3262 3392/3666/3263 3384/3658/3255
f 3385/3659/3256 3384/3658/3255 3392/3666/3263
f 3392/3666/3263 3393/3667/3264 3385/3659/3256
f 3386/3660/3257 3337/3611/3208 1306/1389/412
f 1306/1389/412 1379/1454/412 3386/3660/3257
f 3387/3661/3258 3386/3660/3257 1379/1454/412
f 1379/1454/412 1380/1456/412 3387/3661/3258
f 3388/3662/3259 3387/3661/3258 1380/1456/412
f 1380/1456/412 1381/1458/412 3388/3662/3259
f 3389/3663/3260 3388/3662/3259 1381/1458/412
f 1381/1458/412 1382/1460/412 3389/3663/3260
f 3390/3664/3261 3389/3663/3260 1382/1460/412
f 1382/1460/412 1383/1462/412 3390/3664/3261
f 3391/3665/3262 3390/3664/3261 1383/1462/412
f 1383/1462/412 1384/1464/412 3391/3665/3262
f 3392/3666/3263 3391/3665/3262 1384/1464/412
f 1384/1464/412 1385/1466/412 3392/3666/3263
f 3393/3667/3264 3392/3666/3263 1385/1466/412
f 1385/1466/412 1386/1468/412 3393/3667/3264
f 3394/3668/3265 3211/3477/3082 3212/3478/3083
f 3212/3478/3083 3395/3669/3266 3394/3668/3265
f 3395/3669/3266 3212/3478/3083 3213/3479/3084
f 3213/3479/3084 3396/3670/3267 3395/3669/3266
f 3396/3670/3267 3213/3479/3084 3214/3480/3085
f 3214/3480/3085 3397/3671/3268 3396/3670/3267
f 3397/3671/3268 3214/3480/3085 3215/3481/3086
f 3215/3481/3086 3398/3672/3269 3397/3671/3268
f 3398/3672/3269 3215/3481/3086 3216/3482/3087
f 3216/3482/3087 3399/3673/3270 3398/3672/3269
f 3399/3673/3270 3216/3482/3087 3217/3483/3088
f 3217/3483/3088 3400/3674/3271 3399/3673/3270
f 3400/3674/3271 3217/3483/3088 3218/3484/3089
f 3218/3484/3089 3401/3675/3272 3400/3674/3271
f 3401/3675/3272 3218/3484/3089 3154/3420/3025
f 3154/3420/3025 3345/3619/3216 3401/3675/3272
f 3402/3676/3273 3394/3668/3265 3395/3669/3266
f 3395/3669/3266 3403/3677/3274 3402/3676/3273
f 3403/3677/3274 3395/3669/3266 3396/3670/3267
f 3396/3670/3267 3404/3678/3275 3403/3677/3274
f 3404/3678/3275 3396/3670/3267 3397/3671/3268
f 3397/3671/3268 3405/3679/3276 3404/3678/3275
f 3405/3679/3276 3397/3671/3268 3398/3672/3269
f 3398/3672/3269 3406/3680/3277 3405/3679/3276
f 3406/3680/3277 3398/3672/3269 3399/3673/3270
f 3399/3673/3270 3407/3681/3278 3406/3680/3277
f 3407/3681/3278 3399/3673/3270 3400/3674/3271
f 3400/3674/3271 3408/3682/3279 3407/3681/3278
f 3408/3682/3279 3400/3674/3271 3401/3675/3272
f 3401/3675/3272 3409/3683/3280 3408/3682/3279
f 3409/3683/3280 3401/3675/3272 3345/3619/3216
f 3345/3619/3216 3353/3627/3224 3409/3683/3280
f 3410/3684/3281 3402/3676/3273 3403/3677/3274
f 3403/3677/3274 3411/3685/3282 3410/3684/3281
f 3411/3685/3282 3403/3677/3274 3404/3678/3275
f 3404/3678/3275 3412/3686/3283 3411/3685/3282
f 3412/3686/3283 3404/3678/3275 3405/3679/3276
f 3405/3679/3276 3413/3687/3284 3412/3686/3283
f 3413/3687/3284 3405/3679/3276 3406/3680/3277
f 3406/3680/3277 3414/3688/3285 3413/3687/3284
f 3414/3688/3285 3406/3680/3277 3407/3681/3278
f 3407/3681/3278 3415/3689/3286 3414/3688/3285
f 3415/3689/3286 3407/3681/3278 3408/3682/3279
f 3408/3682/3279 3416/3690/3287 3415/3689/3286
f 3416/3690/3287 3408/3682/3279 3409/3683/3280
f 3409/3683/3280 3417/3691/3288 3416/3690/3287
f 3417/3691/3288 3409/3683/3280 3353/3627/3224
f 3353/3627/3224 3361/3635/3232 3417/3691/3288
f 3418/3692/3289 3410/3684/3281 3411/3685/3282
f 3411/3685/3282 3419/3693/3290 3418/3692/3289
f 3419/3693/3290 3411/3685/3282 3412/3686/3283
f 3412/3686/3283 3420/3694/3291 3419/3693/3290
f 3420/3694/3291 3412/3686/3283 3413/3687/3284
f 3413/3687/3284 3421/3695/3292 3420/3694/3291
f 3421/3695/3292 3413/3687/3284 3414/3688/3285
f 3414/3688/3285 3422/3696/3293 3421/3695/3292
f 3422/3696/3293 3414/3688/3285 3415/3689/3286
f 3415/3689/3286 3423/3697/3294 3422/3696/3293
f 3423/3697/3294 3415/3689/3286 3416/3690/3287
f 3416/3690/3287 3424/3698/3295 3423/3697/3294
f 3424/3698/3295 3416/3690/3287 3417/3691/3288
f 3417/3691/3288 3425/3699/3296 3424/3698/3295
f 3425/3699/3296 3417/3691/3288 3361/3635/3232
f 3361/3635/3232 3369/3643/3240 3425/3699/3296
f 3426/3700/3297 3418/3692/3289 3419/3693/3290
f 3419/3693/3290 3427/3701/3298 3426/3700/3297
f 3427/3701/3298 3419/3693/3290 3420/3694/3291
f 3420/3694/3291 3428/3702/3299 3427/3701/3298
f 3428/3702/3299 3420/3694/3291 3421/3695/3292
f 3421/3695/3292 3429/3703/3300 3428/3702/3299
f 3429/3703/3300 3421/3695/3292 3422/3696/3293
f 3422/3696/3293 3430/3704/3301 3429/3703/3300
f 3430/3704/3301 3422/3696/3293 3423/3697/3294
f 3423/3697/3294 3431/3705/3302 3430/3704/3301
f 3431/3705/3302 3423/3697/3294 3424/3698/3295
f 3424/3698/3295 3432/3706/3303 3431/3705/3302
f 3432/3706/3303 3424/3698/3295 3425/3699/3296
f 3425/3699/3296 3433/3707/3304 3432/3706/3303
f 3433/3707/3304 3425/3699/3296 3369/3643/3240
f 3369/3643/3240 3377/3651/3248 3433/3707/3304
f 3434/3708/3305 3426/3700/3297 3427/3701/3298
f 3427/3701/3298 3435/3709/3306 3434/3708/3305
f 3435/3709/3306 3427/3701/3298 3428/3702/3299
f 3428/3702/3299 3436/3710/3307 3435/3709/3306
f 3436/3710/3307 3428/3702/3299 3429/3703/3300
f 3429/3703/3300 3437/3711/3308 3436/3710/3307
f 3437/3711/3308 3429/3703/3300 3430/3704/3301
f 3430/3704/3301 3438/3712/3309 3437/3711/3308
f 3438/3712/3309 3430/3704/3301 3431/3705/3302
f 3431/3705/3302 3439/3713/3310 3438/3712/3309
f 3439/3713/3310 3431/3705/3302 3432/3706/3303
f 3432/3706/3303 3440/3714/3311 3439/3713/3310
f 3440/3714/3311 3432/3706/3303 3433/3707/3304
f 3433/3707/3304 3441/3715/3312 3440/3714/3311
f 3441/3715/3312 3433/3707/3304 3377/3651/3248
f 3377/3651/3248 3385/3659/3256 3441/3715/3312
f 3442/3716/3313 3434/3708/3305 3435/3709/3306
f 3435/3709/3306 3443/3717/3314 3442/3716/3313
f 3443/3717/3314 3435/3709/3306 3436/3710/3307
f 3436/3710/3307 3444/3718/3315 3443/3717/3314
f 3444/3718/3315 3436/3710/3307 3437/3711/3308
f 3437/3711/3308 3445/3719/3316 3444/3718/3315
f 3445/3719/3316 3437/3711/3308 3438/3712/3309
f 3438/3712/3309 3446/3720/3317 3445/3719/3316
f 3446/3720/3317 3438/3712/3309 3439/3713/3310
f 3439/3713/3310 3447/3721/3318 3446/3720/3317
f 3447/3721/3318 3439/3713/3310 3440/3714/3311
f 3440/3714/3311 3448/3722/3319 3447/3721/3318
f 3448/3722/3319 3440/3714/3311 3441/3715/3312
f 3441/3715/3312 3449/3723/3320 3448/3722/3319
f 3449/3723/3320 3441/3715/3312 3385/3659/3256
f 3385/3659/3256 3393/3667/3264 3449/3723/3320
f 1451/1527/412 3442/3716/3313 3443/3717/3314
f 3443/3717/3314 1452/1528/412 1451/1527/412
f 1452/1528/412 3443/3717/3314 3444/3718/3315
f 3444/3718/3315 1453/1530/412 1452/1528/412
f 1453/1530/412 3444/3718/3315 3445/3719/3316
f 3445/3719/3316 1454/1532/412 1453/1530/412
f 1454/1532/412 3445/3719/3316 3446/3720/3317
f 3446/3720/3317 1455/1534/412 1454/1532/412
f 1455/1534/412 3446/3720/3317 3447/3721/3318
f 3447/3721/3318 1456/1536/412 1455/1534/412
f 1456/1536/412 3447/3721/3318 3448/3722/3319
f 3448/3722/3319 1457/1538/412 1456/1536/412
f 1457/1538/412 3448/3722/3319 3449/3723/3320
f 3449/3723/3320 1458/1540/412 1457/1538/412
f 1458/1540/412 3449/3723/3320 3393/3667/3264
f 3393/3667/3264 1386/1468/412 1458/1540/412
f 3275/3724/3146 3082/3541/2953 3268/3542/3139
f 3268/3542/3139 3450/3725/3321 3275/3724/3146
f 3450/3725/3321 3268/3542/3139 3269/3543/3140
f 3269/3543/3140 3451/3726/3322 3450/3725/3321
f 3451/3726/3322 3269/3543/3140 3270/3544/3141
f 3270/3544/3141 3452/3727/3323 3451/3726/3322
f 3452/3727/3323 3270/3544/3141 3271/3545/3142
f 3271/3545/3142 3453/3728/3324 3452/3727/3323
f 3453/3728/3324 3271/3545/3142 3272/3546/3143
f 3272/3546/3143 3454/3729/3325 3453/3728/3324
f 3454/3729/3325 3272/3546/3143 3273/3547/3144
f 3273/3547/3144 3455/3730/3326 3454/3729/3325
f 3455/3730/3326 3273/3547/3144 3274/3548/3145
f 3274/3548/3145 3456/3731/3327 3455/3730/3326
f 3456/3731/3327 3274/3548/3145 3211/3477/3082
f 3211/3477/3082 3394/3668/3265 3456/3731/3327
f 3284/3732/3155 3275/3724/3146 3450/3725/3321
f 3450/3725/3321 3457/3733/3328 3284/3732/3155
f 3457/3733/3328 3450/3725/3321 3451/3726/3322
f 3451/3726/3322 3458/3734/3329 3457/3733/3328
f 3458/3734/3329 3451/3726/3322 3452/3727/3323
f 3452/3727/3323 3459/3735/3330 3458/3734/3329
f 3459/3735/3330 3452/3727/3323 3453/3728/3324
f 3453/3728/3324 3460/3736/3331 3459/3735/3330
f 3460/3736/3331 3453/3728/3324 3454/3729/3325
f 3454/3729/3325 3461/3737/3332 3460/3736/3331
f 3461/3737/3332 3454/3729/3325 3455/3730/3326
f 3455/3730/3326 3462/3738/3333 3461/3737/3332
f 3462/3738/3333 3455/3730/3326 3456/3731/3327
f 3456/3731/3327 3463/3739/3334 3462/3738/3333
f 3463/3739/3334 3456/3731/3327 3394/3668/3265
f 3394/3668/3265 3402/3676/3273 3463/3739/3334
f 3293/3740/3164 3284/3732/3155 3457/3733/3328
f 3457/3733/3328 3464/3741/3335 3293/3740/3164
f 3464/3741/3335 3457/3733/3328 3458/3734/3329
f 3458/3734/3329 3465/3742/3336 3464/3741/3335
f 3465/3742/3336 3458/3734/3329 3459/3735/3330
f 3459/3735/3330 3466/3743/3337 3465/3742/3336
f 3466/3743/3337 3459/3735/3330 3460/3736/3331
f 3460/3736/3331 3467/3744/3338 3466/3743/3337
f 3467/3744/3338 3460/3736/3331 3461/3737/3332
f 3461/3737/3332 3468/3745/3339 3467/3744/3338
f 3468/3745/3339 3461/3737/3332 3462/3738/3333
f 3462/3738/3333 3469/3746/3340 3468/3745/3339
f 3469/3746/3340 3462/3738/3333 3463/3739/3334
f 3463/3739/3334 3470/3747/3341 3469/3746/3340
f 3470/3747/3341 3463/3739/3334 3402/3676/3273
f 3402/3676/3273 3410/3684/3281 3470/3747/3341
f 3302/3748/3173 3293/3740/3164 3464/3741/3335
f 3464/3741/3335 3471/3749/3342 3302/3748/3173
f 3471/3749/3342 3464/3741/3335 3465/3742/3336
f 3465/3742/3336 3472/3750/3343 3471/3749/3342
f 3472/3750/3343 3465/3742/3336 3466/3743/3337
f 3466/3743/3337 3473/3751/3344 3472/3750/3343
f 3473/3751/3344 3466/3743/3337 3467/3744/3338
f 3467/3744/3338 3474/3752/3345 3473/3751/3344
f 3474/3752/3345 3467/3744/3338 3468/3745/3339
f 3468/3745/3339 3475/3753/3346 3474/3752/3345
f 3475/3753/3346 3468/3745/3339 3469/3746/3340
f 3469/3746/3340 3476/3754/3347 3475/3753/3346
f 3476/3754/3347 3469/3746/3340 3470/3747/3341
f 3470/3747/3341 3477/3755/3348 3476/3754/3347
f 3477/3755/3348 3470/3747/3341 3410/3684/3281
f 3410/3684/3281 3418/3692/3289 3477/3755/3348
f 3311/3756/3182 3302/3748/3173 3471/3749/3342
f 3471/3749/3342 3478/3757/3349 3311/3756/3182
f 3478/3757/3349 3471/3749/3342 3472/3750/3343
f 3472/3750/3343 3479/3758/3350 3478/3757/3349
f 3479/3758/3350 3472/3750/3343 3473/3751/3344
f 3473/3751/3344 3480/3759/3351 3479/3758/3350
f 3480/3759/3351 3473/3751/3344 3474/3752/3345
f 3474/3752/3345 3481/3760/3352 3480/3759/3351
f 3481/3760/3352 3474/3752/3345 3475/3753/3346
f 3475/3753/3346 3482/3761/3353 3481/3760/3352
f 3482/3761/3353 3475/3753/3346 3476/3754/3347
f 3476/3754/3347 3483/3762/3354 3482/3761/3353
f 3483/3762/3354 3476/3754/3347 3477/3755/3348
f 3477/3755/3348 3484/3763/3355 3483/3762/3354
f 3484/3763/3355 3477/3755/3348 3418/3692/3289
f 3418/3692/3289 3426/3700/3297 3484/3763/3355
f 3320/3764/3191 3311/3756/3182 3478/3757/3349
f 3478/3757/3349 3485/3765/3356 3320/3764/3191
f 3485/3765/3356 3478/3757/3349 3479/3758/3350
f 3479/3758/3350 3486/3766/3357 3485/3765/3356
f 3486/3766/3357 3479/3758/3350 3480/3759/3351
f 3480/3759/3351 3487/3767/3358 3486/3766/3357
f 3487/3767/3358 3480/3759/3351 3481/3760/3352
f 3481/3760/3352 3488/3768/3359 3487/3767/3358
f 3488/3768/3359 3481/3760/3352 3482/3761/3353
f 3482/3761/3353 3489/3769/3360 3488/3768/3359
f 3489/3769/3360 3482/3761/3353 3483/3762/3354
f 3483/3762/3354 3490/3770/3361 3489/3769/3360
f 3490/3770/3361 3483/3762/3354 3484/3763/3355
f 3484/3763/3355 3491/3771/3362 3490/3770/3361
f 3491/3771/3362 3484/3763/3355 3426/3700/3297
f 3426/3700/3297 3434/3708/3305 3491/3771/3362
f 3329/3772/3200 3320/3764/3191 3485/3765/3356
f 3485/3765/3356 3492/3773/3363 3329/3772/3200
f 3492/3773/3363 3485/3765/3356 3486/3766/3357
f 3486/3766/3357 3493/3774/3364 3492/3773/3363
f 3493/3774/3364 3486/3766/3357 3487/3767/3358
f 3487/3767/3358 3494/3775/3365 3493/3774/3364
f 3494/3775/3365 3487/3767/3358 3488/3768/3359
f 3488/3768/3359 3495/3776/3366 3494/3775/3365
f 3495/3776/3366 3488/3768/3359 3489/3769/3360
f 3489/3769/3360 3496/3777/3367 3495/3776/3366
f 3496/3777/3367 3489/3769/3360 3490/3770/3361
f 3490/3770/3361 3497/3778/3368 3496/3777/3367
f 3497/3778/3368 3490/3770/3361 3491/3771/3362
f 3491/3771/3362 3498/3779/3369 3497/3778/3368
f 3498/3779/3369 3491/3771/3362 3434/3708/3305
f 3434/3708/3305 3442/3716/3313 3498/3779/3369
f 1298/1599/412 3329/3772/3200 3492/3773/3363
f 3492/3773/3363 1523/1600/412 1298/1599/412
f 1523/1600/412 3492/3773/3363 3493/3774/3364
f 3493/3774/3364 1524/1602/412 1523/1600/412
f 1524/1602/412 3493/3774/3364 3494/3775/3365
f 3494/3775/3365 1525/1604/412 1524/1602/412
f 1525/1604/412 3494/3775/3365 3495/3776/3366
f 3495/3776/3366 1526/1606/412 1525/1604/412
f 1526/1606/412 3495/3776/3366 3496/3777/3367
f 3496/3777/3367 1527/1608/412 1526/1606/412
f 1527/1608/412 3496/3777/3367 3497/3778/3368
f 3497/3778/3368 1528/1610/412 1527/1608/412
f 1528/1610/412 3497/3778/3368 3498/3779/3369
f 3498/3779/3369 1529/1612/412 1528/1610/412
f 1529/1612/412 3498/3779/3369 3442/3716/3313
f 3442/3716/3313 1451/1527/412 1529/1612/412
f 1106/3780/2018 1105/3781/2018 3499/3782/3370
f 3499/3782/3370 3500/3783/3371 1106/3780/2018
f 1107/3784/2018 1106/3780/2018 3500/3783/3371
f 3500/3783/3371 3501/3785/3372 1107/3784/2018
f 1108/3786/2018 1107/3784/2018 3501/3785/3372
f 3501/3785/3372 3502/3787/3373 1108/3786/2018
f 1109/3788/2018 1108/3786/2018 3502/3787/3373
f 3502/3787/3373 3503/3789/3374 1109/3788/2018
f 1110/3790/2018 1109/3788/2018 3503/3789/3374
f 3503/3789/3374 3504/3791/3375 1110/3790/2018
f 1111/3792/2018 1110/3790/2018 3504/3791/3375
f 3504/3791/3375 3505/3793/3376 1111/3792/2018
f 1112/3794/2018 1111/3792/2018 3505/3793/3376
f 3505/3793/3376 3506/3795/3377 1112/3794/2018
f 1113/3796/2018 1112/3794/2018 3506/3795/3377
f 3506/3795/3377 3507/3797/3378 1113/3796/2018
f 3500/3783/3371 3499/3782/3370 3508/3798/3379
f 3508/3798/3379 3509/3799/3380 3500/3783/3371
f 3501/3785/3372 3500/3783/3371 3509/3799/3380
f 3509/3799/3380 3510/3800/3381 3501/3785/3372
f 3502/3787/3373 3501/3785/3372 3510/3800/3381
f 3510/3800/3381 3511/3801/3382 3502/3787/3373
f 3503/3789/3374 3502/3787/3373 3511/3801/3382
f 3511/3801/3382 3512/3802/3383 3503/3789/3374
f 3504/3791/3375 3503/3789/3374 3512/3802/3383
f 3512/3802/3383 3513/3803/3384 3504/3791/3375
f 3505/3793/3376 3504/3791/3375 3513/3803/3384
f 3513/3803/3384 3514/3804/3385 3505/3793/3376
f 3506/3795/3377 3505/3793/3376 3514/3804/3385
f 3514/3804/3385 3515/3805/3386 3506/3795/3377
f 3507/3797/3378 3506/3795/3377 3515/3805/3386
f 3515/3805/3386 3516/3806/3387 3507/3797/3378
f 3509/3799/3380 3508/3798/3379 3517/3807/3388
f 3517/3807/3388 3518/3808/3389 3509/3799/3380
f 3510/3800/3381 3509/3799/3380 3518/3808/3389
f 3518/3808/3389 3519/3809/3390 3510/3800/3381
f 3511/3801/3382 3510/3800/3381 3519/3809/3390
f 3519/3809/3390 3520/3810/3391 3511/3801/3382
f 3512/3802/3383 3511/3801/3382 3520/3810/3391
f 3520/3810/3391 3521/3811/3392 3512/3802/3383
f 3513/3803/3384 3512/3802/3383 3521/3811/3392
f 3521/3811/3392 3522/3812/3393 3513/3803/3384
f 3514/3804/3385 3513/3803/3384 3522/3812/3393
f 3522/3812/3393 3523/3813/3394 3514/3804/3385
f 3515/3805/3386 3514/3804/3385 3523/3813/3394
f 3523/3813/3394 3524/3814/3395 3515/3805/3386
f 3516/3806/3387 3515/3805/3386 3524/3814/3395
f 3524/3814/3395 3525/3815/3396 3516/3806/3387
f 3518/3808/3389 3517/3807/3388 3526/3816/3397
f 3526/3816/3397 3527/3817/3398 3518/3808/3389
f 3519/3809/3390 3518/3808/3389 3527/3817/3398
f 3527/3817/3398 3528/3818/3399 3519/3809/3390
f 3520/3810/3391 3519/3809/3390 3528/3818/3399
f 3528/3818/3399 3529/3819/3400 3520/3810/3391
f 3521/3811/3392 3520/3810/3391 3529/3819/3400
f 3529/3819/3400 3530/3820/3401 3521/3811/3392
f 3522/3812/3393 3521/3811/3392 3530/3820/3401
f 3530/3820/3401 3531/3821/3402 3522/3812/3393
f 3523/3813/3394 3522/3812/3393 3531/3821/3402
f 3531/3821/3402 3532/3822/3403 3523/3813/3394
f 3524/3814/3395 3523/3813/3394 3532/3822/3403
f 3532/3822/3403 3533/3823/3404 3524/3814/3395
f 3525/3815/3396 3524/3814/3395 3533/3823/3404
f 3533/3823/3404 3534/3824/3405 3525/3815/3396
f 3527/3817/3398 3526/3816/3397 3535/3825/3406
f 3535/3825/3406 3536/3826/3407 3527/3817/3398
f 3528/3818/3399 3527/3817/3398 3536/3826/3407
f 3536/3826/3407 3537/3827/3408 3528/3818/3399
f 3529/3819/3400 3528/3818/3399 3537/3827/3408
f 3537/3827/3408 3538/3828/3409 3529/3819/3400
f 3530/3820/3401 3529/3819/3400 3538/3828/3409
f 3538/3828/3409 3539/3829/3410 3530/3820/3401
f 3531/3821/3402 3530/3820/3401 3539/3829/3410
f 3539/3829/3410 3540/3830/3411 3531/3821/3402
f 3532/3822/3403 3531/3821/3402 3540/3830/3411
f 3540/3830/3411 3541/3831/3412 3532/3822/3403
f 3533/3823/3404 3532/3822/3403 3541/3831/3412
f 3541/3831/3412 3542/3832/3413 3533/3823/3404
f 3534/3824/3405 3533/3823/3404 3542/3832/3413
f 3542/3832/3413 3543/3833/3414 3534/3824/3405
f 3536/3826/3407 3535/3825/3406 3544/3834/3415
f 3544/3834/3415 3545/3835/3416 3536/3826/3407
f 3537/3827/3408 3536/3826/3407 3545/3835/3416
f 3545/3835/3416 3546/3836/3417 3537/3827/3408
f 3538/3828/3409 3537/3827/3408 3546/3836/3417
f 3546/3836/3417 3547/3837/3418 3538/3828/3409
f 3539/3829/3410 3538/3828/3409 3547/3837/3418
f 3547/3837/3418 3548/3838/3419 3539/3829/3410
f 3540/3830/3411 3539/3829/3410 3548/3838/3419
f 3548/3838/3419 3549/3839/3420 3540/3830/3411
f 3541/3831/3412 3540/3830/3411 3549/3839/3420
f 3549/3839/3420 3550/3840/3421 3541/3831/3412
f 3542/3832/3413 3541/3831/3412 3550/3840/3421
f 3550/3840/3421 3551/3841/3422 3542/3832/3413
f 3543/3833/3414 3542/3832/3413 3551/3841/3422
f 3551/3841/3422 3552/3842/3423 3543/3833/3414
f 3545/3835/3416 3544/3834/3415 3553/3843/3424
f 3553/3843/3424 3554/3844/3425 3545/3835/3416
f 3546/3836/3417 3545/3835/3416 3554/3844/3425
f 3554/3844/3425 3555/3845/3426 3546/3836/3417
f 3547/3837/3418 3546/3836/3417 3555/3845/3426
f 3555/3845/3426 3556/3846/3427 3547/3837/3418
f 3548/3838/3419 3547/3837/3418 3556/3846/3427
f 3556/3846/3427 3557/3847/3428 3548/3838/3419
f 3549/3839/3420 3548/3838/3419 3557/3847/3428
f 3557/3847/3428 3558/3848/3429 3549/3839/3420
f 3550/3840/3421 3549/3839/3420 3558/3848/3429
f 3558/3848/3429 3559/3849/3430 3550/3840/3421
f 3551/3841/3422 3550/3840/3421 3559/3849/3430
f 3559/3849/3430 3560/3850/3431 3551/3841/3422
f 3552/3842/3423 3551/3841/3422 3560/3850/3431
f 3560/3850/3431 3561/3851/3432 3552/3842/3423
f 3554/3844/3425 3553/3843/3424 3562/3852/3433
f 3562/3852/3433 3563/3853/3434 3554/3844/3425
f 3555/3845/3426 3554/3844/3425 3563/3853/3434
f 3563/3853/3434 3564/3854/3435 3555/3845/3426
f 3556/3846/3427 3555/3845/3426 3564/3854/3435
f 3564/3854/3435 3565/3855/3436 3556/3846/3427
f 3557/3847/3428 3556/3846/3427 3565/3855/3436
f 3565/3855/3436 3566/3856/3437 3557/3847/3428
f 3558/3848/3429 3557/3847/3428 3566/3856/3437
f 3566/3856/3437 3567/3857/3438 3558/3848/3429
f 3559/3849/3430 3558/3848/3429 3567/3857/3438
f 3567/3857/3438 3568/3858/3439 3559/3849/3430
f 3560/3850/3431 3559/3849/3430 3568/3858/3439
f 3568/3858/3439 3569/3859/3440 3560/3850/3431
f 3561/3851/3432 3560/3850/3431 3569/3859/3440
f 3569/3859/3440 3570/3860/3441 3561/3851/3432
f 1170/3861/2018 1113/3796/2018 3507/3797/3378
f 3507/3797/3378 3571/3862/3442 1170/3861/2018
f 1171/3863/2018 1170/3861/2018 3571/3862/3442
f 3571/3862/3442 3572/3864/3443 1171/3863/2018
f 1172/3865/2018 1171/3863/2018 3572/3864/3443
f 3572/3864/3443 3573/3866/3444 1172/3865/2018
f 1173/3867/2018 1172/3865/2018 3573/3866/3444
f 3573/3866/3444 3574/3868/3445 1173/3867/2018
f 1174/3869/2018 1173/3867/2018 3574/3868/3445
f 3574/3868/3445 3575/3870/3446 1174/3869/2018
f 1175/3871/2018 1174/3869/2018 3575/3870/3446
f 3575/3870/3446 3576/3872/3447 1175/3871/2018
f 1176/3873/2018 1175/3871/2018 3576/3872/3447
f 3576/3872/3447 3577/3874/3448 1176/3873/2018
f 1177/3875/2018 1176/3873/2018 3577/3874/3448
f 3577/3874/3448 3578/3876/3449 1177/3875/2018
f 3571/3862/3442 3507/3797/3378 3516/3806/3387
f 3516/3806/3387 3579/3877/3450 3571/3862/3442
f 3572/3864/3443 3571/3862/3442 3579/3877/3450
f 3579/3877/3450 3580/3878/3451 3572/3864/3443
f 3573/3866/3444 3572/3864/3443 3580/3878/3451
f 3580/3878/3451 3581/3879/3452 3573/3866/3444
f 3574/3868/3445 3573/3866/3444 3581/3879/3452
f 3581/3879/3452 3582/3880/3453 3574/3868/3445
f 3575/3870/3446 3574/3868/3445 3582/3880/3453
f 3582/3880/3453 3583/3881/3454 3575/3870/3446
f 3576/3872/3447 3575/3870/3446 3583/3881/3454
f 3583/3881/3454 3584/3882/3455 3576/3872/3447
f 3577/3874/3448 3576/3872/3447 3584/3882/3455
f 3584/3882/3455 3585/3883/3456 3577/3874/3448
f 3578/3876/3449 3577/3874/3448 3585/3883/3456
f 3585/3883/3456 3586/3884/3457 3578/3876/3449
f 3579/3877/3450 3516/3806/3387 3525/3815/3396
f 3525/3815/3396 3587/3885/3458 3579/3877/3450
f 3580/3878/3451 3579/3877/3450 3587/3885/3458
f 3587/3885/3458 3588/3886/3459 3580/3878/3451
f 3581/3879/3452 3580/3878/3451 3588/3886/3459
f 3588/3886/3459 3589/3887/3460 3581/3879/3452
f 3582/3880/3453 3581/3879/3452 3589/3887/3460
f 3589/3887/3460 3590/3888/3461 3582/3880/3453
f 3583/3881/3454 3582/3880/3453 3590/3888/3461
f 3590/3888/3461 3591/3889/3462 3583/3881/3454
f 3584/3882/3455 3583/3881/3454 3591/3889/3462
f 3591/3889/3462 3592/3890/3463 3584/3882/3455
f 3585/3883/3456 3584/3882/3455 3592/3890/3463
f 3592/3890/3463 3593/3891/3464 3585/3883/3456
f 3586/3884/3457 3585/3883/3456 3593/3891/3464
f 3593/3891/3464 3594/3892/3465 3586/3884/3457
f 3587/3885/3458 3525/3815/3396 3534/3824/3405
f 3534/3824/3405 3595/3893/3466 3587/3885/3458
f 3588/3886/3459 3587/3885/3458 3595/3893/3466
f 3595/3893/3466 3596/3894/3467 3588/3886/3459
f 3589/3887/3460 3588/3886/3459 3596/3894/3467
f 3596/3894/3467 3597/3895/3468 3589/3887/3460
f 3590/3888/3461 3589/3887/3460 3597/3895/3468
f 3597/3895/3468 3598/3896/3469 3590/3888/3461
f 3591/3889/3462 3590/3888/3461 3598/3896/3469
f 3598/3896/3469 3599/3897/3470 3591/3889/3462
f 3592/3890/3463 3591/3889/3462 3599/3897/3470
f 3599/3897/3470 3600/3898/3471 3592/3890/3463
f 3593/3891/3464 3592/3890/3463 3600/3898/3471
f 3600/3898/3471 3601/3899/3472 3593/3891/3464
f 3594/3892/3465 3593/3891/3464 3601/3899/3472
f 3601/3899/3472 3602/3900/3473 3594/3892/3465
f 3595/3893/3466 3534/3824/3405 3543/3833/3414
f 3543/3833/3414 3603/3901/3474 3595/3893/3466
f 3596/3894/3467 3595/3893/3466 3603/3901/3474
f 3603/3901/3474 3604/3902/3475 3596/3894/3467
f 3597/3895/3468 3596/3894/3467 3604/3902/3475
f 3604/3902/3475 3605/3903/3476 3597/3895/3468
f 3598/3896/3469 3597/3895/3468 3605/3903/3476
f 3605/3903/3476 3606/3904/3477 3598/3896/3469
f 3599/3897/3470 3598/3896/3469 3606/3904/3477
f 3606/3904/3477 3607/3905/3478 3599/3897/3470
f 3600/3898/3471 3599/3897/3470 3607/3905/3478
f 3607/3905/3478 3608/3906/3479 3600/3898/3471
f 3601/3899/3472 3600/3898/3471 3608/3906/3479
f 3608/3906/3479 3609/3907/3480 3601/3899/3472
f 3602/3900/3473 3601/3899/3472 3609/3907/3480
f 3609/3907/3480 3610/3908/3481 3602/3900/3473
f 3603/3901/3474 3543/3833/3414 3552/3842/3423
f 3552/3842/3423 3611/3909/3482 3603/3901/3474
f 3604/3902/3475 3603/3901/3474 3611/3909/3482
f 3611/3909/3482 3612/3910/3483 3604/3902/3475
f 3605/3903/3476 3604/3902/3475 3612/3910/3483
f 3612/3910/3483 3613/3911/3484 3605/3903/3476
f 3606/3904/3477 3605/3903/3476 3613/3911/3484
f 3613/3911/3484 3614/3912/3485 3606/3904/3477
f 3607/3905/3478 3606/3904/3477 3614/3912/3485
f 3614/3912/3485 3615/3913/3486 3607/3905/3478
f 3608/3906/3479 3607/3905/3478 3615/3913/3486
f 3615/3913/3486 3616/3914/3487 3608/3906/3479
f 3609/3907/3480 3608/3906/3479 3616/3914/3487
f 3616/3914/3487 3617/3915/3488 3609/3907/3480
f 3610/3908/3481 3609/3907/3480 3617/3915/3488
f 3617/3915/3488 3618/3916/3489 3610/3908/3481
f 3611/3909/3482 3552/3842/3423 3561/3851/3432
f 3561/3851/3432 3619/3917/3490 3611/3909/3482
f 3612/3910/3483 3611/3909/3482 3619/3917/3490
f 3619/3917/3490 3620/3918/3491 3612/3910/3483
f 3613/3911/3484 3612/3910/3483 3620/3918/3491
f 3620/3918/3491 3621/3919/3492 3613/3911/3484
f 3614/3912/3485 3613/3911/3484 3621/3919/3492
f 3621/3919/3492 3622/3920/3493 3614/3912/3485
f 3615/3913/3486 3614/3912/3485 3622/3920/3493
f 3622/3920/3493 3623/3921/3494 3615/3913/3486
f 3616/3914/3487 3615/3913/3486 3623/3921/3494
f 3623/3921/3494 3624/3922/3495 3616/3914/3487
f 3617/3915/3488 3616/3914/3487 3624/3922/3495
f 3624/3922/3495 3625/3923/3496 3617/3915/3488
f 3618/3916/3489 3617/3915/3488 3625/3923/3496
f 3625/3923/3496 3626/3924/3497 3618/3916/3489
f 3619/3917/3490 3561/3851/3432 3570/3860/3441
f 3570/3860/3441 3627/3925/3498 3619/3917/3490
f 3620/3918/3491 3619/3917/3490 3627/3925/3498
f 3627/3925/3498 3628/3926/3499 3620/3918/3491
f 3621/3919/3492 3620/3918/3491 3628/3926/3499
f 3628/3926/3499 3629/3927/3500 3621/3919/3492
f 3622/3920/3493 3621/3919/3492 3629/3927/3500
f 3629/3927/3500 3630/3928/3501 3622/3920/3493
f 3623/3921/3494 3622/3920/3493 3630/3928/3501
f 3630/3928/3501 3631/3929/3502 3623/3921/3494
f 3624/3922/3495 3623/3921/3494 3631/3929/3502
f 3631/3929/3502 3632/3930/3503 3624/3922/3495
f 3625/3923/3496 3624/3922/3495 3632/3930/3503
f 3632/3930/3503 3633/3931/3504 3625/3923/3496
f 3626/3924/3497 3625/3923/3496 3633/3931/3504
f 3633/3931/3504 3634/3932/3505 3626/3924/3497
f 3635/3933/3506 1234/3934/2018 1235/3935/2018
f 1235/3935/2018 3636/3936/3507 3635/3933/3506
f 3636/3936/3507 1235/3935/2018 1236/3937/2018
f 1236/3937/2018 3637/3938/3508 3636/3936/3507
f 3637/3938/3508 1236/3937/2018 1237/3939/2018
f 1237/3939/2018 3638/3940/3509 3637/3938/3508
f 3638/3940/3509 1237/3939/2018 1238/3941/2018
f 1238/3941/2018 3639/3942/3510 3638/3940/3509
f 3639/3942/3510 1238/3941/2018 1239/3943/2018
f 1239/3943/2018 3640/3944/3511 3639/3942/3510
f 3640/3944/3511 1239/3943/2018 1240/3945/2018
f 1240/3945/2018 3641/3946/3512 3640/3944/3511
f 3641/3946/3512 1240/3945/2018 1241/3947/2018
f 1241/3947/2018 3642/3948/3513 3641/3946/3512
f 3642/3948/3513 1241/3947/2018 1177/3875/2018
f 1177/3875/2018 3578/3876/3449 3642/3948/3513
f 3643/3949/3514 3635/3933/3506 3636/3936/3507
f 3636/3936/3507 3644/3950/3515 3643/3949/3514
f 3644/3950/3515 3636/3936/3507 3637/3938/3508
f 3637/3938/3508 3645/3951/3516 3644/3950/3515
f 3645/3951/3516 3637/3938/3508 3638/3940/3509
f 3638/3940/3509 3646/3952/3517 3645/3951/3516
f 3646/3952/3517 3638/3940/3509 3639/3942/3510
f 3639/3942/3510 3647/3953/3518 3646/3952/3517
f 3647/3953/3518 3639/3942/3510 3640/3944/3511
f 3640/3944/3511 3648/3954/3519 3647/3953/3518
f 3648/3954/3519 3640/3944/3511 3641/3946/3512
f 3641/3946/3512 3649/3955/3520 3648/3954/3519
f 3649/3955/3520 3641/3946/3512 3642/3948/3513
f 3642/3948/3513 3650/3956/3521 3649/3955/3520
f 3650/3956/3521 3642/3948/3513 3578/3876/3449
f 3578/3876/3449 3586/3884/3457 3650/3956/3521
f 3651/3957/3522 3643/3949/3514 3644/3950/3515
f 3644/3950/3515 3652/3958/3523 3651/3957/3522
f 3652/3958/3523 3644/3950/3515 3645/3951/3516
f 3645/3951/3516 3653/3959/3524 3652/3958/3523
f 3653/3959/3524 3645/3951/3516 3646/3952/3517
f 3646/3952/3517 3654/3960/3525 3653/3959/3524
f 3654/3960/3525 3646/3952/3517 3647/3953/3518
f 3647/3953/3518 3655/3961/3526 3654/3960/3525
f 3655/3961/3526 3647/3953/3518 3648/3954/3519
f 3648/3954/3519 3656/3962/3527 3655/3961/3526
f 3656/3962/3527 3648/3954/3519 3649/3955/3520
f 3649/3955/3520 3657/3963/3528 3656/3962/3527
f 3657/3963/3528 3649/3955/3520 3650/3956/3521
f 3650/3956/3521 3658/3964/3529 3657/3963/3528
f 3658/3964/3529 3650/3956/3521 3586/3884/3457
f 3586/3884/3457 3594/3892/3465 3658/3964/3529
f 3659/3965/3530 3651/3957/3522 3652/3958/3523
f 3652/3958/3523 3660/3966/3531 3659/3965/3530
f 3660/3966/3531 3652/3958/3523 3653/3959/3524
f 3653/3959/3524 3661/3967/3532 3660/3966/3531
f 3661/3967/3532 3653/3959/3524 3654/3960/3525
f 3654/3960/3525 3662/3968/3533 3661/3967/3532
f 3662/3968/3533 3654/3960/3525 3655/3961/3526
f 3655/3961/3526 3663/3969/3534 3662/3968/3533
f 3663/3969/3534 3655/3961/3526 3656/3962/3527
f 3656/3962/3527 3664/3970/3535 3663/3969/3534
f 3664/3970/3535 3656/3962/3527 3657/3963/3528
f 3657/3963/3528 3665/3971/3536 3664/3970/3535
f 3665/3971/3536 3657/3963/3528 3658/3964/3529
f 3658/3964/3529 3666/3972/3537 3665/3971/3536
f 3666/3972/3537 3658/3964/3529 3594/3892/3465
f 3594/3892/3465 3602/3900/3473 3666/3972/3537
f 3667/3973/3538 3659/3965/3530 3660/3966/3531
f 3660/3966/3531 3668/3974/3539 3667/3973/3538
f 3668/3974/3539 3660/3966/3531 3661/3967/3532
f 3661/3967/3532 3669/3975/3540 3668/3974/3539
f 3669/3975/3540 3661/3967/3532 3662/3968/3533
f 3662/3968/3533 3670/3976/3541 3669/3975/3540
f 3670/3976/3541 3662/3968/3533 3663/3969/3534
f 3663/3969/3534 3671/3977/3542 3670/3976/3541
f 3671/3977/3542 3663/3969/3534 3664/3970/3535
f 3664/3970/3535 3672/3978/3543 3671/3977/3542
f 3672/3978/3543 3664/3970/3535 3665/3971/3536
f 3665/3971/3536 3673/3979/3544 3672/3978/3543
f 3673/3979/3544 3665/3971/3536 3666/3972/3537
f 3666/3972/3537 3674/3980/3545 3673/3979/3544
f 3674/3980/3545 3666/3972/3537 3602/3900/3473
f 3602/3900/3473 3610/3908/3481 3674/3980/3545
f 3675/3981/3546 3667/3973/3538 3668/3974/3539
f 3668/3974/3539 3676/3982/3547 3675/3981/3546
f 3676/3982/3547 3668/3974/3539 3669/3975/3540
f 3669/3975/3540 3677/3983/3548 3676/3982/3547
f 3677/3983/3548 3669/3975/3540 3670/3976/3541
f 3670/3976/3541 3678/3984/3549 3677/3983/3548
f 3678/3984/3549 3670/3976/3541 3671/3977/3542
f 3671/3977/3542 3679/3985/3550 3678/3984/3549
f 3679/3985/3550 3671/3977/3542 3672/3978/3543
f 3672/3978/3543 3680/3986/3551 3679/3985/3550
f 3680/3986/3551 3672/3978/3543 3673/3979/3544
f 3673/3979/3544 3681/3987/3552 3680/3986/3551
f 3681/3987/3552 3673/3979/3544 3674/3980/3545
f 3674/3980/3545 3682/3988/3553 3681/3987/3552
f 3682/3988/3553 3674/3980/3545 3610/3908/3481
f 3610/3908/3481 3618/3916/3489 3682/3988/3553
f 3683/3989/3554 3675/3981/3546 3676/3982/3547
f 3676/3982/3547 3684/3990/3555 3683/3989/3554
f 3684/3990/3555 3676/3982/3547 3677/3983/3548
f 3677/3983/3548 3685/3991/3556 3684/3990/3555
f 3685/3991/3556 3677/3983/3548 3678/3984/3549
f 3678/3984/3549 3686/3992/3557 3685/3991/3556
f 3686/3992/3557 3678/3984/3549 3679/3985/3550
f 3679/3985/3550 3687/3993/3558 3686/3992/3557
f 3687/3993/3558 3679/3985/3550 3680/3986/3551
f 3680/3986/3551 3688/3994/3559 3687/3993/3558
f 3688/3994/3559 3680/3986/3551 3681/3987/3552
f 3681/3987/3552 3689/3995/3560 3688/3994/3559
f 3689/3995/3560 3681/3987/3552 3682/3988/3553
f 3682/3988/3553 3690/3996/3561 3689/3995/3560
f 3690/3996/3561 3682/3988/3553 3618/3916/3489
f 3618/3916/3489 3626/3924/3497 3690/3996/3561
f 3691/3997/3562 3683/3989/3554 3684/3990/3555
f 3684/3990/3555 3692/3998/3563 3691/3997/3562
f 3692/3998/3563 3684/3990/3555 3685/3991/3556
f 3685/3991/3556 3693/3999/3564 3692/3998/3563
f 3693/3999/3564 3685/3991/3556 3686/3992/3557
f 3686/3992/3557 3694/4000/3565 3693/3999/3564
f 3694/4000/3565 3686/3992/3557 3687/3993/3558
f 3687/3993/3558 3695/4001/3566 3694/4000/3565
f 3695/4001/3566 3687/3993/3558 3688/3994/3559
f 3688/3994/3559 3696/4002/3567 3695/4001/3566
f 3696/4002/3567 3688/3994/3559 3689/3995/3560
f 3689/3995/3560 3697/4003/3568 3696/4002/3567
f 3697/4003/3568 3689/3995/3560 3690/3996/3561
f 3690/3996/3561 3698/4004/3569 3697/4003/3568
f 3698/4004/3569 3690/3996/3561 3626/3924/3497
f 3626/3924/3497 3634/3932/3505 3698/4004/3569
f 3499/3782/3370 1105/3781/2018 1291/4005/2018
f 1291/4005/2018 3699/4006/3570 3499/3782/3370
f 3699/4006/3570 1291/4005/2018 1292/4007/2018
f 1292/4007/2018 3700/4008/3571 3699/4006/3570
f 3700/4008/3571 1292/4007/2018 1293/4009/2018
f 1293/4009/2018 3701/4010/3572 3700/4008/3571
f 3701/4010/3572 1293/4009/2018 1294/4011/2018
f 1294/4011/2018 3702/4012/3573 3701/4010/3572
f 3702/4012/3573 1294/4011/2018 1295/4013/2018
f 1295/4013/2018 3703/4014/3574 3702/4012/3573
f 3703/4014/3574 1295/4013/2018 1296/4015/2018
f 1296/4015/2018 3704/4016/3575 3703/4014/3574
f 3704/4016/3575 1296/4015/2018 1297/4017/2018
f 1297/4017/2018 3705/4018/3576 3704/4016/3575
f 3705/4018/3576 1297/4017/2018 1234/3934/2018
f 1234/3934/2018 3635/3933/3506 3705/4018/3576
f 3508/3798/3379 3499/3782/3370 3699/4006/3570
f 3699/4006/3570 3706/4019/3577 3508/3798/3379
f 3706/4019/3577 3699/4006/3570 3700/4008/3571
f 3700/4008/3571 3707/4020/3578 3706/4019/3577
f 3707/4020/3578 3700/4008/3571 3701/4010/3572
f 3701/4010/3572 3708/4021/3579 3707/4020/3578
f 3708/4021/3579 3701/4010/3572 3702/4012/3573
f 3702/4012/3573 3709/4022/3580 3708/4021/3579
f 3709/4022/3580 3702/4012/3573 3703/4014/3574
f 3703/4014/3574 3710/4023/3581 3709/4022/3580
f 3710/4023/3581 3703/4014/3574 3704/4016/3575
f 3704/4016/3575 3711/4024/3582 3710/4023/3581
f 3711/4024/3582 3704/4016/3575 3705/4018/3576
f 3705/4018/3576 3712/4025/3583 3711/4024/3582
f 3712/4025/3583 3705/4018/3576 3635/3933/3506
f 3635/3933/3506 3643/3949/3514 3712/4025/3583
f 3517/3807/3388 3508/3798/3379 3706/4019/3577
f 3706/4019/3577 3713/4026/3584 3517/3807/3388
f 3713/4026/3584 3706/4019/3577 3707/4020/3578
f 3707/4020/3578 3714/4027/3585 3713/4026/3584
f 3714/4027/3585 3707/4020/3578 3708/4021/3579
f 3708/4021/3579 3715/4028/3586 3714/4027/3585
f 3715/4028/3586 3708/4021/3579 3709/4022/3580
f 3709/4022/3580 3716/4029/3587 3715/4028/3586
f 3716/4029/3587 3709/4022/3580 3710/4023/3581
f 3710/4023/3581 3717/4030/3588 3716/4029/3587
f 3717/4030/3588 3710/4023/3581 3711/4024/3582
f 3711/4024/3582 3718/4031/3589 3717/4030/3588
f 3718/4031/3589 3711/4024/3582 3712/4025/3583
f 3712/4025/3583 3719/4032/3590 3718/4031/3589
f 3719/4032/3590 3712/4025/3583 3643/3949/3514
f 3643/3949/3514 3651/3957/3522 3719/4032/3590
f 3526/3816/3397 3517/3807/3388 3713/4026/3584
f 3713/4026/3584 3720/4033/3591 3526/3816/3397
f 3720/4033/3591 3713/4026/3584 3714/4027/3585
f 3714/4027/3585 3721/4034/3592 3720/4033/3591
f 3721/4034/3592 3714/4027/3585 3715/4028/3586
f 3715/4028/3586 3722/4035/3593 3721/4034/3592
f 3722/4035/3593 3715/4028/3586 3716/4029/3587
f 3716/4029/3587 3723/4036/3594 3722/4035/3593
f 3723/4036/3594 3716/4029/3587 3717/4030/3588
f 3717/4030/3588 3724/4037/3595 3723/4036/3594
f 3724/4037/3595 3717/4030/3588 3718/4031/3589
f 3718/4031/3589 3725/4038/3596 3724/4037/3595
f 3725/4038/3596 3718/4031/3589 3719/4032/3590
f 3719/4032/3590 3726/4039/3597 3725/4038/3596
f 3726/4039/3597 3719/4032/3590 3651/3957/3522
f 3651/3957/3522 3659/3965/3530 3726/4039/3597
f 3535/3825/3406 3526/3816/3397 3720/4033/3591
f 3720/4033/3591 3727/4040/3598 3535/3825/3406
f 3727/4040/3598 3720/4033/3591 3721/4034/3592
f 3721/4034/3592 3728/4041/3599 3727/4040/3598
f 3728/4041/3599 3721/4034/3592 3722/4035/3593
f 3722/4035/3593 3729/4042/3600 3728/4041/3599
f 3729/4042/3600 3722/4035/3593 3723/4036/3594
f 3723/4036/3594 3730/4043/3601 3729/4042/3600
f 3730/4043/3601 3723/4036/3594 3724/4037/3595
f 3724/4037/3595 3731/4044/3602 3730/4043/3601
f 3731/4044/3602 3724/4037/3595 3725/4038/3596
f 3725/4038/3596 3732/4045/3603 3731/4044/3602
f 3732/4045/3603 3725/4038/3596 3726/4039/3597
f 3726/4039/3597 3733/4046/3604 3732/4045/3603
f 3733/4046/3604 3726/4039/3597 3659/3965/3530
f 3659/3965/3530 3667/3973/3538 3733/4046/3604
f 3544/3834/3415 3535/3825/3406 3727/4040/3598
f 3727/4040/3598 3734/4047/3605 3544/3834/3415
f 3734/4047/3605 3727/4040/3598 3728/4041/3599
f 3728/4041/3599 3735/4048/3606 3734/4047/3605
f 3735/4048/3606 3728/4041/3599 3729/4042/3600
f 3729/4042/3600 3736/4049/3607 3735/4048/3606
f 3736/4049/3607 3729/4042/3600 3730/4043/3601
f 3730/4043/3601 3737/4050/3608 3736/4049/3607
f 3737/4050/3608 3730/4043/3601 3731/4044/3602
f 3731/4044/3602 3738/4051/3609 3737/4050/3608
f 3738/4051/3609 3731/4044/3602 3732/4045/3603
f 3732/4045/3603 3739/4052/3610 3738/4051/3609
f 3739/4052/3610 3732/4045/3603 3733/4046/3604
f 3733/4046/3604 3740/4053/3611 3739/4052/3610
f 3740/4053/3611 3733/4046/3604 3667/3973/3538
f 3667/3973/3538 3675/3981/3546 3740/4053/3611
f 3553/3843/3424 3544/3834/3415 3734/4047/3605
f 3734/4047/3605 3741/4054/3612 3553/3843/3424
f 3741/4054/3612 3734/4047/3605 3735/4048/3606
f 3735/4048/3606 3742/4055/3613 3741/4054/3612
f 3742/4055/3613 3735/4048/3606 3736/4049/3607
f 3736/4049/3607 3743/4056/3614 3742/4055/3613
f 3743/4056/3614 3736/4049/3607 3737/4050/3608
f 3737/4050/3608 3744/4057/3615 3743/4056/3614
f 3744/4057/3615 3737/4050/3608 3738/4051/3609
f 3738/4051/3609 3745/4058/3616 3744/4057/3615
f 3745/4058/3616 3738/4051/3609 3739/4052/3610
f 3739/4052/3610 3746/4059/3617 3745/4058/3616
f 3746/4059/3617 3739/4052/3610 3740/4053/3611
f 3740/4053/3611 3747/4060/3618 3746/4059/3617
f 3747/4060/3618 3740/4053/3611 3675/3981/3546
f 3675/3981/3546 3683/3989/3554 3747/4060/3618
f 3562/3852/3433 3553/3843/3424 3741/4054/3612
f 3741/4054/3612 3748/4061/3619 3562/3852/3433
f 3748/4061/3619 3741/4054/3612 3742/4055/3613
f 3742/4055/3613 3749/4062/3620 3748/4061/3619
f 3749/4062/3620 3742/4055/3613 3743/4056/3614
f 3743/4056/3614 3750/4063/3621 3749/4062/3620
f 3750/4063/3621 3743/4056/3614 3744/4057/3615
f 3744/4057/3615 3751/4064/3622 3750/4063/3621
f 3751/4064/3622 3744/4057/3615 3745/4058/3616
f 3745/4058/3616 3752/4065/3623 3751/4064/3622
f 3752/4065/3623 3745/4058/3616 3746/4059/3617
f 3746/4059/3617 3753/4066/3624 3752/4065/3623
f 3753/4066/3624 3746/4059/3617 3747/4060/3618
f 3747/4060/3618 3754/4067/3625 3753/4066/3624
f 3754/4067/3625 3747/4060/3618 3683/3989/3554
f 3683/3989/3554 3691/3997/3562 3754/4067/3625
f 3563/3853/3434 3562/3852/3433 3755/4068/3626
f 3755/4068/3626 3756/4069/3627 3563/3853/3434
f 3564/3854/3435 3563/3853/3434 3756/4069/3627
f 3756/4069/3627 3757/4070/3628 3564/3854/3435
f 3565/3855/3436 3564/3854/3435 3757/4070/3628
f 3757/4070/3628 3758/4071/3629 3565/3855/3436
f 3566/3856/3437 3565/3855/3436 3758/4071/3629
f 3758/4071/3629 3759/4072/3630 3566/3856/3437
f 3567/3857/3438 3566/3856/3437 3759/4072/3630
f 3759/4072/3630 3760/4073/3631 3567/3857/3438
f 3568/3858/3439 3567/3857/3438 3760/4073/3631
f 3760/4073/3631 3761/4074/3632 3568/3858/3439
f 3569/3859/3440 3568/3858/3439 3761/4074/3632
f 3761/4074/3632 3762/4075/3633 3569/3859/3440
f 3570/3860/3441 3569/3859/3440 3762/4075/3633
f 3762/4075/3633 3763/4076/3634 3570/3860/3441
f 3756/4069/3627 3755/4068/3626 3764/4077/3635
f 3764/4077/3635 3765/4078/3636 3756/4069/3627
f 3757/4070/3628 3756/4069/3627 3765/4078/3636
f 3765/4078/3636 3766/4079/3637 3757/4070/3628
f 3758/4071/3629 3757/4070/3628 3766/4079/3637
f 3766/4079/3637 3767/4080/3638 3758/4071/3629
f 3759/4072/3630 3758/4071/3629 3767/4080/3638
f 3767/4080/3638 3768/4081/3639 3759/4072/3630
f 3760/4073/3631 3759/4072/3630 3768/4081/3639
f 3768/4081/3639 3769/4082/3640 3760/4073/3631
f 3761/4074/3632 3760/4073/3631 3769/4082/3640
f 3769/4082/3640 3770/4083/3641 3761/4074/3632
f 3762/4075/3633 3761/4074/3632 3770/4083/3641
f 3770/4083/3641 3771/4084/3642 3762/4075/3633
f 3763/4076/3634 3762/4075/3633 3771/4084/3642
f 3771/4084/3642 3772/4085/3643 3763/4076/3634
f 3765/4078/3636 3764/4077/3635 3773/4086/3644
f 3773/4086/3644 3774/4087/3645 3765/4078/3636
f 3766/4079/3637 3765/4078/3636 3774/4087/3645
f 3774/4087/3645 3775/4088/3646 3766/4079/3637
f 3767/4080/3638 3766/4079/3637 3775/4088/3646
f 3775/4088/3646 3776/4089/3647 3767/4080/3638
f 3768/4081/3639 3767/4080/3638 3776/4089/3647
f 3776/4089/3647 3777/4090/3648 3768/4081/3639
f 3769/4082/3640 3768/4081/3639 3777/4090/3648
f 3777/4090/3648 3778/4091/3649 3769/4082/3640
f 3770/4083/3641 3769/4082/3640 3778/4091/3649
f 3778/4091/3649 3779/4092/3650 3770/4083/3641
f 3771/4084/3642 3770/4083/3641 3779/4092/3650
f 3779/4092/3650 3780/4093/3651 3771/4084/3642
f 3772/4085/3643 3771/4084/3642 3780/4093/3651
f 3780/4093/3651 3781/4094/3652 3772/4085/3643
f 3774/4087/3645 3773/4086/3644 3782/4095/3481
f 3782/4095/3481 3783/4096/3545 3774/4087/3645
f 3775/4088/3646 3774/4087/3645 3783/4096/3545
f 3783/4096/3545 3784/4097/3544 3775/4088/3646
f 3776/4089/3647 3775/4088/3646 3784/4097/3544
f 3784/4097/3544 3785/4098/3543 3776/4089/3647
f 3777/4090/3648 3776/4089/3647 3785/4098/3543
f 3785/4098/3543 3786/4099/3653 3777/4090/3648
f 3778/4091/3649 3777/4090/3648 3786/4099/3653
f 3786/4099/3653 3787/4100/3541 3778/4091/3649
f 3779/4092/3650 3778/4091/3649 3787/4100/3541
f 3787/4100/3541 3788/4101/3654 3779/4092/3650
f 3780/4093/3651 3779/4092/3650 3788/4101/3654
f 3788/4101/3654 3789/4102/3539 3780/4093/3651
f 3781/4094/3652 3780/4093/3651 3789/4102/3539
f 3789/4102/3539 3790/4103/3538 3781/4094/3652
f 3783/4096/3545 3782/4095/3481 3791/4104/3655
f 3791/4104/3655 3792/4105/3656 3783/4096/3545
f 3784/4097/3544 3783/4096/3545 3792/4105/3656
f 3792/4105/3656 3793/4106/3657 3784/4097/3544
f 3785/4098/3543 3784/4097/3544 3793/4106/3657
f 3793/4106/3657 3794/4107/3658 3785/4098/3543
f 3786/4099/3653 3785/4098/3543 3794/4107/3658
f 3794/4107/3658 3795/4108/3659 3786/4099/3653
f 3787/4100/3541 3786/4099/3653 3795/4108/3659
f 3795/4108/3659 3796/4109/3660 3787/4100/3541
f 3788/4101/3654 3787/4100/3541 3796/4109/3660
f 3796/4109/3660 3797/4110/3661 3788/4101/3654
f 3789/4102/3539 3788/4101/3654 3797/4110/3661
f 3797/4110/3661 3798/4111/3662 3789/4102/3539
f 3790/4103/3538 3789/4102/3539 3798/4111/3662
f 3798/4111/3662 3799/4112/3663 3790/4103/3538
f 3792/4105/3656 3791/4104/3655 3800/4113/3664
f 3800/4113/3664 3801/4114/3665 3792/4105/3656
f 3793/4106/3657 3792/4105/3656 3801/4114/3665
f 3801/4114/3665 3802/4115/3666 3793/4106/3657
f 3794/4107/3658 3793/4106/3657 3802/4115/3666
f 3802/4115/3666 3803/4116/3667 3794/4107/3658
f 3795/4108/3659 3794/4107/3658 3803/4116/3667
f 3803/4116/3667 3804/4117/3668 3795/4108/3659
f 3796/4109/3660 3795/4108/3659 3804/4117/3668
f 3804/4117/3668 3805/4118/3669 3796/4109/3660
f 3797/4110/3661 3796/4109/3660 3805/4118/3669
f 3805/4118/3669 3806/4119/3670 3797/4110/3661
f 3798/4111/3662 3797/4110/3661 3806/4119/3670
f 3806/4119/3670 3807/4120/3671 3798/4111/3662
f 3799/4112/3663 3798/4111/3662 3807/4120/3671
f 3807/4120/3671 3808/4121/3672 3799/4112/3663
f 3801/4114/3665 3800/4113/3664 3809/4122/3673
f 3809/4122/3673 3810/4123/3674 3801/4114/3665
f 3802/4115/3666 3801/4114/3665 3810/4123/3674
f 3810/4123/3674 3811/4124/3675 3802/4115/3666
f 3803/4116/3667 3802/4115/3666 3811/4124/3675
f 3811/4124/3675 3812/4125/3676 3803/4116/3667
f 3804/4117/3668 3803/4116/3667 3812/4125/3676
f 3812/4125/3676 3813/4126/3677 3804/4117/3668
f 3805/4118/3669 3804/4117/3668 3813/4126/3677
f 3813/4126/3677 3814/4127/3678 3805/4118/3669
f 3806/4119/3670 3805/4118/3669 3814/4127/3678
f 3814/4127/3678 3815/4128/3679 3806/4119/3670
f 3807/4120/3671 3806/4119/3670 3815/4128/3679
f 3815/4128/3679 3816/4129/3680 3807/4120/3671
f 3808/4121/3672 3807/4120/3671 3816/4129/3680
f 3816/4129/3680 3817/4130/3681 3808/4121/3672
f 3810/4123/3674 3809/4122/3673 3818/4131/3682
f 3818/4131/3682 3819/4132/3683 3810/4123/3674
f 3811/4124/3675 3810/4123/3674 3819/4132/3683
f 3819/4132/3683 3820/4133/3684 3811/4124/3675
f 3812/4125/3676 3811/4124/3675 3820/4133/3684
f 3820/4133/3684 3821/4134/3685 3812/4125/3676
f 3813/4126/3677 3812/4125/3676 3821/4134/3685
f 3821/4134/3685 3822/4135/3686 3813/4126/3677
f 3814/4127/3678 3813/4126/3677 3822/4135/3686
f 3822/4135/3686 3823/4136/3687 3814/4127/3678
f 3815/4128/3679 3814/4127/3678 3823/4136/3687
f 3823/4136/3687 3824/4137/3688 3815/4128/3679
f 3816/4129/3680 3815/4128/3679 3824/4137/3688
f 3824/4137/3688 3825/4138/3689 3816/4129/3680
f 3817/4130/3681 3816/4129/3680 3825/4138/3689
f 3825/4138/3689 3826/4139/3690 3817/4130/3681
f 3627/3925/3498 3570/3860/3441 3763/4076/3634
f 3763/4076/3634 3827/4140/3691 3627/3925/3498
f 3628/3926/3499 3627/3925/3498 3827/4140/3691
f 3827/4140/3691 3828/4141/3692 3628/3926/3499
f 3629/3927/3500 3628/3926/3499 3828/4141/3692
f 3828/4141/3692 3829/4142/3693 3629/3927/3500
f 3630/3928/3501 3629/3927/3500 3829/4142/3693
f 3829/4142/3693 3830/4143/3694 3630/3928/3501
f 3631/3929/3502 3630/3928/3501 3830/4143/3694
f 3830/4143/3694 3831/4144/3695 3631/3929/3502
f 3632/3930/3503 3631/3929/3502 3831/4144/3695
f 3831/4144/3695 3832/4145/3696 3632/3930/3503
f 3633/3931/3504 3632/3930/3503 3832/4145/3696
f 3832/4145/3696 3833/4146/3697 3633/3931/3504
f 3634/3932/3505 3633/3931/3504 3833/4146/3697
f 3833/4146/3697 3834/4147/3698 3634/3932/3505
f 3827/4140/3691 3763/4076/3634 3772/4085/3643
f 3772/4085/3643 3835/4148/3699 3827/4140/3691
f 3828/4141/3692 3827/4140/3691 3835/4148/3699
f 3835/4148/3699 3836/4149/3700 3828/4141/3692
f 3829/4142/3693 3828/4141/3692 3836/4149/3700
f 3836/4149/3700 3837/4150/3701 3829/4142/3693
f 3830/4143/3694 3829/4142/3693 3837/4150/3701
f 3837/4150/3701 3838/4151/3702 3830/4143/3694
f 3831/4144/3695 3830/4143/3694 3838/4151/3702
f 3838/4151/3702 3839/4152/3703 3831/4144/3695
f 3832/4145/3696 3831/4144/3695 3839/4152/3703
f 3839/4152/3703 3840/4153/3704 3832/4145/3696
f 3833/4146/3697 3832/4145/3696 3840/4153/3704
f 3840/4153/3704 3841/4154/3705 3833/4146/3697
f 3834/4147/3698 3833/4146/3697 3841/4154/3705
f 3841/4154/3705 3842/4155/3706 3834/4147/3698
f 3835/4148/3699 3772/4085/3643 3781/4094/3652
f 3781/4094/3652 3843/4156/3707 3835/4148/3699
f 3836/4149/3700 3835/4148/3699 3843/4156/3707
f 3843/4156/3707 3844/4157/3708 3836/4149/3700
f 3837/4150/3701 3836/4149/3700 3844/4157/3708
f 3844/4157/3708 3845/4158/3709 3837/4150/3701
f 3838/4151/3702 3837/4150/3701 3845/4158/3709
f 3845/4158/3709 3846/4159/3710 3838/4151/3702
f 3839/4152/3703 3838/4151/3702 3846/4159/3710
f 3846/4159/3710 3847/4160/3711 3839/4152/3703
f 3840/4153/3704 3839/4152/3703 3847/4160/3711
f 3847/4160/3711 3848/4161/3712 3840/4153/3704
f 3841/4154/3705 3840/4153/3704 3848/4161/3712
f 3848/4161/3712 3849/4162/3713 3841/4154/3705
f 3842/4155/3706 3841/4154/3705 3849/4162/3713
f 3849/4162/3713 3850/4163/3714 3842/4155/3706
f 3843/4156/3707 3781/4094/3652 3790/4103/3538
f 3790/4103/3538 3851/4164/3604 3843/4156/3707
f 3844/4157/3708 3843/4156/3707 3851/4164/3604
f 3851/4164/3604 3852/4165/3603 3844/4157/3708
f 3845/4158/3709 3844/4157/3708 3852/4165/3603
f 3852/4165/3603 3853/4166/3715 3845/4158/3709
f 3846/4159/3710 3845/4158/3709 3853/4166/3715
f 3853/4166/3715 3854/4167/3716 3846/4159/3710
f 3847/4160/3711 3846/4159/3710 3854/4167/3716
f 3854/4167/3716 3855/4168/3600 3847/4160/3711
f 3848/4161/3712 3847/4160/3711 3855/4168/3600
f 3855/4168/3600 3856/4169/3717 3848/4161/3712
f 3849/4162/3713 3848/4161/3712 3856/4169/3717
f 3856/4169/3717 3857/4170/3598 3849/4162/3713
f 3850/4163/3714 3849/4162/3713 3857/4170/3598
f 3857/4170/3598 3858/4171/3718 3850/4163/3714
f 3851/4164/3604 3790/4103/3538 3799/4112/3663
f 3799/4112/3663 3859/4172/3719 3851/4164/3604
f 3852/4165/3603 3851/4164/3604 3859/4172/3719
f 3859/4172/3719 3860/4173/3720 3852/4165/3603
f 3853/4166/3715 3852/4165/3603 3860/4173/3720
f 3860/4173/3720 3861/4174/3721 3853/4166/3715
f 3854/4167/3716 3853/4166/3715 3861/4174/3721
f 3861/4174/3721 3862/4175/3722 3854/4167/3716
f 3855/4168/3600 3854/4167/3716 3862/4175/3722
f 3862/4175/3722 3863/4176/3723 3855/4168/3600
f 3856/4169/3717 3855/4168/3600 3863/4176/3723
f 3863/4176/3723 3864/4177/3724 3856/4169/3717
f 3857/4170/3598 3856/4169/3717 3864/4177/3724
f 3864/4177/3724 3865/4178/3725 3857/4170/3598
f 3858/4171/3718 3857/4170/3598 3865/4178/3725
f 3865/4178/3725 3866/4179/3726 3858/4171/3718
f 3859/4172/3719 3799/4112/3663 3808/4121/3672
f 3808/4121/3672 3867/4180/3727 3859/4172/3719
f 3860/4173/3720 3859/4172/3719 3867/4180/3727
f 3867/4180/3727 3868/4181/3728 3860/4173/3720
f 3861/4174/3721 3860/4173/3720 3868/4181/3728
f 3868/4181/3728 3869/4182/3729 3861/4174/3721
f 3862/4175/3722 3861/4174/3721 3869/4182/3729
f 3869/4182/3729 3870/4183/3730 3862/4175/3722
f 3863/4176/3723 3862/4175/3722 3870/4183/3730
f 3870/4183/3730 3871/4184/3731 3863/4176/3723
f 3864/4177/3724 3863/4176/3723 3871/4184/3731
f 3871/4184/3731 3872/4185/3732 3864/4177/3724
f 3865/4178/3725 3864/4177/3724 3872/4185/3732
f 3872/4185/3732 3873/4186/3733 3865/4178/3725
f 3866/4179/3726 3865/4178/3725 3873/4186/3733
f 3873/4186/3733 3874/4187/3734 3866/4179/3726
f 3867/4180/3727 3808/4121/3672 3817/4130/3681
f 3817/4130/3681 3875/4188/3735 3867/4180/3727
f 3868/4181/3728 3867/4180/3727 3875/4188/3735
f 3875/4188/3735 3876/4189/3736 3868/4181/3728
f 3869/4182/3729 3868/4181/3728 3876/4189/3736
f 3876/4189/3736 3877/4190/3737 3869/4182/3729
f 3870/4183/3730 3869/4182/3729 3877/4190/3737
f 3877/4190/3737 3878/4191/3738 3870/4183/3730
f 3871/4184/3731 3870/4183/3730 3878/4191/3738
f 3878/4191/3738 3879/4192/3739 3871/4184/3731
f 3872/4185/3732 3871/4184/3731 3879/4192/3739
f 3879/4192/3739 3880/4193/3740 3872/4185/3732
f 3873/4186/3733 3872/4185/3732 3880/4193/3740
f 3880/4193/3740 3881/4194/3741 3873/4186/3733
f 3874/4187/3734 3873/4186/3733 3881/4194/3741
f 3881/4194/3741 3882/4195/3742 3874/4187/3734
f 3875/4188/3735 3817/4130/3681 3826/4139/3690
f 3826/4139/3690 3883/4196/3743 3875/4188/3735
f 3876/4189/3736 3875/4188/3735 3883/4196/3743
f 3883/4196/3743 3884/4197/3744 3876/4189/3736
f 3877/4190/3737 3876/4189/3736 3884/4197/3744
f 3884/4197/3744 3885/4198/3745 3877/4190/3737
f 3878/4191/3738 3877/4190/3737 3885/4198/3745
f 3885/4198/3745 3886/4199/3746 3878/4191/3738
f 3879/4192/3739 3878/4191/3738 3886/4199/3746
f 3886/4199/3746 3887/4200/3747 3879/4192/3739
f 3880/4193/3740 3879/4192/3739 3887/4200/3747
f 3887/4200/3747 3888/4201/3748 3880/4193/3740
f 3881/4194/3741 3880/4193/3740 3888/4201/3748
f 3888/4201/3748 3889/4202/3749 3881/4194/3741
f 3882/4195/3742 3881/4194/3741 3889/4202/3749
f 3889/4202/3749 3890/4203/3750 3882/4195/3742
f 3891/4204/3751 3691/3997/3562 3692/3998/3563
f 3692/3998/3563 3892/4205/3752 3891/4204/3751
f 3892/4205/3752 3692/3998/3563 3693/3999/3564
f 3693/3999/3564 3893/4206/3753 3892/4205/3752
f 3893/4206/3753 3693/3999/3564 3694/4000/3565
f 3694/4000/3565 3894/4207/3754 3893/4206/3753
f 3894/4207/3754 3694/4000/3565 3695/4001/3566
f 3695/4001/3566 3895/4208/3755 3894/4207/3754
f 3895/4208/3755 3695/4001/3566 3696/4002/3567
f 3696/4002/3567 3896/4209/3756 3895/4208/3755
f 3896/4209/3756 3696/4002/3567 3697/4003/3568
f 3697/4003/3568 3897/4210/3757 3896/4209/3756
f 3897/4210/3757 3697/4003/3568 3698/4004/3569
f 3698/4004/3569 3898/4211/3758 3897/4210/3757
f 3898/4211/3758 3698/4004/3569 3634/3932/3505
f 3634/3932/3505 3834/4147/3698 3898/4211/3758
f 3899/4212/3759 3891/4204/3751 3892/4205/3752
f 3892/4205/3752 3900/4213/3760 3899/4212/3759
f 3900/4213/3760 3892/4205/3752 3893/4206/3753
f 3893/4206/3753 3901/4214/3761 3900/4213/3760
f 3901/4214/3761 3893/4206/3753 3894/4207/3754
f 3894/4207/3754 3902/4215/3762 3901/4214/3761
f 3902/4215/3762 3894/4207/3754 3895/4208/3755
f 3895/4208/3755 3903/4216/3763 3902/4215/3762
f 3903/4216/3763 3895/4208/3755 3896/4209/3756
f 3896/4209/3756 3904/4217/3764 3903/4216/3763
f 3904/4217/3764 3896/4209/3756 3897/4210/3757
f 3897/4210/3757 3905/4218/3765 3904/4217/3764
f 3905/4218/3765 3897/4210/3757 3898/4211/3758
f 3898/4211/3758 3906/4219/3766 3905/4218/3765
f 3906/4219/3766 3898/4211/3758 3834/4147/3698
f 3834/4147/3698 3842/4155/3706 3906/4219/3766
f 3907/4220/3767 3899/4212/3759 3900/4213/3760
f 3900/4213/3760 3908/4221/3768 3907/4220/3767
f 3908/4221/3768 3900/4213/3760 3901/4214/3761
f 3901/4214/3761 3909/4222/3769 3908/4221/3768
f 3909/4222/3769 3901/4214/3761 3902/4215/3762
f 3902/4215/3762 3910/4223/3770 3909/4222/3769
f 3910/4223/3770 3902/4215/3762 3903/4216/3763
f 3903/4216/3763 3911/4224/3771 3910/4223/3770
f 3911/4224/3771 3903/4216/3763 3904/4217/3764
f 3904/4217/3764 3912/4225/3772 3911/4224/3771
f 3912/4225/3772 3904/4217/3764 3905/4218/3765
f 3905/4218/3765 3913/4226/3773 3912/4225/3772
f 3913/4226/3773 3905/4218/3765 3906/4219/3766
f 3906/4219/3766 3914/4227/3774 3913/4226/3773
f 3914/4227/3774 3906/4219/3766 3842/4155/3706
f 3842/4155/3706 3850/4163/3714 3914/4227/3774
f 3915/4228/3775 3907/4220/3767 3908/4221/3768
f 3908/4221/3768 3916/4229/3413 3915/4228/3775
f 3916/4229/3413 3908/4221/3768 3909/4222/3769
f 3909/4222/3769 3917/4230/3412 3916/4229/3413
f 3917/4230/3412 3909/4222/3769 3910/4223/3770
f 3910/4223/3770 3918/4231/3411 3917/4230/3412
f 3918/4231/3411 3910/4223/3770 3911/4224/3771
f 3911/4224/3771 3919/4232/3776 3918/4231/3411
f 3919/4232/3776 3911/4224/3771 3912/4225/3772
f 3912/4225/3772 3920/4233/3409 3919/4232/3776
f 3920/4233/3409 3912/4225/3772 3913/4226/3773
f 3913/4226/3773 3921/4234/3408 3920/4233/3409
f 3921/4234/3408 3913/4226/3773 3914/4227/3774
f 3914/4227/3774 3922/4235/3407 3921/4234/3408
f 3922/4235/3407 3914/4227/3774 3850/4163/3714
f 3850/4163/3714 3858/4171/3718 3922/4235/3407
f 3923/4236/3777 3915/4228/3775 3916/4229/3413
f 3916/4229/3413 3924/4237/3778 3923/4236/3777
f 3924/4237/3778 3916/4229/3413 3917/4230/3412
f 3917/4230/3412 3925/4238/3779 3924/4237/3778
f 3925/4238/3779 3917/4230/3412 3918/4231/3411
f 3918/4231/3411 3926/4239/3780 3925/4238/3779
f 3926/4239/3780 3918/4231/3411 3919/4232/3776
f 3919/4232/3776 3927/4240/3781 3926/4239/3780
f 3927/4240/3781 3919/4232/3776 3920/4233/3409
f 3920/4233/3409 3928/4241/3782 3927/4240/3781
f 3928/4241/3782 3920/4233/3409 3921/4234/3408
f 3921/4234/3408 3929/4242/3783 3928/4241/3782
f 3929/4242/3783 3921/4234/3408 3922/4235/3407
f 3922/4235/3407 3930/4243/3784 3929/4242/3783
f 3930/4243/3784 3922/4235/3407 3858/4171/3718
f 3858/4171/3718 3866/4179/3726 3930/4243/3784
f 3931/4244/3785 3923/4236/3777 3924/4237/3778
f 3924/4237/3778 3932/4245/3786 3931/4244/3785
f 3932/4245/3786 3924/4237/3778 3925/4238/3779
f 3925/4238/3779 3933/4246/3787 3932/4245/3786
f 3933/4246/3787 3925/4238/3779 3926/4239/3780
f 3926/4239/3780 3934/4247/3788 3933/4246/3787
f 3934/4247/3788 3926/4239/3780 3927/4240/3781
f 3927/4240/3781 3935/4248/3789 3934/4247/3788
f 3935/4248/3789 3927/4240/3781 3928/4241/3782
f 3928/4241/3782 3936/4249/3790 3935/4248/3789
f 3936/4249/3790 3928/4241/3782 3929/4242/3783
f 3929/4242/3783 3937/4250/3791 3936/4249/3790
f 3937/4250/3791 3929/4242/3783 3930/4243/3784
f 3930/4243/3784 3938/4251/3792 3937/4250/3791
f 3938/4251/3792 3930/4243/3784 3866/4179/3726
f 3866/4179/3726 3874/4187/3734 3938/4251/3792
f 3939/4252/3793 3931/4244/3785 3932/4245/3786
f 3932/4245/3786 3940/4253/3794 3939/4252/3793
f 3940/4253/3794 3932/4245/3786 3933/4246/3787
f 3933/4246/3787 3941/4254/3795 3940/4253/3794
f 3941/4254/3795 3933/4246/3787 3934/4247/3788
f 3934/4247/3788 3942/4255/3796 3941/4254/3795
f 3942/4255/3796 3934/4247/3788 3935/4248/3789
f 3935/4248/3789 3943/4256/3797 3942/4255/3796
f 3943/4256/3797 3935/4248/3789 3936/4249/3790
f 3936/4249/3790 3944/4257/3798 3943/4256/3797
f 3944/4257/3798 3936/4249/3790 3937/4250/3791
f 3937/4250/3791 3945/4258/3799 3944/4257/3798
f 3945/4258/3799 3937/4250/3791 3938/4251/3792
f 3938/4251/3792 3946/4259/3800 3945/4258/3799
f 3946/4259/3800 3938/4251/3792 3874/4187/3734
f 3874/4187/3734 3882/4195/3742 3946/4259/3800
f 3947/4260/3801 3939/4252/3793 3940/4253/3794
f 3940/4253/3794 3948/4261/3802 3947/4260/3801
f 3948/4261/3802 3940/4253/3794 3941/4254/3795
f 3941/4254/3795 3949/4262/3803 3948/4261/3802
f 3949/4262/3803 3941/4254/3795 3942/4255/3796
f 3942/4255/3796 3950/4263/3804 3949/4262/3803
f 3950/4263/3804 3942/4255/3796 3943/4256/3797
f 3943/4256/3797 3951/4264/3805 3950/4263/3804
f 3951/4264/3805 3943/4256/3797 3944/4257/3798
f 3944/4257/3798 3952/4265/3806 3951/4264/3805
f 3952/4265/3806 3944/4257/3798 3945/4258/3799
f 3945/4258/3799 3953/4266/3807 3952/4265/3806
f 3953/4266/3807 3945/4258/3799 3946/4259/3800
f 3946/4259/3800 3954/4267/3808 3953/4266/3807
f 3954/4267/3808 3946/4259/3800 3882/4195/3742
f 3882/4195/3742 3890/4203/3750 3954/4267/3808
f 3755/4068/3626 3562/3852/3433 3748/4061/3619
f 3748/4061/3619 3955/4268/3809 3755/4068/3626
f 3955/4268/3809 3748/4061/3619 3749/4062/3620
f 3749/4062/3620 3956/4269/3810 3955/4268/3809
f 3956/4269/3810 3749/4062/3620 3750/4063/3621
f 3750/4063/3621 3957/4270/3811 3956/4269/3810
f 3957/4270/3811 3750/4063/3621 3751/4064/3622
f 3751/4064/3622 3958/4271/3812 3957/4270/3811
f 3958/4271/3812 3751/4064/3622 3752/4065/3623
f 3752/4065/3623 3959/4272/3813 3958/4271/3812
f 3959/4272/3813 3752/4065/3623 3753/4066/3624
f 3753/4066/3624 3960/4273/3814 3959/4272/3813
f 3960/4273/3814 3753/4066/3624 3754/4067/3625
f 3754/4067/3625 3961/4274/3815 3960/4273/3814
f 3961/4274/3815 3754/4067/3625 3691/3997/3562
f 3691/3997/3562 3891/4204/3751 3961/4274/3815
f 3764/4077/3635 3755/4068/3626 3955/4268/3809
f 3955/4268/3809 3962/4275/3816 3764/4077/3635
f 3962/4275/3816 3955/4268/3809 3956/4269/3810
f 3956/4269/3810 3963/4276/3817 3962/4275/3816
f 3963/4276/3817 3956/4269/3810 3957/4270/3811
f 3957/4270/3811 3964/4277/3818 3963/4276/3817
f 3964/4277/3818 3957/4270/3811 3958/4271/3812
f 3958/4271/3812 3965/4278/3819 3964/4277/3818
f 3965/4278/3819 3958/4271/3812 3959/4272/3813
f 3959/4272/3813 3966/4279/3820 3965/4278/3819
f 3966/4279/3820 3959/4272/3813 3960/4273/3814
f 3960/4273/3814 3967/4280/3821 3966/4279/3820
f 3967/4280/3821 3960/4273/3814 3961/4274/3815
f 3961/4274/3815 3968/4281/3822 3967/4280/3821
f 3968/4281/3822 3961/4274/3815 3891/4204/3751
f 3891/4204/3751 3899/4212/3759 3968/4281/3822
f 3773/4086/3644 3764/4077/3635 3962/4275/3816
f 3962/4275/3816 3969/4282/3823 3773/4086/3644
f 3969/4282/3823 3962/4275/3816 3963/4276/3817
f 3963/4276/3817 3970/4283/3824 3969/4282/3823
f 3970/4283/3824 3963/4276/3817 3964/4277/3818
f 3964/4277/3818 3971/4284/3825 3970/4283/3824
f 3971/4284/3825 3964/4277/3818 3965/4278/3819
f 3965/4278/3819 3972/4285/3826 3971/4284/3825
f 3972/4285/3826 3965/4278/3819 3966/4279/3820
f 3966/4279/3820 3973/4286/3827 3972/4285/3826
f 3973/4286/3827 3966/4279/3820 3967/4280/3821
f 3967/4280/3821 3974/4287/3828 3973/4286/3827
f 3974/4287/3828 3967/4280/3821 3968/4281/3822
f 3968/4281/3822 3975/4288/3829 3974/4287/3828
f 3975/4288/3829 3968/4281/3822 3899/4212/3759
f 3899/4212/3759 3907/4220/3767 3975/4288/3829
f 3782/4095/3481 3773/4086/3644 3969/4282/3823
f 3969/4282/3823 3976/4289/3480 3782/4095/3481
f 3976/4289/3480 3969/4282/3823 3970/4283/3824
f 3970/4283/3824 3977/4290/3479 3976/4289/3480
f 3977/4290/3479 3970/4283/3824 3971/4284/3825
f 3971/4284/3825 3978/4291/3478 3977/4290/3479
f 3978/4291/3478 3971/4284/3825 3972/4285/3826
f 3972/4285/3826 3979/4292/3830 3978/4291/3478
f 3979/4292/3830 3972/4285/3826 3973/4286/3827
f 3973/4286/3827 3980/4293/3476 3979/4292/3830
f 3980/4293/3476 3973/4286/3827 3974/4287/3828
f 3974/4287/3828 3981/4294/3475 3980/4293/3476
f 3981/4294/3475 3974/4287/3828 3975/4288/3829
f 3975/4288/3829 3982/4295/3474 3981/4294/3475
f 3982/4295/3474 3975/4288/3829 3907/4220/3767
f 3907/4220/3767 3915/4228/3775 3982/4295/3474
f 3791/4104/3655 3782/4095/3481 3976/4289/3480
f 3976/4289/3480 3983/4296/3831 3791/4104/3655
f 3983/4296/3831 3976/4289/3480 3977/4290/3479
f 3977/4290/3479 3984/4297/3832 3983/4296/3831
f 3984/4297/3832 3977/4290/3479 3978/4291/3478
f 3978/4291/3478 3985/4298/3833 3984/4297/3832
f 3985/4298/3833 3978/4291/3478 3979/4292/3830
f 3979/4292/3830 3986/4299/3834 3985/4298/3833
f 3986/4299/3834 3979/4292/3830 3980/4293/3476
f 3980/4293/3476 3987/4300/3835 3986/4299/3834
f 3987/4300/3835 3980/4293/3476 3981/4294/3475
f 3981/4294/3475 3988/4301/3836 3987/4300/3835
f 3988/4301/3836 3981/4294/3475 3982/4295/3474
f 3982/4295/3474 3989/4302/3837 3988/4301/3836
f 3989/4302/3837 3982/4295/3474 3915/4228/3775
f 3915/4228/3775 3923/4236/3777 3989/4302/3837
f 3800/4113/3664 3791/4104/3655 3983/4296/3831
f 3983/4296/3831 3990/4303/3838 3800/4113/3664
f 3990/4303/3838 3983/4296/3831 3984/4297/3832
f 3984/4297/3832 3991/4304/3839 3990/4303/3838
f 3991/4304/3839 3984/4297/3832 3985/4298/3833
f 3985/4298/3833 3992/4305/3840 3991/4304/3839
f 3992/4305/3840 3985/4298/3833 3986/4299/3834
f 3986/4299/3834 3993/4306/3841 3992/4305/3840
f 3993/4306/3841 3986/4299/3834 3987/4300/3835
f 3987/4300/3835 3994/4307/3842 3993/4306/3841
f 3994/4307/3842 3987/4300/3835 3988/4301/3836
f 3988/4301/3836 3995/4308/3843 3994/4307/3842
f 3995/4308/3843 3988/4301/3836 3989/4302/3837
f 3989/4302/3837 3996/4309/3844 3995/4308/3843
f 3996/4309/3844 3989/4302/3837 3923/4236/3777
f 3923/4236/3777 3931/4244/3785 3996/4309/3844
f 3809/4122/3673 3800/4113/3664 3990/4303/3838
f 3990/4303/3838 3997/4310/3845 3809/4122/3673
f 3997/4310/3845 3990/4303/3838 3991/4304/3839
f 3991/4304/3839 3998/4311/3846 3997/4310/3845
f 3998/4311/3846 3991/4304/3839 3992/4305/3840
f 3992/4305/3840 3999/4312/3847 3998/4311/3846
f 3999/4312/3847 3992/4305/3840 3993/4306/3841
f 3993/4306/3841 4000/4313/3848 3999/4312/3847
f 4000/4313/3848 3993/4306/3841 3994/4307/3842
f 3994/4307/3842 4001/4314/3849 4000/4313/3848
f 4001/4314/3849 3994/4307/3842 3995/4308/3843
f 3995/4308/3843 4002/4315/3850 4001/4314/3849
f 4002/4315/3850 3995/4308/3843 3996/4309/3844
f 3996/4309/3844 4003/4316/3851 4002/4315/3850
f 4003/4316/3851 3996/4309/3844 3931/4244/3785
f 3931/4244/3785 3939/4252/3793 4003/4316/3851
f 3818/4131/3682 3809/4122/3673 3997/4310/3845
f 3997/4310/3845 4004/4317/3852 3818/4131/3682
f 4004/4317/3852 3997/4310/3845 3998/4311/3846
f 3998/4311/3846 4005/4318/3853 4004/4317/3852
f 4005/4318/3853 3998/4311/3846 3999/4312/3847
f 3999/4312/3847 4006/4319/3854 4005/4318/3853
f 4006/4319/3854 3999/4312/3847 4000/4313/3848
f 4000/4313/3848 4007/4320/3855 4006/4319/3854
f 4007/4320/3855 4000/4313/3848 4001/4314/3849
f 4001/4314/3849 4008/4321/3856 4007/4320/3855
f 4008/4321/3856 4001/4314/3849 4002/4315/3850
f 4002/4315/3850 4009/4322/3857 4008/4321/3856
f 4009/4322/3857 4002/4315/3850 4003/4316/3851
f 4003/4316/3851 4010/4323/3858 4009/4322/3857
f 4010/4323/3858 4003/4316/3851 3939/4252/3793
f 3939/4252/3793 3947/4260/3801 4010/4323/3858
f 3819/4132/3683 3818/4131/3682 4011/4324/3859
f 4011/4324/3859 4012/4325/3860 3819/4132/3683
f 3820/4133/3684 3819/4132/3683 4012/4325/3860
f 4012/4325/3860 4013/4326/3861 3820/4133/3684
f 3821/4134/3685 3820/4133/3684 4013/4326/3861
f 4013/4326/3861 4014/4327/3862 3821/4134/3685
f 3822/4135/3686 3821/4134/3685 4014/4327/3862
f 4014/4327/3862 4015/4328/3863 3822/4135/3686
f 3823/4136/3687 3822/4135/3686 4015/4328/3863
f 4015/4328/3863 4016/4329/3864 3823/4136/3687
f 3824/4137/3688 3823/4136/3687 4016/4329/3864
f 4016/4329/3864 4017/4330/3865 3824/4137/3688
f 3825/4138/3689 3824/4137/3688 4017/4330/3865
f 4017/4330/3865 4018/4331/3866 3825/4138/3689
f 3826/4139/3690 3825/4138/3689 4018/4331/3866
f 4018/4331/3866 4019/4332/3867 3826/4139/3690
f 4012/4325/3860 4011/4324/3859 4020/4333/3868
f 4020/4333/3868 4021/4334/3869 4012/4325/3860
f 4013/4326/3861 4012/4325/3860 4021/4334/3869
f 4021/4334/3869 4022/4335/3870 4013/4326/3861
f 4014/4327/3862 4013/4326/3861 4022/4335/3870
f 4022/4335/3870 4023/4336/3871 4014/4327/3862
f 4015/4328/3863 4014/4327/3862 4023/4336/3871
f 4023/4336/3871 4024/4337/3872 4015/4328/3863
f 4016/4329/3864 4015/4328/3863 4024/4337/3872
f 4024/4337/3872 4025/4338/3873 4016/4329/3864
f 4017/4330/3865 4016/4329/3864 4025/4338/3873
f 4025/4338/3873 4026/4339/3874 4017/4330/3865
f 4018/4331/3866 4017/4330/3865 4026/4339/3874
f 4026/4339/3874 4027/4340/3875 4018/4331/3866
f 4019/4332/3867 4018/4331/3866 4027/4340/3875
f 4027/4340/3875 4028/4341/3876 4019/4332/3867
f 4021/4334/3869 4020/4333/3868 4029/4342/3877
f 4029/4342/3877 4030/4343/3878 4021/4334/3869
f 4022/4335/3870 4021/4334/3869 4030/4343/3878
f 4030/4343/3878 4031/4344/3879 4022/4335/3870
f 4023/4336/3871 4022/4335/3870 4031/4344/3879
f 4031/4344/3879 4032/4345/3880 4023/4336/3871
f 4024/4337/3872 4023/4336/3871 4032/4345/3880
f 4032/4345/3880 4033/4346/3881 4024/4337/3872
f 4025/4338/3873 4024/4337/3872 4033/4346/3881
f 4033/4346/3881 4034/4347/3882 4025/4338/3873
f 4026/4339/3874 4025/4338/3873 4034/4347/3882
f 4034/4347/3882 4035/4348/3883 4026/4339/3874
f 4027/4340/3875 4026/4339/3874 4035/4348/3883
f 4035/4348/3883 4036/4349/3884 4027/4340/3875
f 4028/4341/3876 4027/4340/3875 4036/4349/3884
f 4036/4349/3884 4037/4350/3885 4028/4341/3876
f 4030/4343/3878 4029/4342/3877 4038/4351/3886
f 4038/4351/3886 4039/4352/3887 4030/4343/3878
f 4031/4344/3879 4030/4343/3878 4039/4352/3887
f 4039/4352/3887 4040/4353/3888 4031/4344/3879
f 4032/4345/3880 4031/4344/3879 4040/4353/3888
f 4040/4353/3888 4041/4354/3889 4032/4345/3880
f 4033/4346/3881 4032/4345/3880 4041/4354/3889
f 4041/4354/3889 4042/4355/3890 4033/4346/3881
f 4034/4347/3882 4033/4346/3881 4042/4355/3890
f 4042/4355/3890 4043/4356/3891 4034/4347/3882
f 4035/4348/3883 4034/4347/3882 4043/4356/3891
f 4043/4356/3891 4044/4357/3892 4035/4348/3883
f 4036/4349/3884 4035/4348/3883 4044/4357/3892
f 4044/4357/3892 4045/4358/3893 4036/4349/3884
f 4037/4350/3885 4036/4349/3884 4045/4358/3893
f 4045/4358/3893 4046/4359/3894 4037/4350/3885
f 4039/4352/3887 4038/4351/3886 4047/4360/3895
f 4047/4360/3895 4048/4361/3896 4039/4352/3887
f 4040/4353/3888 4039/4352/3887 4048/4361/3896
f 4048/4361/3896 4049/4362/3897 4040/4353/3888
f 4041/4354/3889 4040/4353/3888 4049/4362/3897
f 4049/4362/3897 4050/4363/3898 4041/4354/3889
f 4042/4355/3890 4041/4354/3889 4050/4363/3898
f 4050/4363/3898 4051/4364/3899 4042/4355/3890
f 4043/4356/3891 4042/4355/3890 4051/4364/3899
f 4051/4364/3899 4052/4365/3900 4043/4356/3891
f 4044/4357/3892 4043/4356/3891 4052/4365/3900
f 4052/4365/3900 4053/4366/3901 4044/4357/3892
f 4045/4358/3893 4044/4357/3892 4053/4366/3901
f 4053/4366/3901 4054/4367/3902 4045/4358/3893
f 4046/4359/3894 4045/4358/3893 4054/4367/3902
f 4054/4367/3902 4055/4368/3903 4046/4359/3894
f 4048/4361/3896 4047/4360/3895 4056/4369/3904
f 4056/4369/3904 4057/4370/3905 4048/4361/3896
f 4049/4362/3897 4048/4361/3896 4057/4370/3905
f 4057/4370/3905 4058/4371/3906 4049/4362/3897
f 4050/4363/3898 4049/4362/3897 4058/4371/3906
f 4058/4371/3906 4059/4372/3907 4050/4363/3898
f 4051/4364/3899 4050/4363/3898 4059/4372/3907
f 4059/4372/3907 4060/4373/3908 4051/4364/3899
f 4052/4365/3900 4051/4364/3899 4060/4373/3908
f 4060/4373/3908 4061/4374/3909 4052/4365/3900
f 4053/4366/3901 4052/4365/3900 4061/4374/3909
f 4061/4374/3909 4062/4375/3910 4053/4366/3901
f 4054/4367/3902 4053/4366/3901 4062/4375/3910
f 4062/4375/3910 4063/4376/3911 4054/4367/3902
f 4055/4368/3903 4054/4367/3902 4063/4376/3911
f 4063/4376/3911 4064/4377/3912 4055/4368/3903
f 4057/4370/3905 4056/4369/3904 4065/4378/3913
f 4065/4378/3913 4066/4379/3914 4057/4370/3905
f 4058/4371/3906 4057/4370/3905 4066/4379/3914
f 4066/4379/3914 4067/4380/3915 4058/4371/3906
f 4059/4372/3907 4058/4371/3906 4067/4380/3915
f 4067/4380/3915 4068/4381/3916 4059/4372/3907
f 4060/4373/3908 4059/4372/3907 4068/4381/3916
f 4068/4381/3916 4069/4382/3917 4060/4373/3908
f 4061/4374/3909 4060/4373/3908 4069/4382/3917
f 4069/4382/3917 4070/4383/3918 4061/4374/3909
f 4062/4375/3910 4061/4374/3909 4070/4383/3918
f 4070/4383/3918 4071/4384/3919 4062/4375/3910
f 4063/4376/3911 4062/4375/3910 4071/4384/3919
f 4071/4384/3919 4072/4385/3920 4063/4376/3911
f 4064/4377/3912 4063/4376/3911 4072/4385/3920
f 4072/4385/3920 4073/4386/3921 4064/4377/3912
f 4066/4379/3914 4065/4378/3913 4074/4387/2018
f 4067/4380/3915 4066/4379/3914 4074/4387/2018
f 4068/4381/3916 4067/4380/3915 4074/4387/2018
f 4069/4382/3917 4068/4381/3916 4074/4387/2018
f 4070/4383/3918 4069/4382/3917 4074/4387/2018
f 4071/4384/3919 4070/4383/3918 4074/4387/2018
f 4072/4385/3920 4071/4384/3919 4074/4387/2018
f 4073/4386/3921 4072/4385/3920 4074/4387/2018
f 3883/4196/3743 3826/4139/3690 4019/4332/3867
f 4019/4332/3867 4075/4388/3922 3883/4196/3743
f 3884/4197/3744 3883/4196/3743 4075/4388/3922
f 4075/4388/3922 4076/4389/3923 3884/4197/3744
f 3885/4198/3745 3884/4197/3744 4076/4389/3923
f 4076/4389/3923 4077/4390/3924 3885/4198/3745
f 3886/4199/3746 3885/4198/3745 4077/4390/3924
f 4077/4390/3924 4078/4391/3925 3886/4199/3746
f 3887/4200/3747 3886/4199/3746 4078/4391/3925
f 4078/4391/3925 4079/4392/3926 3887/4200/3747
f 3888/4201/3748 3887/4200/3747 4079/4392/3926
f 4079/4392/3926 4080/4393/3927 3888/4201/3748
f 3889/4202/3749 3888/4201/3748 4080/4393/3927
f 4080/4393/3927 4081/4394/3928 3889/4202/3749
f 3890/4203/3750 3889/4202/3749 4081/4394/3928
f 4081/4394/3928 4082/4395/3929 3890/4203/3750
f 4075/4388/3922 4019/4332/3867 4028/4341/3876
f 4028/4341/3876 4083/4396/3930 4075/4388/3922
f 4076/4389/3923 4075/4388/3922 4083/4396/3930
f 4083/4396/3930 4084/4397/3931 4076/4389/3923
f 4077/4390/3924 4076/4389/3923 4084/4397/3931
f 4084/4397/3931 4085/4398/3932 4077/4390/3924
f 4078/4391/3925 4077/4390/3924 4085/4398/3932
f 4085/4398/3932 4086/4399/3933 4078/4391/3925
f 4079/4392/3926 4078/4391/3925 4086/4399/3933
f 4086/4399/3933 4087/4400/3934 4079/4392/3926
f 4080/4393/3927 4079/4392/3926 4087/4400/3934
f 4087/4400/3934 4088/4401/3935 4080/4393/3927
f 4081/4394/3928 4080/4393/3927 4088/4401/3935
f 4088/4401/3935 4089/4402/3936 4081/4394/3928
f 4082/4395/3929 4081/4394/3928 4089/4402/3936
f 4089/4402/3936 4090/4403/3937 4082/4395/3929
f 4083/4396/3930 4028/4341/3876 4037/4350/3885
f 4037/4350/3885 4091/4404/3938 4083/4396/3930
f 4084/4397/3931 4083/4396/3930 4091/4404/3938
f 4091/4404/3938 4092/4405/3939 4084/4397/3931
f 4085/4398/3932 4084/4397/3931 4092/4405/3939
f 4092/4405/3939 4093/4406/3940 4085/4398/3932
f 4086/4399/3933 4085/4398/3932 4093/4406/3940
f 4093/4406/3940 4094/4407/3941 4086/4399/3933
f 4087/4400/3934 4086/4399/3933 4094/4407/3941
f 4094/4407/3941 4095/4408/3942 4087/4400/3934
f 4088/4401/3935 4087/4400/3934 4095/4408/3942
f 4095/4408/3942 4096/4409/3943 4088/4401/3935
f 4089/4402/3936 4088/4401/3935 4096/4409/3943
f 4096/4409/3943 4097/4410/3944 4089/4402/3936
f 4090/4403/3937 4089/4402/3936 4097/4410/3944
f 4097/4410/3944 4098/4411/3945 4090/4403/3937
f 4091/4404/3938 4037/4350/3885 4046/4359/3894
f 4046/4359/3894 4099/4412/3946 4091/4404/3938
f 4092/4405/3939 4091/4404/3938 4099/4412/3946
f 4099/4412/3946 4100/4413/3947 4092/4405/3939
f 4093/4406/3940 4092/4405/3939 4100/4413/3947
f 4100/4413/3947 4101/4414/3948 4093/4406/3940
f 4094/4407/3941 4093/4406/3940 4101/4414/3948
f 4101/4414/3948 4102/4415/3949 4094/4407/3941
f 4095/4408/3942 4094/4407/3941 4102/4415/3949
f 4102/4415/3949 4103/4416/3950 4095/4408/3942
f 4096/4409/3943 4095/4408/3942 4103/4416/3950
f 4103/4416/3950 4104/4417/3951 4096/4409/3943
f 4097/4410/3944 4096/4409/3943 4104/4417/3951
f 4104/4417/3951 4105/4418/3952 4097/4410/3944
f 4098/4411/3945 4097/4410/3944 4105/4418/3952
f 4105/4418/3952 4106/4419/3953 4098/4411/3945
f 4099/4412/3946 4046/4359/3894 4055/4368/3903
f 4055/4368/3903 4107/4420/3954 4099/4412/3946
f 4100/4413/3947 4099/4412/3946 4107/4420/3954
f 4107/4420/3954 4108/4421/3955 4100/4413/3947
f 4101/4414/3948 4100/4413/3947 4108/4421/3955
f 4108/4421/3955 4109/4422/3956 4101/4414/3948
f 4102/4415/3949 4101/4414/3948 4109/4422/3956
f 4109/4422/3956 4110/4423/3957 4102/4415/3949
f 4103/4416/3950 4102/4415/3949 4110/4423/3957
f 4110/4423/3957 4111/4424/3958 4103/4416/3950
f 4104/4417/3951 4103/4416/3950 4111/4424/3958
f 4111/4424/3958 4112/4425/3959 4104/4417/3951
f 4105/4418/3952 4104/4417/3951 4112/4425/3959
f 4112/4425/3959 4113/4426/3960 4105/4418/3952
f 4106/4419/3953 4105/4418/3952 4113/4426/3960
f 4113/4426/3960 4114/4427/3961 4106/4419/3953
f 4107/4420/3954 4055/4368/3903 4064/4377/3912
f 4064/4377/3912 4115/4428/3962 4107/4420/3954
f 4108/4421/3955 4107/4420/3954 4115/4428/3962
f 4115/4428/3962 4116/4429/3963 4108/4421/3955
f 4109/4422/3956 4108/4421/3955 4116/4429/3963
f 4116/4429/3963 4117/4430/3964 4109/4422/3956
f 4110/4423/3957 4109/4422/3956 4117/4430/3964
f 4117/4430/3964 4118/4431/3965 4110/4423/3957
f 4111/4424/3958 4110/4423/3957 4118/4431/3965
f 4118/4431/3965 4119/4432/3966 4111/4424/3958
f 4112/4425/3959 4111/4424/3958 4119/4432/3966
f 4119/4432/3966 4120/4433/3967 4112/4425/3959
f 4113/4426/3960 4112/4425/3959 4120/4433/3967
f 4120/4433/3967 4121/4434/3968 4113/4426/3960
f 4114/4427/3961 4113/4426/3960 4121/4434/3968
f 4121/4434/3968 4122/4435/3969 4114/4427/3961
f 4115/4428/3962 4064/4377/3912 4073/4386/3921
f 4073/4386/3921 4123/4436/3970 4115/4428/3962
f 4116/4429/3963 4115/4428/3962 4123/4436/3970
f 4123/4436/3970 4124/4437/3971 4116/4429/3963
f 4117/4430/3964 4116/4429/3963 4124/4437/3971
f 4124/4437/3971 4125/4438/3972 4117/4430/3964
f 4118/4431/3965 4117/4430/3964 4125/4438/3972
f 4125/4438/3972 4126/4439/3973 4118/4431/3965
f 4119/4432/3966 4118/4431/3965 4126/4439/3973
f 4126/4439/3973 4127/4440/3974 4119/4432/3966
f 4120/4433/3967 4119/4432/3966 4127/4440/3974
f 4127/4440/3974 4128/4441/3975 4120/4433/3967
f 4121/4434/3968 4120/4433/3967 4128/4441/3975
f 4128/4441/3975 4129/4442/3976 4121/4434/3968
f 4122/4435/3969 4121/4434/3968 4129/4442/3976
f 4129/4442/3976 4130/4443/3977 4122/4435/3969
f 4123/4436/3970 4073/4386/3921 4074/4387/2018
f 4124/4437/3971 4123/4436/3970 4074/4387/2018
f 4125/4438/3972 4124/4437/3971 4074/4387/2018
f 4126/4439/3973 4125/4438/3972 4074/4387/2018
f 4127/4440/3974 4126/4439/3973 4074/4387/2018
f 4128/4441/3975 4127/4440/3974 4074/4387/2018
f 4129/4442/3976 4128/4441/3975 4074/4387/2018
f 4130/4443/3977 4129/4442/3976 4074/4387/2018
f 4131/4444/3978 3947/4260/3801 3948/4261/3802
f 3948/4261/3802 4132/4445/3979 4131/4444/3978
f 4132/4445/3979 3948/4261/3802 3949/4262/3803
f 3949/4262/3803 4133/4446/3980 4132/4445/3979
f 4133/4446/3980 3949/4262/3803 3950/4263/3804
f 3950/4263/3804 4134/4447/3981 4133/4446/3980
f 4134/4447/3981 3950/4263/3804 3951/4264/3805
f 3951/4264/3805 4135/4448/3982 4134/4447/3981
f 4135/4448/3982 3951/4264/3805 3952/4265/3806
f 3952/4265/3806 4136/4449/3983 4135/4448/3982
f 4136/4449/3983 3952/4265/3806 3953/4266/3807
f 3953/4266/3807 4137/4450/3984 4136/4449/3983
f 4137/4450/3984 3953/4266/3807 3954/4267/3808
f 3954/4267/3808 4138/4451/3985 4137/4450/3984
f 4138/4451/3985 3954/4267/3808 3890/4203/3750
f 3890/4203/3750 4082/4395/3929 4138/4451/3985
f 4139/4452/3986 4131/4444/3978 4132/4445/3979
f 4132/4445/3979 4140/4453/3987 4139/4452/3986
f 4140/4453/3987 4132/4445/3979 4133/4446/3980
f 4133/4446/3980 4141/4454/3988 4140/4453/3987
f 4141/4454/3988 4133/4446/3980 4134/4447/3981
f 4134/4447/3981 4142/4455/3989 4141/4454/3988
f 4142/4455/3989 4134/4447/3981 4135/4448/3982
f 4135/4448/3982 4143/4456/3990 4142/4455/3989
f 4143/4456/3990 4135/4448/3982 4136/4449/3983
f 4136/4449/3983 4144/4457/3991 4143/4456/3990
f 4144/4457/3991 4136/4449/3983 4137/4450/3984
f 4137/4450/3984 4145/4458/3992 4144/4457/3991
f 4145/4458/3992 4137/4450/3984 4138/4451/3985
f 4138/4451/3985 4146/4459/3993 4145/4458/3992
f 4146/4459/3993 4138/4451/3985 4082/4395/3929
f 4082/4395/3929 4090/4403/3937 4146/4459/3993
f 4147/4460/3994 4139/4452/3986 4140/4453/3987
f 4140/4453/3987 4148/4461/3995 4147/4460/3994
f 4148/4461/3995 4140/4453/3987 4141/4454/3988
f 4141/4454/3988 4149/4462/3996 4148/4461/3995
f 4149/4462/3996 4141/4454/3988 4142/4455/3989
f 4142/4455/3989 4150/4463/3997 4149/4462/3996
f 4150/4463/3997 4142/4455/3989 4143/4456/3990
f 4143/4456/3990 4151/4464/3998 4150/4463/3997
f 4151/4464/3998 4143/4456/3990 4144/4457/3991
f 4144/4457/3991 4152/4465/3999 4151/4464/3998
f 4152/4465/3999 4144/4457/3991 4145/4458/3992
f 4145/4458/3992 4153/4466/4000 4152/4465/3999
f 4153/4466/4000 4145/4458/3992 4146/4459/3993
f 4146/4459/3993 4154/4467/4001 4153/4466/4000
f 4154/4467/4001 4146/4459/3993 4090/4403/3937
f 4090/4403/3937 4098/4411/3945 4154/4467/4001
f 4155/4468/4002 4147/4460/3994 4148/4461/3995
f 4148/4461/3995 4156/4469/4003 4155/4468/4002
f 4156/4469/4003 4148/4461/3995 4149/4462/3996
f 4149/4462/3996 4157/4470/4004 4156/4469/4003
f 4157/4470/4004 4149/4462/3996 4150/4463/3997
f 4150/4463/3997 4158/4471/4005 4157/4470/4004
f 4158/4471/4005 4150/4463/3997 4151/4464/3998
f 4151/4464/3998 4159/4472/4006 4158/4471/4005
f 4159/4472/4006 4151/4464/3998 4152/4465/3999
f 4152/4465/3999 4160/4473/4007 4159/4472/4006
f 4160/4473/4007 4152/4465/3999 4153/4466/4000
f 4153/4466/4000 4161/4474/4008 4160/4473/4007
f 4161/4474/4008 4153/4466/4000 4154/4467/4001
f 4154/4467/4001 4162/4475/4009 4161/4474/4008
f 4162/4475/4009 4154/4467/4001 4098/4411/3945
f 4098/4411/3945 4106/4419/3953 4162/4475/4009
f 4163/4476/4010 4155/4468/4002 4156/4469/4003
f 4156/4469/4003 4164/4477/4011 4163/4476/4010
f 4164/4477/4011 4156/4469/4003 4157/4470/4004
f 4157/4470/4004 4165/4478/4012 4164/4477/4011
f 4165/4478/4012 4157/4470/4004 4158/4471/4005
f 4158/4471/4005 4166/4479/4013 4165/4478/4012
f 4166/4479/4013 4158/4471/4005 4159/4472/4006
f 4159/4472/4006 4167/4480/4014 4166/4479/4013
f 4167/4480/4014 4159/4472/4006 4160/4473/4007
f 4160/4473/4007 4168/4481/4015 4167/4480/4014
f 4168/4481/4015 4160/4473/4007 4161/4474/4008
f 4161/4474/4008 4169/4482/4016 4168/4481/4015
f 4169/4482/4016 4161/4474/4008 4162/4475/4009
f 4162/4475/4009 4170/4483/4017 4169/4482/4016
f 4170/4483/4017 4162/4475/4009 4106/4419/3953
f 4106/4419/3953 4114/4427/3961 4170/4483/4017
f 4171/4484/4018 4163/4476/4010 4164/4477/4011
f 4164/4477/4011 4172/4485/4019 4171/4484/4018
f 4172/4485/4019 4164/4477/4011 4165/4478/4012
f 4165/4478/4012 4173/4486/4020 4172/4485/4019
f 4173/4486/4020 4165/4478/4012 4166/4479/4013
f 4166/4479/4013 4174/4487/4021 4173/4486/4020
f 4174/4487/4021 4166/4479/4013 4167/4480/4014
f 4167/4480/4014 4175/4488/4022 4174/4487/4021
f 4175/4488/4022 4167/4480/4014 4168/4481/4015
f 4168/4481/4015 4176/4489/4023 4175/4488/4022
f 4176/4489/4023 4168/4481/4015 4169/4482/4016
f 4169/4482/4016 4177/4490/4024 4176/4489/4023
f 4177/4490/4024 4169/4482/4016 4170/4483/4017
f 4170/4483/4017 4178/4491/4025 4177/4490/4024
f 4178/4491/4025 4170/4483/4017 4114/4427/3961
f 4114/4427/3961 4122/4435/3969 4178/4491/4025
f 4179/4492/4026 4171/4484/4018 4172/4485/4019
f 4172/4485/4019 4180/4493/4027 4179/4492/4026
f 4180/4493/4027 4172/4485/4019 4173/4486/4020
f 4173/4486/4020 4181/4494/4028 4180/4493/4027
f 4181/4494/4028 4173/4486/4020 4174/4487/4021
f 4174/4487/4021 4182/4495/4029 4181/4494/4028
f 4182/4495/4029 4174/4487/4021 4175/4488/4022
f 4175/4488/4022 4183/4496/4030 4182/4495/4029
f 4183/4496/4030 4175/4488/4022 4176/4489/4023
f 4176/4489/4023 4184/4497/4031 4183/4496/4030
f 4184/4497/4031 4176/4489/4023 4177/4490/4024
f 4177/4490/4024 4185/4498/4032 4184/4497/4031
f 4185/4498/4032 4177/4490/4024 4178/4491/4025
f 4178/4491/4025 4186/4499/4033 4185/4498/4032
f 4186/4499/4033 4178/4491/4025 4122/4435/3969
f 4122/4435/3969 4130/4443/3977 4186/4499/4033
f 4179/4492/4026 4180/4493/4027 4074/4387/2018
f 4180/4493/4027 4181/4494/4028 4074/4387/2018
f 4181/4494/4028 4182/4495/4029 4074/4387/2018
f 4182/4495/4029 4183/4496/4030 4074/4387/2018
f 4183/4496/4030 4184/4497/4031 4074/4387/2018
f 4184/4497/4031 4185/4498/4032 4074/4387/2018
f 4185/4498/4032 4186/4499/4033 4074/4387/2018
f 4186/4499/4033 4130/4443/3977 4074/4387/2018
f 4011/4324/3859 3818/4131/3682 4004/4317/3852
f 4004/4317/3852 4187/4500/4034 4011/4324/3859
f 4187/4500/4034 4004/4317/3852 4005/4318/3853
f 4005/4318/3853 4188/4501/4035 4187/4500/4034
f 4188/4501/4035 4005/4318/3853 4006/4319/3854
f 4006/4319/3854 4189/4502/4036 4188/4501/4035
f 4189/4502/4036 4006/4319/3854 4007/4320/3855
f 4007/4320/3855 4190/4503/4037 4189/4502/4036
f 4190/4503/4037 4007/4320/3855 4008/4321/3856
f 4008/4321/3856 4191/4504/4038 4190/4503/4037
f 4191/4504/4038 4008/4321/3856 4009/4322/3857
f 4009/4322/3857 4192/4505/4039 4191/4504/4038
f 4192/4505/4039 4009/4322/3857 4010/4323/3858
f 4010/4323/3858 4193/4506/4040 4192/4505/4039
f 4193/4506/4040 4010/4323/3858 3947/4260/3801
f 3947/4260/3801 4131/4444/3978 4193/4506/4040
f 4020/4333/3868 4011/4324/3859 4187/4500/4034
f 4187/4500/4034 4194/4507/4041 4020/4333/3868
f 4194/4507/4041 4187/4500/4034 4188/4501/4035
f 4188/4501/4035 4195/4508/4042 4194/4507/4041
f 4195/4508/4042 4188/4501/4035 4189/4502/4036
f 4189/4502/4036 4196/4509/4043 4195/4508/4042
f 4196/4509/4043 4189/4502/4036 4190/4503/4037
f 4190/4503/4037 4197/4510/4044 4196/4509/4043
f 4197/4510/4044 4190/4503/4037 4191/4504/4038
f 4191/4504/4038 4198/4511/4045 4197/4510/4044
f 4198/4511/4045 4191/4504/4038 4192/4505/4039
f 4192/4505/4039 4199/4512/4046 4198/4511/4045
f 4199/4512/4046 4192/4505/4039 4193/4506/4040
f 4193/4506/4040 4200/4513/4047 4199/4512/4046
f 4200/4513/4047 4193/4506/4040 4131/4444/3978
f 4131/4444/3978 4139/4452/3986 4200/4513/4047
f 4029/4342/3877 4020/4333/3868 4194/4507/4041
f 4194/4507/4041 4201/4514/4048 4029/4342/3877
f 4201/4514/4048 4194/4507/4041 4195/4508/4042
f 4195/4508/4042 4202/4515/4049 4201/4514/4048
f 4202/4515/4049 4195/4508/4042 4196/4509/4043
f 4196/4509/4043 4203/4516/4050 4202/4515/4049
f 4203/4516/4050 4196/4509/4043 4197/4510/4044
f 4197/4510/4044 4204/4517/4051 4203/4516/4050
f 4204/4517/4051 4197/4510/4044 4198/4511/4045
f 4198/4511/4045 4205/4518/4052 4204/4517/4051
f 4205/4518/4052 4198/4511/4045 4199/4512/4046
f 4199/4512/4046 4206/4519/4053 4205/4518/4052
f 4206/4519/4053 4199/4512/4046 4200/4513/4047
f 4200/4513/4047 4207/4520/4054 4206/4519/4053
f 4207/4520/4054 4200/4513/4047 4139/4452/3986
f 4139/4452/3986 4147/4460/3994 4207/4520/4054
f 4038/4351/3886 4029/4342/3877 4201/4514/4048
f 4201/4514/4048 4208/4521/4055 4038/4351/3886
f 4208/4521/4055 4201/4514/4048 4202/4515/4049
f 4202/4515/4049 4209/4522/4056 4208/4521/4055
f 4209/4522/4056 4202/4515/4049 4203/4516/4050
f 4203/4516/4050 4210/4523/4057 4209/4522/4056
f 4210/4523/4057 4203/4516/4050 4204/4517/4051
f 4204/4517/4051 4211/4524/4058 4210/4523/4057
f 4211/4524/4058 4204/4517/4051 4205/4518/4052
f 4205/4518/4052 4212/4525/4059 4211/4524/4058
f 4212/4525/4059 4205/4518/4052 4206/4519/4053
f 4206/4519/4053 4213/4526/4060 4212/4525/4059
f 4213/4526/4060 4206/4519/4053 4207/4520/4054
f 4207/4520/4054 4214/4527/4061 4213/4526/4060
f 4214/4527/4061 4207/4520/4054 4147/4460/3994
f 4147/4460/3994 4155/4468/4002 4214/4527/4061
f 4047/4360/3895 4038/4351/3886 4208/4521/4055
f 4208/4521/4055 4215/4528/4062 4047/4360/3895
f 4215/4528/4062 4208/4521/4055 4209/4522/4056
f 4209/4522/4056 4216/4529/4063 4215/4528/4062
f 4216/4529/4063 4209/4522/4056 4210/4523/4057
f 4210/4523/4057 4217/4530/4064 4216/4529/4063
f 4217/4530/4064 4210/4523/4057 4211/4524/4058
f 4211/4524/4058 4218/4531/4065 4217/4530/4064
f 4218/4531/4065 4211/4524/4058 4212/4525/4059
f 4212/4525/4059 4219/4532/4066 4218/4531/4065
f 4219/4532/4066 4212/4525/4059 4213/4526/4060
f 4213/4526/4060 4220/4533/4067 4219/4532/4066
f 4220/4533/4067 4213/4526/4060 4214/4527/4061
f 4214/4527/4061 4221/4534/4068 4220/4533/4067
f 4221/4534/4068 4214/4527/4061 4155/4468/4002
f 4155/4468/4002 4163/4476/4010 4221/4534/4068
f 4056/4369/3904 4047/4360/3895 4215/4528/4062
f 4215/4528/4062 4222/4535/4069 4056/4369/3904
f 4222/4535/4069 4215/4528/4062 4216/4529/4063
f 4216/4529/4063 4223/4536/4070 4222/4535/4069
f 4223/4536/4070 4216/4529/4063 4217/4530/4064
f 4217/4530/4064 4224/4537/4071 4223/4536/4070
f 4224/4537/4071 4217/4530/4064 4218/4531/4065
f 4218/4531/4065 4225/4538/4072 4224/4537/4071
f 4225/4538/4072 4218/4531/4065 4219/4532/4066
f 4219/4532/4066 4226/4539/4073 4225/4538/4072
f 4226/4539/4073 4219/4532/4066 4220/4533/4067
f 4220/4533/4067 4227/4540/4074 4226/4539/4073
f 4227/4540/4074 4220/4533/4067 4221/4534/4068
f 4221/4534/4068 4228/4541/4075 4227/4540/4074
f 4228/4541/4075 4221/4534/4068 4163/4476/4010
f 4163/4476/4010 4171/4484/4018 4228/4541/4075
f 4065/4378/3913 4056/4369/3904 4222/4535/4069
f 4222/4535/4069 4229/4542/4076 4065/4378/3913
f 4229/4542/4076 4222/4535/4069 4223/4536/4070
f 4223/4536/4070 4230/4543/4077 4229/4542/4076
f 4230/4543/4077 4223/4536/4070 4224/4537/4071
f 4224/4537/4071 4231/4544/4078 4230/4543/4077
f 4231/4544/4078 4224/4537/4071 4225/4538/4072
f 4225/4538/4072 4232/4545/4079 4231/4544/4078
f 4232/4545/4079 4225/4538/4072 4226/4539/4073
f 4226/4539/4073 4233/4546/4080 4232/4545/4079
f 4233/4546/4080 4226/4539/4073 4227/4540/4074
f 4227/4540/4074 4234/4547/4081 4233/4546/4080
f 4234/4547/4081 4227/4540/4074 4228/4541/4075
f 4228/4541/4075 4235/4548/4082 4234/4547/4081
f 4235/4548/4082 4228/4541/4075 4171/4484/4018
f 4171/4484/4018 4179/4492/4026 4235/4548/4082
f 4065/4378/3913 4229/4542/4076 4074/4387/2018
f 4229/4542/4076 4230/4543/4077 4074/4387/2018
f 4230/4543/4077 4231/4544/4078 4074/4387/2018
f 4231/4544/4078 4232/4545/4079 4074/4387/2018
f 4232/4545/4079 4233/4546/4080 4074/4387/2018
f 4233/4546/4080 4234/4547/4081 4074/4387/2018
f 4234/4547/4081 4235/4548/4082 4074/4387/2018
f 4235/4548/4082 4179/4492/4026 4074/4387/2018
